run_id,dataset_file,dataset_label,difficulty,puzzle_index,puzzle,clues_count,benchmark_mode,search_mode,is_locally_valid,classification_basis,observed_classification,observed_classification_detail,solution_count_observed,mask_init_ns,heuristic_ns,permutation_ns,edge_build_ns,pruning_ns,extraction_ns,total_ns
20260421T172600Z,data/unique_easy.txt,unique,easy,0,...81.....2........1.9..7...7..25.934.2............5...975.....563.....4......68.,23,classify_up_to_two,classify,true,classify_up_to_two,Unique,Unique,1,0,0,0,0,0,0,539429
20260421T172600Z,data/unique_easy.txt,unique,easy,0,...81.....2........1.9..7...7..25.934.2............5...975.....563.....4......68.,23,solve_one,first,true,classify_up_to_two,Unique,Unique,1,0,0,0,0,0,0,90360
20260421T172600Z,data/unique_easy.txt,unique,easy,0,...81.....2........1.9..7...7..25.934.2............5...975.....563.....4......68.,23,full_solve_stats,enumerate_all,true,full_solve_stats,Unique,Unique,1,432,48323,28646,7136,24513,1438,123637
20260421T172600Z,data/unique_easy.txt,unique,easy,1,5...634.....7.....1...5.83.....18..7..69......43...9...............7..2.32.64.5..,24,classify_up_to_two,classify,true,classify_up_to_two,Unique,Unique,1,0,0,0,0,0,0,101791
20260421T172600Z,data/unique_easy.txt,unique,easy,1,5...634.....7.....1...5.83.....18..7..69......43...9...............7..2.32.64.5..,24,solve_one,first,true,classify_up_to_two,Unique,Unique,1,0,0,0,0,0,0,91460
20260421T172600Z,data/unique_easy.txt,unique,easy,1,5...634.....7.....1...5.83.....18..7..69......43...9...............7..2.32.64.5..,24,full_solve_stats,enumerate_all,true,full_solve_stats,Unique,Unique,1,449,39929,25024,1786,19640,1083,91644
20260421T172600Z,data/unique_easy.txt,unique,easy,2,..346..2..58.2...1.2.9...8...1....9.2..783.........3....9..6..........56.6..7.21.,26,classify_up_to_two,classify,true,classify_up_to_two,Unique,Unique,1,0,0,0,0,0,0,185483
20260421T172600Z,data/unique_easy.txt,unique,easy,2,..346..2..58.2...1.2.9...8...1....9.2..783.........3....9..6..........56.6..7.21.,26,solve_one,first,true,classify_up_to_two,Unique,Unique,1,0,0,0,0,0,0,245055
20260421T172600Z,data/unique_easy.txt,unique,easy,2,..346..2..58.2...1.2.9...8...1....9.2..783.........3....9..6..........56.6..7.21.,26,full_solve_stats,enumerate_all,true,full_solve_stats,Unique,Unique,1,467,21263,40069,95145,81358,1357,298651
20260421T172600Z,data/unique_easy.txt,unique,easy,3,.......2...75...9.6....4........7....25.961..9......83...6..85.....1.....4.32..7.,23,classify_up_to_two,classify,true,classify_up_to_two,Unique,Unique,1,0,0,0,0,0,0,105587
20260421T172600Z,data/unique_easy.txt,unique,easy,3,.......2...75...9.6....4........7....25.961..9......83...6..85.....1.....4.32..7.,23,solve_one,first,true,classify_up_to_two,Unique,Unique,1,0,0,0,0,0,0,93895
20260421T172600Z,data/unique_easy.txt,unique,easy,3,.......2...75...9.6....4........7....25.961..9......83...6..85.....1.....4.32..7.,23,full_solve_stats,enumerate_all,true,full_solve_stats,Unique,Unique,1,370,51808,29237,1887,19393,1336,107079
20260421T172600Z,data/unique_easy.txt,unique,easy,4,7.98.5...6..1..8.........9.8..4...1.....5..4.2....7..5..6...789.2.9..........3.6.,24,classify_up_to_two,classify,true,classify_up_to_two,Unique,Unique,1,0,0,0,0,0,0,132513
20260421T172600Z,data/unique_easy.txt,unique,easy,4,7.98.5...6..1..8.........9.8..4...1.....5..4.2....7..5..6...789.2.9..........3.6.,24,solve_one,first,true,classify_up_to_two,Unique,Unique,1,0,0,0,0,0,0,124826
20260421T172600Z,data/unique_easy.txt,unique,easy,4,7.98.5...6..1..8.........9.8..4...1.....5..4.2....7..5..6...789.2.9..........3.6.,24,full_solve_stats,enumerate_all,true,full_solve_stats,Unique,Unique,1,482,34928,27718,29946,36095,1392,148176
20260421T172600Z,data/unique_easy.txt,unique,easy,5,.....48..79.58........9.....75....4.1.62.............751.3..2....48....16.24..5..,25,classify_up_to_two,classify,true,classify_up_to_two,Unique,Unique,1,0,0,0,0,0,0,144866
20260421T172600Z,data/unique_easy.txt,unique,easy,5,.....48..79.58........9.....75....4.1.62.............751.3..2....48....16.24..5..,25,solve_one,first,true,classify_up_to_two,Unique,Unique,1,0,0,0,0,0,0,169442
20260421T172600Z,data/unique_easy.txt,unique,easy,5,.....48..79.58........9.....75....4.1.62.............751.3..2....48....16.24..5..,25,full_solve_stats,enumerate_all,true,full_solve_stats,Unique,Unique,1,416,29907,22684,62460,51080,1356,200072
20260421T172600Z,data/unique_easy.txt,unique,easy,6,...8.....86....95.3.9..24.8.....132.6.......52...................19.3.4...2..4.3.,23,classify_up_to_two,classify,true,classify_up_to_two,Unique,Unique,1,0,0,0,0,0,0,960108
20260421T172600Z,data/unique_easy.txt,unique,easy,6,...8.....86....95.3.9..24.8.....132.6.......52...................19.3.4...2..4.3.,23,solve_one,first,true,classify_up_to_two,Unique,Unique,1,0,0,0,0,0,0,570537
20260421T172600Z,data/unique_easy.txt,unique,easy,6,...8.....86....95.3.9..24.8.....132.6.......52...................19.3.4...2..4.3.,23,full_solve_stats,enumerate_all,true,full_solve_stats,Unique,Unique,1,448,16826,55642,333694,87607,1013,652961
20260421T172600Z,data/unique_easy.txt,unique,easy,7,3...6..42.....5....61.3.....8...7..67...2.1.5.9....3......13...5....6.93..74.....,25,classify_up_to_two,classify,true,classify_up_to_two,Unique,Unique,1,0,0,0,0,0,0,81196
20260421T172600Z,data/unique_easy.txt,unique,easy,7,3...6..42.....5....61.3.....8...7..67...2.1.5.9....3......13...5....6.93..74.....,25,solve_one,first,true,classify_up_to_two,Unique,Unique,1,0,0,0,0,0,0,58103
20260421T172600Z,data/unique_easy.txt,unique,easy,7,3...6..42.....5....61.3.....8...7..67...2.1.5.9....3......13...5....6.93..74.....,25,full_solve_stats,enumerate_all,true,full_solve_stats,Unique,Unique,1,300,16824,16501,1457,20558,917,59031
20260421T172600Z,data/unique_easy.txt,unique,easy,8,6.....2...713.....39.4...7...3..289..1..8...4...5..1...6...854.........1..82.....,25,classify_up_to_two,classify,true,classify_up_to_two,Unique,Unique,1,0,0,0,0,0,0,70238
20260421T172600Z,data/unique_easy.txt,unique,easy,8,6.....2...713.....39.4...7...3..289..1..8...4...5..1...6...854.........1..82.....,25,solve_one,first,true,classify_up_to_two,Unique,Unique,1,0,0,0,0,0,0,64105
20260421T172600Z,data/unique_easy.txt,unique,easy,8,6.....2...713.....39.4...7...3..289..1..8...4...5..1...6...854.........1..82.....,25,full_solve_stats,enumerate_all,true,full_solve_stats,Unique,Unique,1,260,22319,22945,1260,13959,932,63930
20260421T172600Z,data/unique_easy.txt,unique,easy,9,5..6..7..38.....4.1..3.4..5.6.8..2..45.2..........157.6...1............8....4.137,26,classify_up_to_two,classify,true,classify_up_to_two,Unique,Unique,1,0,0,0,0,0,0,94663
20260421T172600Z,data/unique_easy.txt,unique,easy,9,5..6..7..38.....4.1..3.4..5.6.8..2..45.2..........157.6...1............8....4.137,26,solve_one,first,true,classify_up_to_two,Unique,Unique,1,0,0,0,0,0,0,76458
20260421T172600Z,data/unique_easy.txt,unique,easy,9,5..6..7..38.....4.1..3.4..5.6.8..2..45.2..........157.6...1............8....4.137,26,full_solve_stats,enumerate_all,true,full_solve_stats,Unique,Unique,1,284,13028,23790,11450,19262,869,80962
20260421T172600Z,data/unique_easy.txt,unique,easy,10,..6...51..52.7......761.....8.....5.7....2698..4..7.....926........9.3........16.,25,classify_up_to_two,classify,true,classify_up_to_two,Unique,Unique,1,0,0,0,0,0,0,71871
20260421T172600Z,data/unique_easy.txt,unique,easy,10,..6...51..52.7......761.....8.....5.7....2698..4..7.....926........9.3........16.,25,solve_one,first,true,classify_up_to_two,Unique,Unique,1,0,0,0,0,0,0,57552
20260421T172600Z,data/unique_easy.txt,unique,easy,10,..6...51..52.7......761.....8.....5.7....2698..4..7.....926........9.3........16.,25,full_solve_stats,enumerate_all,true,full_solve_stats,Unique,Unique,1,241,19017,21335,1573,12344,931,58017
20260421T172600Z,data/unique_easy.txt,unique,easy,11,......27..9.2......4.9.6.....6........16.53..2...98...75.46......8...1.....3....7,23,classify_up_to_two,classify,true,classify_up_to_two,Unique,Unique,1,0,0,0,0,0,0,72142
20260421T172600Z,data/unique_easy.txt,unique,easy,11,......27..9.2......4.9.6.....6........16.53..2...98...75.46......8...1.....3....7,23,solve_one,first,true,classify_up_to_two,Unique,Unique,1,0,0,0,0,0,0,57885
20260421T172600Z,data/unique_easy.txt,unique,easy,11,......27..9.2......4.9.6.....6........16.53..2...98...75.46......8...1.....3....7,23,full_solve_stats,enumerate_all,true,full_solve_stats,Unique,Unique,1,223,18436,18077,1418,14542,888,56047
20260421T172600Z,data/unique_easy.txt,unique,easy,12,...86.9.5.8.....217....4..862...543.5...7........4.6......92.8..61...5...........,25,classify_up_to_two,classify,true,classify_up_to_two,Unique,Unique,1,0,0,0,0,0,0,70335
20260421T172600Z,data/unique_easy.txt,unique,easy,12,...86.9.5.8.....217....4..862...543.5...7........4.6......92.8..61...5...........,25,solve_one,first,true,classify_up_to_two,Unique,Unique,1,0,0,0,0,0,0,62070
20260421T172600Z,data/unique_easy.txt,unique,easy,12,...86.9.5.8.....217....4..862...543.5...7........4.6......92.8..61...5...........,25,full_solve_stats,enumerate_all,true,full_solve_stats,Unique,Unique,1,425,31404,25541,1391,13377,878,75985
20260421T172600Z,data/unique_easy.txt,unique,easy,13,39..8.....6...347..7.6.2..3.2.1.......52..9..6....5.....2..7.....9.4.5.....8.....,24,classify_up_to_two,classify,true,classify_up_to_two,Unique,Unique,1,0,0,0,0,0,0,82346
20260421T172600Z,data/unique_easy.txt,unique,easy,13,39..8.....6...347..7.6.2..3.2.1.......52..9..6....5.....2..7.....9.4.5.....8.....,24,solve_one,first,true,classify_up_to_two,Unique,Unique,1,0,0,0,0,0,0,81004
20260421T172600Z,data/unique_easy.txt,unique,easy,13,39..8.....6...347..7.6.2..3.2.1.......52..9..6....5.....2..7.....9.4.5.....8.....,24,full_solve_stats,enumerate_all,true,full_solve_stats,Unique,Unique,1,398,28674,17921,1367,16189,1331,68431
20260421T172600Z,data/unique_easy.txt,unique,easy,14,...82.4..52..4..1.6.......7.4...9.2...25.....9.37....6..8.1.......2...3.........5,23,classify_up_to_two,classify,true,classify_up_to_two,Unique,Unique,1,0,0,0,0,0,0,82026
20260421T172600Z,data/unique_easy.txt,unique,easy,14,...82.4..52..4..1.6.......7.4...9.2...25.....9.37....6..8.1.......2...3.........5,23,solve_one,first,true,classify_up_to_two,Unique,Unique,1,0,0,0,0,0,0,61304
20260421T172600Z,data/unique_easy.txt,unique,easy,14,...82.4..52..4..1.6.......7.4...9.2...25.....9.37....6..8.1.......2...3.........5,23,full_solve_stats,enumerate_all,true,full_solve_stats,Unique,Unique,1,236,15099,22988,9206,15631,792,74623
20260421T172600Z,data/unique_easy.txt,unique,easy,15,.8.....9...5.8.7..7....9..4.16.42....3..9.1.78...3....4.....5...2.5...1.....1.9..,25,classify_up_to_two,classify,true,classify_up_to_two,Unique,Unique,1,0,0,0,0,0,0,74199
20260421T172600Z,data/unique_easy.txt,unique,easy,15,.8.....9...5.8.7..7....9..4.16.42....3..9.1.78...3....4.....5...2.5...1.....1.9..,25,solve_one,first,true,classify_up_to_two,Unique,Unique,1,0,0,0,0,0,0,54439
20260421T172600Z,data/unique_easy.txt,unique,easy,15,.8.....9...5.8.7..7....9..4.16.42....3..9.1.78...3....4.....5...2.5...1.....1.9..,25,full_solve_stats,enumerate_all,true,full_solve_stats,Unique,Unique,1,184,16672,20583,1402,10902,817,53133
20260421T172600Z,data/unique_easy.txt,unique,easy,16,...92...1....57...9..3.6.42.9217...4.3........6...9...4...3....6....8....27...6..,25,classify_up_to_two,classify,true,classify_up_to_two,Unique,Unique,1,0,0,0,0,0,0,67180
20260421T172600Z,data/unique_easy.txt,unique,easy,16,...92...1....57...9..3.6.42.9217...4.3........6...9...4...3....6....8....27...6..,25,solve_one,first,true,classify_up_to_two,Unique,Unique,1,0,0,0,0,0,0,63603
20260421T172600Z,data/unique_easy.txt,unique,easy,16,...92...1....57...9..3.6.42.9217...4.3........6...9...4...3....6....8....27...6..,25,full_solve_stats,enumerate_all,true,full_solve_stats,Unique,Unique,1,413,45086,25573,1475,15669,966,92334
20260421T172600Z,data/unique_easy.txt,unique,easy,17,...2.1.3...1...4..7......95....4.91...43.7...1.69.....6...2...7.5...9...2..6...5.,25,classify_up_to_two,classify,true,classify_up_to_two,Unique,Unique,1,0,0,0,0,0,0,82369
20260421T172600Z,data/unique_easy.txt,unique,easy,17,...2.1.3...1...4..7......95....4.91...43.7...1.69.....6...2...7.5...9...2..6...5.,25,solve_one,first,true,classify_up_to_two,Unique,Unique,1,0,0,0,0,0,0,64139
20260421T172600Z,data/unique_easy.txt,unique,easy,17,...2.1.3...1...4..7......95....4.91...43.7...1.69.....6...2...7.5...9...2..6...5.,25,full_solve_stats,enumerate_all,true,full_solve_stats,Unique,Unique,1,238,13341,17566,9499,15418,835,65891
20260421T172600Z,data/unique_easy.txt,unique,easy,18,93..2..6...2...7..6....89......45..9.4.6.......7.....8.5.......7......2...9..78..,22,classify_up_to_two,classify,true,classify_up_to_two,Unique,Unique,1,0,0,0,0,0,0,71431
20260421T172600Z,data/unique_easy.txt,unique,easy,18,93..2..6...2...7..6....89......45..9.4.6.......7.....8.5.......7......2...9..78..,22,solve_one,first,true,classify_up_to_two,Unique,Unique,1,0,0,0,0,0,0,58706
20260421T172600Z,data/unique_easy.txt,unique,easy,18,93..2..6...2...7..6....89......45..9.4.6.......7.....8.5.......7......2...9..78..,22,full_solve_stats,enumerate_all,true,full_solve_stats,Unique,Unique,1,223,19354,17271,3503,17014,842,64645
20260421T172600Z,data/unique_easy.txt,unique,easy,19,.4.1...39........6.65...2..8..461........847.......9..38...4.1....3.......72.....,23,classify_up_to_two,classify,true,classify_up_to_two,Unique,Unique,1,0,0,0,0,0,0,83822
20260421T172600Z,data/unique_easy.txt,unique,easy,19,.4.1...39........6.65...2..8..461........847.......9..38...4.1....3.......72.....,23,solve_one,first,true,classify_up_to_two,Unique,Unique,1,0,0,0,0,0,0,62994
20260421T172600Z,data/unique_easy.txt,unique,easy,19,.4.1...39........6.65...2..8..461........847.......9..38...4.1....3.......72.....,23,full_solve_stats,enumerate_all,true,full_solve_stats,Unique,Unique,1,265,12702,20792,9088,15011,778,68271
20260421T172600Z,data/unique_easy.txt,unique,easy,20,95..6...4...8.........5..1...6..1..92.....3..4....98...13...7..67...2..........35,23,classify_up_to_two,classify,true,classify_up_to_two,Unique,Unique,1,0,0,0,0,0,0,184978
20260421T172600Z,data/unique_easy.txt,unique,easy,20,95..6...4...8.........5..1...6..1..92.....3..4....98...13...7..67...2..........35,23,solve_one,first,true,classify_up_to_two,Unique,Unique,1,0,0,0,0,0,0,185503
20260421T172600Z,data/unique_easy.txt,unique,easy,20,95..6...4...8.........5..1...6..1..92.....3..4....98...13...7..67...2..........35,23,full_solve_stats,enumerate_all,true,full_solve_stats,Unique,Unique,1,308,9747,66303,65706,41673,865,201489
20260421T172600Z,data/unique_easy.txt,unique,easy,21,7....1..3..5.2.9..3.9...17..........968..2.........6.8....83.1..7.4.....581....9.,25,classify_up_to_two,classify,true,classify_up_to_two,Unique,Unique,1,0,0,0,0,0,0,68488
20260421T172600Z,data/unique_easy.txt,unique,easy,21,7....1..3..5.2.9..3.9...17..........968..2.........6.8....83.1..7.4.....581....9.,25,solve_one,first,true,classify_up_to_two,Unique,Unique,1,0,0,0,0,0,0,52871
20260421T172600Z,data/unique_easy.txt,unique,easy,21,7....1..3..5.2.9..3.9...17..........968..2.........6.8....83.1..7.4.....581....9.,25,full_solve_stats,enumerate_all,true,full_solve_stats,Unique,Unique,1,272,16911,16332,1293,14446,861,52092
20260421T172600Z,data/unique_easy.txt,unique,easy,22,.98...3.2..7.9.....6.32..7............6.89..48....4....8.6..15...14..7.......74..,25,classify_up_to_two,classify,true,classify_up_to_two,Unique,Unique,1,0,0,0,0,0,0,65587
20260421T172600Z,data/unique_easy.txt,unique,easy,22,.98...3.2..7.9.....6.32..7............6.89..48....4....8.6..15...14..7.......74..,25,solve_one,first,true,classify_up_to_two,Unique,Unique,1,0,0,0,0,0,0,49480
20260421T172600Z,data/unique_easy.txt,unique,easy,22,.98...3.2..7.9.....6.32..7............6.89..48....4....8.6..15...14..7.......74..,25,full_solve_stats,enumerate_all,true,full_solve_stats,Unique,Unique,1,354,14133,15174,1799,14365,1115,49456
20260421T172600Z,data/unique_easy.txt,unique,easy,23,...5...2...84.76...1..6....6.....7...81..9..2..7..85..2..8...5..............21.3.,23,classify_up_to_two,classify,true,classify_up_to_two,Unique,Unique,1,0,0,0,0,0,0,73453
20260421T172600Z,data/unique_easy.txt,unique,easy,23,...5...2...84.76...1..6....6.....7...81..9..2..7..85..2..8...5..............21.3.,23,solve_one,first,true,classify_up_to_two,Unique,Unique,1,0,0,0,0,0,0,78614
20260421T172600Z,data/unique_easy.txt,unique,easy,23,...5...2...84.76...1..6....6.....7...81..9..2..7..85..2..8...5..............21.3.,23,full_solve_stats,enumerate_all,true,full_solve_stats,Unique,Unique,1,411,35470,45457,2014,21975,1529,110601
20260421T172600Z,data/unique_easy.txt,unique,easy,24,2.9....8......8..6....9.....5.7..3.4.8..1...2.1.6.37...9.26..5.3..........1..7...,24,classify_up_to_two,classify,true,classify_up_to_two,Unique,Unique,1,0,0,0,0,0,0,102662
20260421T172600Z,data/unique_easy.txt,unique,easy,24,2.9....8......8..6....9.....5.7..3.4.8..1...2.1.6.37...9.26..5.3..........1..7...,24,solve_one,first,true,classify_up_to_two,Unique,Unique,1,0,0,0,0,0,0,84399
20260421T172600Z,data/unique_easy.txt,unique,easy,24,2.9....8......8..6....9.....5.7..3.4.8..1...2.1.6.37...9.26..5.3..........1..7...,24,full_solve_stats,enumerate_all,true,full_solve_stats,Unique,Unique,1,374,41476,19998,1634,18215,1342,85931
20260421T172600Z,data/unique_easy.txt,unique,easy,25,.............8..2..8.3.69.13..2......6.....72.4.1....5..97.....2..5..34......9...,22,classify_up_to_two,classify,true,classify_up_to_two,Unique,Unique,1,0,0,0,0,0,0,109378
20260421T172600Z,data/unique_easy.txt,unique,easy,25,.............8..2..8.3.69.13..2......6.....72.4.1....5..97.....2..5..34......9...,22,solve_one,first,true,classify_up_to_two,Unique,Unique,1,0,0,0,0,0,0,97433
20260421T172600Z,data/unique_easy.txt,unique,easy,25,.............8..2..8.3.69.13..2......6.....72.4.1....5..97.....2..5..34......9...,22,full_solve_stats,enumerate_all,true,full_solve_stats,Unique,Unique,1,397,36926,22664,14055,26548,1331,140196
20260421T172600Z,data/unique_easy.txt,unique,easy,26,....3....16..........1.5........94..42..8..6.7.....5.2..18..6....95....7....6394.,24,classify_up_to_two,classify,true,classify_up_to_two,Unique,Unique,1,0,0,0,0,0,0,258852
20260421T172600Z,data/unique_easy.txt,unique,easy,26,....3....16..........1.5........94..42..8..6.7.....5.2..18..6....95....7....6394.,24,solve_one,first,true,classify_up_to_two,Unique,Unique,1,0,0,0,0,0,0,199868
20260421T172600Z,data/unique_easy.txt,unique,easy,26,....3....16..........1.5........94..42..8..6.7.....5.2..18..6....95....7....6394.,24,full_solve_stats,enumerate_all,true,full_solve_stats,Unique,Unique,1,410,19492,28725,115725,75423,1518,290115
20260421T172600Z,data/unique_easy.txt,unique,easy,27,.4...3...86....7.37...1.........198....4.2.5.......6..6.5.7.824.........23......6,24,classify_up_to_two,classify,true,classify_up_to_two,Unique,Unique,1,0,0,0,0,0,0,120002
20260421T172600Z,data/unique_easy.txt,unique,easy,27,.4...3...86....7.37...1.........198....4.2.5.......6..6.5.7.824.........23......6,24,solve_one,first,true,classify_up_to_two,Unique,Unique,1,0,0,0,0,0,0,112239
20260421T172600Z,data/unique_easy.txt,unique,easy,27,.4...3...86....7.37...1.........198....4.2.5.......6..6.5.7.824.........23......6,24,full_solve_stats,enumerate_all,true,full_solve_stats,Unique,Unique,1,457,27261,21486,27899,33958,1342,139477
20260421T172600Z,data/unique_easy.txt,unique,easy,28,..95....23.......5..5..41....3.7649.6......8...72........79....1...6.......48..6.,24,classify_up_to_two,classify,true,classify_up_to_two,Unique,Unique,1,0,0,0,0,0,0,257050
20260421T172600Z,data/unique_easy.txt,unique,easy,28,..95....23.......5..5..41....3.7649.6......8...72........79....1...6.......48..6.,24,solve_one,first,true,classify_up_to_two,Unique,Unique,1,0,0,0,0,0,0,246538
20260421T172600Z,data/unique_easy.txt,unique,easy,28,..95....23.......5..5..41....3.7649.6......8...72........79....1...6.......48..6.,24,full_solve_stats,enumerate_all,true,full_solve_stats,Unique,Unique,1,431,18160,42059,65755,48475,945,209949
20260421T172600Z,data/unique_easy.txt,unique,easy,29,4.6..5.7...736...4..2.1....1...574.9....8...18.....2.....4..5.6..8.....7..1..9...,26,classify_up_to_two,classify,true,classify_up_to_two,Unique,Unique,1,0,0,0,0,0,0,63185
20260421T172600Z,data/unique_easy.txt,unique,easy,29,4.6..5.7...736...4..2.1....1...574.9....8...18.....2.....4..5.6..8.....7..1..9...,26,solve_one,first,true,classify_up_to_two,Unique,Unique,1,0,0,0,0,0,0,49024
20260421T172600Z,data/unique_easy.txt,unique,easy,29,4.6..5.7...736...4..2.1....1...574.9....8...18.....2.....4..5.6..8.....7..1..9...,26,full_solve_stats,enumerate_all,true,full_solve_stats,Unique,Unique,1,350,11934,15835,1335,12678,898,45151
20260421T172600Z,data/unique_easy.txt,unique,easy,30,...91......93.458.5.......1..71.3.....5.9...6...48..3....2..84.1.3....6......8...,25,classify_up_to_two,classify,true,classify_up_to_two,Unique,Unique,1,0,0,0,0,0,0,49667
20260421T172600Z,data/unique_easy.txt,unique,easy,30,...91......93.458.5.......1..71.3.....5.9...6...48..3....2..84.1.3....6......8...,25,solve_one,first,true,classify_up_to_two,Unique,Unique,1,0,0,0,0,0,0,41839
20260421T172600Z,data/unique_easy.txt,unique,easy,30,...91......93.458.5.......1..71.3.....5.9...6...48..3....2..84.1.3....6......8...,25,full_solve_stats,enumerate_all,true,full_solve_stats,Unique,Unique,1,223,8327,15880,1156,13797,876,41855
20260421T172600Z,data/unique_easy.txt,unique,easy,31,2.....54..9.81.....83.......6...3..5..4....6.3..7...9.....6.7.3...27....5.1.....4,24,classify_up_to_two,classify,true,classify_up_to_two,Unique,Unique,1,0,0,0,0,0,0,70936
20260421T172600Z,data/unique_easy.txt,unique,easy,31,2.....54..9.81.....83.......6...3..5..4....6.3..7...9.....6.7.3...27....5.1.....4,24,solve_one,first,true,classify_up_to_two,Unique,Unique,1,0,0,0,0,0,0,55278
20260421T172600Z,data/unique_easy.txt,unique,easy,31,2.....54..9.81.....83.......6...3..5..4....6.3..7...9.....6.7.3...27....5.1.....4,24,full_solve_stats,enumerate_all,true,full_solve_stats,Unique,Unique,1,221,18251,15929,1325,14503,875,52979
20260421T172600Z,data/unique_easy.txt,unique,easy,32,43.........5.3...9..19...8...4...1...6..7.4....84....7...15..9..9...321.3........,24,classify_up_to_two,classify,true,classify_up_to_two,Unique,Unique,1,0,0,0,0,0,0,79384
20260421T172600Z,data/unique_easy.txt,unique,easy,32,43.........5.3...9..19...8...4...1...6..7.4....84....7...15..9..9...321.3........,24,solve_one,first,true,classify_up_to_two,Unique,Unique,1,0,0,0,0,0,0,55015
20260421T172600Z,data/unique_easy.txt,unique,easy,32,43.........5.3...9..19...8...4...1...6..7.4....84....7...15..9..9...321.3........,24,full_solve_stats,enumerate_all,true,full_solve_stats,Unique,Unique,1,240,18331,17032,1333,12210,886,51707
20260421T172600Z,data/unique_easy.txt,unique,easy,33,9...6......3.5.4...4.7..39..7..8..59....2...14..6.....6..5..........95....1.4..3.,24,classify_up_to_two,classify,true,classify_up_to_two,Unique,Unique,1,0,0,0,0,0,0,164231
20260421T172600Z,data/unique_easy.txt,unique,easy,33,9...6......3.5.4...4.7..39..7..8..59....2...14..6.....6..5..........95....1.4..3.,24,solve_one,first,true,classify_up_to_two,Unique,Unique,1,0,0,0,0,0,0,143597
20260421T172600Z,data/unique_easy.txt,unique,easy,33,9...6......3.5.4...4.7..39..7..8..59....2...14..6.....6..5..........95....1.4..3.,24,full_solve_stats,enumerate_all,true,full_solve_stats,Unique,Unique,1,241,9192,24434,70055,39359,837,171538
20260421T172600Z,data/unique_easy.txt,unique,easy,34,...34...5.9..2...3........454...6..9..3..2.8....5......2..8.93.6.4....7....7.....,23,classify_up_to_two,classify,true,classify_up_to_two,Unique,Unique,1,0,0,0,0,0,0,76657
20260421T172600Z,data/unique_easy.txt,unique,easy,34,...34...5.9..2...3........454...6..9..3..2.8....5......2..8.93.6.4....7....7.....,23,solve_one,first,true,classify_up_to_two,Unique,Unique,1,0,0,0,0,0,0,63453
20260421T172600Z,data/unique_easy.txt,unique,easy,34,...34...5.9..2...3........454...6..9..3..2.8....5......2..8.93.6.4....7....7.....,23,full_solve_stats,enumerate_all,true,full_solve_stats,Unique,Unique,1,394,37059,24962,2064,19592,1664,88975
20260421T172600Z,data/unique_easy.txt,unique,easy,35,......76.3.4....98.69........3.8.6...1..2.....7.........7..9.84.9.3.....8...15..7,24,classify_up_to_two,classify,true,classify_up_to_two,Unique,Unique,1,0,0,0,0,0,0,222543
20260421T172600Z,data/unique_easy.txt,unique,easy,35,......76.3.4....98.69........3.8.6...1..2.....7.........7..9.84.9.3.....8...15..7,24,solve_one,first,true,classify_up_to_two,Unique,Unique,1,0,0,0,0,0,0,196116
20260421T172600Z,data/unique_easy.txt,unique,easy,35,......76.3.4....98.69........3.8.6...1..2.....7.........7..9.84.9.3.....8...15..7,24,full_solve_stats,enumerate_all,true,full_solve_stats,Unique,Unique,1,342,16753,34503,72674,35196,1088,191938
20260421T172600Z,data/unique_easy.txt,unique,easy,36,257..8....9............4.6....5..74.......9..37....5.87.49.......1....3....23.6..,23,classify_up_to_two,classify,true,classify_up_to_two,Unique,Unique,1,0,0,0,0,0,0,58154
20260421T172600Z,data/unique_easy.txt,unique,easy,36,257..8....9............4.6....5..74.......9..37....5.87.49.......1....3....23.6..,23,solve_one,first,true,classify_up_to_two,Unique,Unique,1,0,0,0,0,0,0,45662
20260421T172600Z,data/unique_easy.txt,unique,easy,36,257..8....9............4.6....5..74.......9..37....5.87.49.......1....3....23.6..,23,full_solve_stats,enumerate_all,true,full_solve_stats,Unique,Unique,1,255,10607,15771,1338,13258,882,44331
20260421T172600Z,data/unique_easy.txt,unique,easy,37,..7.9....3.6.4...7.........9.567.1...3...1..6.......74.4.2....1...1.....5.8..3..2,24,classify_up_to_two,classify,true,classify_up_to_two,Unique,Unique,1,0,0,0,0,0,0,51191
20260421T172600Z,data/unique_easy.txt,unique,easy,37,..7.9....3.6.4...7.........9.567.1...3...1..6.......74.4.2....1...1.....5.8..3..2,24,solve_one,first,true,classify_up_to_two,Unique,Unique,1,0,0,0,0,0,0,45635
20260421T172600Z,data/unique_easy.txt,unique,easy,37,..7.9....3.6.4...7.........9.567.1...3...1..6.......74.4.2....1...1.....5.8..3..2,24,full_solve_stats,enumerate_all,true,full_solve_stats,Unique,Unique,1,194,11657,16187,1537,12880,899,45102
20260421T172600Z,data/unique_easy.txt,unique,easy,38,6..34.5....9.5.4.8....8.....61...74....4..3.......6.2.1...6..5.8.4.....77....1...,25,classify_up_to_two,classify,true,classify_up_to_two,Unique,Unique,1,0,0,0,0,0,0,73246
20260421T172600Z,data/unique_easy.txt,unique,easy,38,6..34.5....9.5.4.8....8.....61...74....4..3.......6.2.1...6..5.8.4.....77....1...,25,solve_one,first,true,classify_up_to_two,Unique,Unique,1,0,0,0,0,0,0,56332
20260421T172600Z,data/unique_easy.txt,unique,easy,38,6..34.5....9.5.4.8....8.....61...74....4..3.......6.2.1...6..5.8.4.....77....1...,25,full_solve_stats,enumerate_all,true,full_solve_stats,Unique,Unique,1,194,21607,13406,1585,15623,1087,56310
20260421T172600Z,data/unique_easy.txt,unique,easy,39,8.36.....716.5.4..4.......1....7.....35..4.7....9.6.1....1.....98.2...........32.,24,classify_up_to_two,classify,true,classify_up_to_two,Unique,Unique,1,0,0,0,0,0,0,60021
20260421T172600Z,data/unique_easy.txt,unique,easy,39,8.36.....716.5.4..4.......1....7.....35..4.7....9.6.1....1.....98.2...........32.,24,solve_one,first,true,classify_up_to_two,Unique,Unique,1,0,0,0,0,0,0,48567
20260421T172600Z,data/unique_easy.txt,unique,easy,39,8.36.....716.5.4..4.......1....7.....35..4.7....9.6.1....1.....98.2...........32.,24,full_solve_stats,enumerate_all,true,full_solve_stats,Unique,Unique,1,226,10801,17244,1135,14057,881,46084
20260421T172600Z,data/unique_easy.txt,unique,easy,40,5..42.87.64.......3.8.....5.7...3.41...2......81...2.6.6....91....73.............,24,classify_up_to_two,classify,true,classify_up_to_two,Unique,Unique,1,0,0,0,0,0,0,71208
20260421T172600Z,data/unique_easy.txt,unique,easy,40,5..42.87.64.......3.8.....5.7...3.41...2......81...2.6.6....91....73.............,24,solve_one,first,true,classify_up_to_two,Unique,Unique,1,0,0,0,0,0,0,80674
20260421T172600Z,data/unique_easy.txt,unique,easy,40,5..42.87.64.......3.8.....5.7...3.41...2......81...2.6.6....91....73.............,24,full_solve_stats,enumerate_all,true,full_solve_stats,Unique,Unique,1,303,22823,19777,1528,13777,951,62446
20260421T172600Z,data/unique_easy.txt,unique,easy,41,6.43........5.62.9........73.9..8...51..............759.........2..47.1.7.5..3.6.,24,classify_up_to_two,classify,true,classify_up_to_two,Unique,Unique,1,0,0,0,0,0,0,68392
20260421T172600Z,data/unique_easy.txt,unique,easy,41,6.43........5.62.9........73.9..8...51..............759.........2..47.1.7.5..3.6.,24,solve_one,first,true,classify_up_to_two,Unique,Unique,1,0,0,0,0,0,0,71054
20260421T172600Z,data/unique_easy.txt,unique,easy,41,6.43........5.62.9........73.9..8...51..............759.........2..47.1.7.5..3.6.,24,full_solve_stats,enumerate_all,true,full_solve_stats,Unique,Unique,1,439,38078,37180,2024,18824,1042,101568
20260421T172600Z,data/unique_easy.txt,unique,easy,42,..9.6.....219...8..3...7.9.......154.1........7.........3.1.6.....35.9..89.2...4.,24,classify_up_to_two,classify,true,classify_up_to_two,Unique,Unique,1,0,0,0,0,0,0,63675
20260421T172600Z,data/unique_easy.txt,unique,easy,42,..9.6.....219...8..3...7.9.......154.1........7.........3.1.6.....35.9..89.2...4.,24,solve_one,first,true,classify_up_to_two,Unique,Unique,1,0,0,0,0,0,0,47332
20260421T172600Z,data/unique_easy.txt,unique,easy,42,..9.6.....219...8..3...7.9.......154.1........7.........3.1.6.....35.9..89.2...4.,24,full_solve_stats,enumerate_all,true,full_solve_stats,Unique,Unique,1,286,12855,11303,1395,15101,980,44911
20260421T172600Z,data/unique_easy.txt,unique,easy,43,.6.3.21....47....37......8.2..5......1.....76....1.9.......379...8.....44..6.8.2.,25,classify_up_to_two,classify,true,classify_up_to_two,Unique,Unique,1,0,0,0,0,0,0,93167
20260421T172600Z,data/unique_easy.txt,unique,easy,43,.6.3.21....47....37......8.2..5......1.....76....1.9.......379...8.....44..6.8.2.,25,solve_one,first,true,classify_up_to_two,Unique,Unique,1,0,0,0,0,0,0,134359
20260421T172600Z,data/unique_easy.txt,unique,easy,43,.6.3.21....47....37......8.2..5......1.....76....1.9.......379...8.....44..6.8.2.,25,full_solve_stats,enumerate_all,true,full_solve_stats,Unique,Unique,1,431,62114,22121,6346,21703,1386,122521
20260421T172600Z,data/unique_easy.txt,unique,easy,44,4.9.2..85..7.....6.264.........4..5...5...7..8.2.9............9....321.72...1....,24,classify_up_to_two,classify,true,classify_up_to_two,Unique,Unique,1,0,0,0,0,0,0,178219
20260421T172600Z,data/unique_easy.txt,unique,easy,44,4.9.2..85..7.....6.264.........4..5...5...7..8.2.9............9....321.72...1....,24,solve_one,first,true,classify_up_to_two,Unique,Unique,1,0,0,0,0,0,0,168456
20260421T172600Z,data/unique_easy.txt,unique,easy,44,4.9.2..85..7.....6.264.........4..5...5...7..8.2.9............9....321.72...1....,24,full_solve_stats,enumerate_all,true,full_solve_stats,Unique,Unique,1,444,40651,31047,55047,40930,1425,197015
20260421T172600Z,data/unique_easy.txt,unique,easy,45,.53.8......7.9.2.......2.1..8.....2.512...486........1....2..4..6.1.......46...3.,24,classify_up_to_two,classify,true,classify_up_to_two,Unique,Unique,1,0,0,0,0,0,0,80261
20260421T172600Z,data/unique_easy.txt,unique,easy,45,.53.8......7.9.2.......2.1..8.....2.512...486........1....2..4..6.1.......46...3.,24,solve_one,first,true,classify_up_to_two,Unique,Unique,1,0,0,0,0,0,0,80871
20260421T172600Z,data/unique_easy.txt,unique,easy,45,.53.8......7.9.2.......2.1..8.....2.512...486........1....2..4..6.1.......46...3.,24,full_solve_stats,enumerate_all,true,full_solve_stats,Unique,Unique,1,385,39243,24150,1746,26816,1361,96678
20260421T172600Z,data/unique_easy.txt,unique,easy,46,1..83...5.54.......6.....3..129..6..6..4....9...3.2..748.2.........1.....29..5...,25,classify_up_to_two,classify,true,classify_up_to_two,Unique,Unique,1,0,0,0,0,0,0,70942
20260421T172600Z,data/unique_easy.txt,unique,easy,46,1..83...5.54.......6.....3..129..6..6..4....9...3.2..748.2.........1.....29..5...,25,solve_one,first,true,classify_up_to_two,Unique,Unique,1,0,0,0,0,0,0,67920
20260421T172600Z,data/unique_easy.txt,unique,easy,46,1..83...5.54.......6.....3..129..6..6..4....9...3.2..748.2.........1.....29..5...,25,full_solve_stats,enumerate_all,true,full_solve_stats,Unique,Unique,1,407,26869,19712,1574,17352,1300,70050
20260421T172600Z,data/unique_easy.txt,unique,easy,47,8..2..........6.7...3.9.5............954...2.38.5.79..7.....2641......3......879.,25,classify_up_to_two,classify,true,classify_up_to_two,Unique,Unique,1,0,0,0,0,0,0,81925
20260421T172600Z,data/unique_easy.txt,unique,easy,47,8..2..........6.7...3.9.5............954...2.38.5.79..7.....2641......3......879.,25,solve_one,first,true,classify_up_to_two,Unique,Unique,1,0,0,0,0,0,0,79876
20260421T172600Z,data/unique_easy.txt,unique,easy,47,8..2..........6.7...3.9.5............954...2.38.5.79..7.....2641......3......879.,25,full_solve_stats,enumerate_all,true,full_solve_stats,Unique,Unique,1,433,37881,19671,1543,16863,1294,80536
20260421T172600Z,data/unique_easy.txt,unique,easy,48,.....5...41.7...........2.71........9...245...7368...4.3..6.9....4.9......6....5.,23,classify_up_to_two,classify,true,classify_up_to_two,Unique,Unique,1,0,0,0,0,0,0,69546
20260421T172600Z,data/unique_easy.txt,unique,easy,48,.....5...41.7...........2.71........9...245...7368...4.3..6.9....4.9......6....5.,23,solve_one,first,true,classify_up_to_two,Unique,Unique,1,0,0,0,0,0,0,62651
20260421T172600Z,data/unique_easy.txt,unique,easy,48,.....5...41.7...........2.71........9...245...7368...4.3..6.9....4.9......6....5.,23,full_solve_stats,enumerate_all,true,full_solve_stats,Unique,Unique,1,377,24880,20883,1543,16944,1342,68896
20260421T172600Z,data/unique_easy.txt,unique,easy,49,....627...32.......6.....54....1.5.....3...9.91......8...2.36.584.5....3......8..,24,classify_up_to_two,classify,true,classify_up_to_two,Unique,Unique,1,0,0,0,0,0,0,102021
20260421T172600Z,data/unique_easy.txt,unique,easy,49,....627...32.......6.....54....1.5.....3...9.91......8...2.36.584.5....3......8..,24,solve_one,first,true,classify_up_to_two,Unique,Unique,1,0,0,0,0,0,0,94877
20260421T172600Z,data/unique_easy.txt,unique,easy,49,....627...32.......6.....54....1.5.....3...9.91......8...2.36.584.5....3......8..,24,full_solve_stats,enumerate_all,true,full_solve_stats,Unique,Unique,1,411,44905,23361,16478,25105,1355,130935
20260421T172600Z,data/unique_easy.txt,unique,easy,50,......68..2..7.3.4....32.....1.54..9.8.........91....7256...1.......8..5.3.7.....,24,classify_up_to_two,classify,true,classify_up_to_two,Unique,Unique,1,0,0,0,0,0,0,82473
20260421T172600Z,data/unique_easy.txt,unique,easy,50,......68..2..7.3.4....32.....1.54..9.8.........91....7256...1.......8..5.3.7.....,24,solve_one,first,true,classify_up_to_two,Unique,Unique,1,0,0,0,0,0,0,92708
20260421T172600Z,data/unique_easy.txt,unique,easy,50,......68..2..7.3.4....32.....1.54..9.8.........91....7256...1.......8..5.3.7.....,24,full_solve_stats,enumerate_all,true,full_solve_stats,Unique,Unique,1,395,29002,21290,1545,15649,1137,71381
20260421T172600Z,data/unique_easy.txt,unique,easy,51,29....8.11......39...1..7..3..7....5.2..634...7..9..2.7.6..........28.6......79..,26,classify_up_to_two,classify,true,classify_up_to_two,Unique,Unique,1,0,0,0,0,0,0,58531
20260421T172600Z,data/unique_easy.txt,unique,easy,51,29....8.11......39...1..7..3..7....5.2..634...7..9..2.7.6..........28.6......79..,26,solve_one,first,true,classify_up_to_two,Unique,Unique,1,0,0,0,0,0,0,45851
20260421T172600Z,data/unique_easy.txt,unique,easy,51,29....8.11......39...1..7..3..7....5.2..634...7..9..2.7.6..........28.6......79..,26,full_solve_stats,enumerate_all,true,full_solve_stats,Unique,Unique,1,323,13946,15217,1363,13761,887,47295
20260421T172600Z,data/unique_easy.txt,unique,easy,52,7..1.6.8..6.8..5...2.9.76............1......4..5.4...2..8........9...36.6..78....,23,classify_up_to_two,classify,true,classify_up_to_two,Unique,Unique,1,0,0,0,0,0,0,84386
20260421T172600Z,data/unique_easy.txt,unique,easy,52,7..1.6.8..6.8..5...2.9.76............1......4..5.4...2..8........9...36.6..78....,23,solve_one,first,true,classify_up_to_two,Unique,Unique,1,0,0,0,0,0,0,65056
20260421T172600Z,data/unique_easy.txt,unique,easy,52,7..1.6.8..6.8..5...2.9.76............1......4..5.4...2..8........9...36.6..78....,23,full_solve_stats,enumerate_all,true,full_solve_stats,Unique,Unique,1,302,14598,19989,7365,15330,889,69392
20260421T172600Z,data/unique_easy.txt,unique,easy,53,......5...47...8.2.8...9.1......52977...3...1.1.48..5...6..3...894............9..,25,classify_up_to_two,classify,true,classify_up_to_two,Unique,Unique,1,0,0,0,0,0,0,74562
20260421T172600Z,data/unique_easy.txt,unique,easy,53,......5...47...8.2.8...9.1......52977...3...1.1.48..5...6..3...894............9..,25,solve_one,first,true,classify_up_to_two,Unique,Unique,1,0,0,0,0,0,0,96241
20260421T172600Z,data/unique_easy.txt,unique,easy,53,......5...47...8.2.8...9.1......52977...3...1.1.48..5...6..3...894............9..,25,full_solve_stats,enumerate_all,true,full_solve_stats,Unique,Unique,1,322,45119,11130,1301,16534,893,78153
20260421T172600Z,data/unique_easy.txt,unique,easy,54,...2...7.....98.6.97......4.2......93...4.....9..5.4....29.5..7.....78..8..3..2..,24,classify_up_to_two,classify,true,classify_up_to_two,Unique,Unique,1,0,0,0,0,0,0,61628
20260421T172600Z,data/unique_easy.txt,unique,easy,54,...2...7.....98.6.97......4.2......93...4.....9..5.4....29.5..7.....78..8..3..2..,24,solve_one,first,true,classify_up_to_two,Unique,Unique,1,0,0,0,0,0,0,59431
20260421T172600Z,data/unique_easy.txt,unique,easy,54,...2...7.....98.6.97......4.2......93...4.....9..5.4....29.5..7.....78..8..3..2..,24,full_solve_stats,enumerate_all,true,full_solve_stats,Unique,Unique,1,319,19522,16025,1440,15578,913,55677
20260421T172600Z,data/unique_easy.txt,unique,easy,55,7..68......8..5...2...31.5..1.9...2.......543.75.....1......3.4..3...1..9..7.....,24,classify_up_to_two,classify,true,classify_up_to_two,Unique,Unique,1,0,0,0,0,0,0,63011
20260421T172600Z,data/unique_easy.txt,unique,easy,55,7..68......8..5...2...31.5..1.9...2.......543.75.....1......3.4..3...1..9..7.....,24,solve_one,first,true,classify_up_to_two,Unique,Unique,1,0,0,0,0,0,0,49687
20260421T172600Z,data/unique_easy.txt,unique,easy,55,7..68......8..5...2...31.5..1.9...2.......543.75.....1......3.4..3...1..9..7.....,24,full_solve_stats,enumerate_all,true,full_solve_stats,Unique,Unique,1,266,16154,18751,1940,16105,981,56957
20260421T172600Z,data/unique_easy.txt,unique,easy,56,.8.6.4.13..21...4...1.3.......978..2......7.......2.5...64...2...5.8.9...3.2....4,26,classify_up_to_two,classify,true,classify_up_to_two,Unique,Unique,1,0,0,0,0,0,0,254619
20260421T172600Z,data/unique_easy.txt,unique,easy,56,.8.6.4.13..21...4...1.3.......978..2......7.......2.5...64...2...5.8.9...3.2....4,26,solve_one,first,true,classify_up_to_two,Unique,Unique,1,0,0,0,0,0,0,203814
20260421T172600Z,data/unique_easy.txt,unique,easy,56,.8.6.4.13..21...4...1.3.......978..2......7.......2.5...64...2...5.8.9...3.2....4,26,full_solve_stats,enumerate_all,true,full_solve_stats,Unique,Unique,1,293,12651,60297,92026,59231,1052,265287
20260421T172600Z,data/unique_easy.txt,unique,easy,57,..2.9...56...1.....1....9..8.........56..4..2.7.1.658......9..47...4..5..48....27,26,classify_up_to_two,classify,true,classify_up_to_two,Unique,Unique,1,0,0,0,0,0,0,77786
20260421T172600Z,data/unique_easy.txt,unique,easy,57,..2.9...56...1.....1....9..8.........56..4..2.7.1.658......9..47...4..5..48....27,26,solve_one,first,true,classify_up_to_two,Unique,Unique,1,0,0,0,0,0,0,61824
20260421T172600Z,data/unique_easy.txt,unique,easy,57,..2.9...56...1.....1....9..8.........56..4..2.7.1.658......9..47...4..5..48....27,26,full_solve_stats,enumerate_all,true,full_solve_stats,Unique,Unique,1,264,16671,17318,8120,14409,844,65303
20260421T172600Z,data/unique_easy.txt,unique,easy,58,..5.243...8..1....2.3...95........2.....4.6.7...8.359....4.2.1...9..7.......5.4..,25,classify_up_to_two,classify,true,classify_up_to_two,Unique,Unique,1,0,0,0,0,0,0,110649
20260421T172600Z,data/unique_easy.txt,unique,easy,58,..5.243...8..1....2.3...95........2.....4.6.7...8.359....4.2.1...9..7.......5.4..,25,solve_one,first,true,classify_up_to_two,Unique,Unique,1,0,0,0,0,0,0,106698
20260421T172600Z,data/unique_easy.txt,unique,easy,58,..5.243...8..1....2.3...95........2.....4.6.7...8.359....4.2.1...9..7.......5.4..,25,full_solve_stats,enumerate_all,true,full_solve_stats,Unique,Unique,1,339,45242,17715,1385,14284,924,81898
20260421T172600Z,data/unique_easy.txt,unique,easy,59,........4.74....3961.5.......84.1..79.5..7.1....8.......793...8....8......6.759.1,27,classify_up_to_two,classify,true,classify_up_to_two,Unique,Unique,1,0,0,0,0,0,0,86974
20260421T172600Z,data/unique_easy.txt,unique,easy,59,........4.74....3961.5.......84.1..79.5..7.1....8.......793...8....8......6.759.1,27,solve_one,first,true,classify_up_to_two,Unique,Unique,1,0,0,0,0,0,0,69812
20260421T172600Z,data/unique_easy.txt,unique,easy,59,........4.74....3961.5.......84.1..79.5..7.1....8.......793...8....8......6.759.1,27,full_solve_stats,enumerate_all,true,full_solve_stats,Unique,Unique,1,247,8282,19104,13683,21225,849,77246
20260421T172600Z,data/unique_easy.txt,unique,easy,60,9.3.5......6..2..........29...6.7...8.2...34.79.......5.....6.3...39.4.1......7..,23,classify_up_to_two,classify,true,classify_up_to_two,Unique,Unique,1,0,0,0,0,0,0,59040
20260421T172600Z,data/unique_easy.txt,unique,easy,60,9.3.5......6..2..........29...6.7...8.2...34.79.......5.....6.3...39.4.1......7..,23,solve_one,first,true,classify_up_to_two,Unique,Unique,1,0,0,0,0,0,0,44725
20260421T172600Z,data/unique_easy.txt,unique,easy,60,9.3.5......6..2..........29...6.7...8.2...34.79.......5.....6.3...39.4.1......7..,23,full_solve_stats,enumerate_all,true,full_solve_stats,Unique,Unique,1,373,13096,15444,1272,14349,949,47403
20260421T172600Z,data/unique_easy.txt,unique,easy,61,....2.3..4.3.9...7.....69.4.3...9.62214...8...8...3..........1.8...6....1..8.4...,25,classify_up_to_two,classify,true,classify_up_to_two,Unique,Unique,1,0,0,0,0,0,0,57771
20260421T172600Z,data/unique_easy.txt,unique,easy,61,....2.3..4.3.9...7.....69.4.3...9.62214...8...8...3..........1.8...6....1..8.4...,25,solve_one,first,true,classify_up_to_two,Unique,Unique,1,0,0,0,0,0,0,44534
20260421T172600Z,data/unique_easy.txt,unique,easy,61,....2.3..4.3.9...7.....69.4.3...9.62214...8...8...3..........1.8...6....1..8.4...,25,full_solve_stats,enumerate_all,true,full_solve_stats,Unique,Unique,1,400,28055,17206,1345,14537,911,64553
20260421T172600Z,data/unique_easy.txt,unique,easy,62,8.21...5......2..4.31....9.........5...6.92.8.4..1......4..86..7..9.....6.3...9..,24,classify_up_to_two,classify,true,classify_up_to_two,Unique,Unique,1,0,0,0,0,0,0,96540
20260421T172600Z,data/unique_easy.txt,unique,easy,62,8.21...5......2..4.31....9.........5...6.92.8.4..1......4..86..7..9.....6.3...9..,24,solve_one,first,true,classify_up_to_two,Unique,Unique,1,0,0,0,0,0,0,80685
20260421T172600Z,data/unique_easy.txt,unique,easy,62,8.21...5......2..4.31....9.........5...6.92.8.4..1......4..86..7..9.....6.3...9..,24,full_solve_stats,enumerate_all,true,full_solve_stats,Unique,Unique,1,252,15875,21855,23908,22143,855,93583
20260421T172600Z,data/unique_easy.txt,unique,easy,63,...6.......617.....24....5.5.3..1..2.8...6..42....9.....1.....5....574.9......32.,24,classify_up_to_two,classify,true,classify_up_to_two,Unique,Unique,1,0,0,0,0,0,0,102725
20260421T172600Z,data/unique_easy.txt,unique,easy,63,...6.......617.....24....5.5.3..1..2.8...6..42....9.....1.....5....574.9......32.,24,solve_one,first,true,classify_up_to_two,Unique,Unique,1,0,0,0,0,0,0,79054
20260421T172600Z,data/unique_easy.txt,unique,easy,63,...6.......617.....24....5.5.3..1..2.8...6..42....9.....1.....5....574.9......32.,24,full_solve_stats,enumerate_all,true,full_solve_stats,Unique,Unique,1,200,8392,17505,24895,21578,911,93139
20260421T172600Z,data/unique_easy.txt,unique,easy,64,..14573....7.9.6....3....2.7....9.4........8126..........3.67.......8.....6.75...,24,classify_up_to_two,classify,true,classify_up_to_two,Unique,Unique,1,0,0,0,0,0,0,57114
20260421T172600Z,data/unique_easy.txt,unique,easy,64,..14573....7.9.6....3....2.7....9.4........8126..........3.67.......8.....6.75...,24,solve_one,first,true,classify_up_to_two,Unique,Unique,1,0,0,0,0,0,0,51726
20260421T172600Z,data/unique_easy.txt,unique,easy,64,..14573....7.9.6....3....2.7....9.4........8126..........3.67.......8.....6.75...,24,full_solve_stats,enumerate_all,true,full_solve_stats,Unique,Unique,1,361,26175,17939,1287,13413,870,61731
20260421T172600Z,data/unique_easy.txt,unique,easy,65,.4...25.3......72......4.9..5....1....6813.5.2.46.....87..3.9...6.5.9...5...2....,27,classify_up_to_two,classify,true,classify_up_to_two,Unique,Unique,1,0,0,0,0,0,0,53004
20260421T172600Z,data/unique_easy.txt,unique,easy,65,.4...25.3......72......4.9..5....1....6813.5.2.46.....87..3.9...6.5.9...5...2....,27,solve_one,first,true,classify_up_to_two,Unique,Unique,1,0,0,0,0,0,0,50757
20260421T172600Z,data/unique_easy.txt,unique,easy,65,.4...25.3......72......4.9..5....1....6813.5.2.46.....87..3.9...6.5.9...5...2....,27,full_solve_stats,enumerate_all,true,full_solve_stats,Unique,Unique,1,291,14233,18245,1330,12145,860,49427
20260421T172600Z,data/unique_easy.txt,unique,easy,66,.....4.519..7.........5..8....4.2..65...3..1.12.........1.6....294...7...8......5,23,classify_up_to_two,classify,true,classify_up_to_two,Unique,Unique,1,0,0,0,0,0,0,58341
20260421T172600Z,data/unique_easy.txt,unique,easy,66,.....4.519..7.........5..8....4.2..65...3..1.12.........1.6....294...7...8......5,23,solve_one,first,true,classify_up_to_two,Unique,Unique,1,0,0,0,0,0,0,47313
20260421T172600Z,data/unique_easy.txt,unique,easy,66,.....4.519..7.........5..8....4.2..65...3..1.12.........1.6....294...7...8......5,23,full_solve_stats,enumerate_all,true,full_solve_stats,Unique,Unique,1,227,13534,14409,1277,13175,890,45327
20260421T172600Z,data/unique_easy.txt,unique,easy,67,.36..87....1....285.2......42.6.....35...........459.....98.........71..1.3....7.,24,classify_up_to_two,classify,true,classify_up_to_two,Unique,Unique,1,0,0,0,0,0,0,67536
20260421T172600Z,data/unique_easy.txt,unique,easy,67,.36..87....1....285.2......42.6.....35...........459.....98.........71..1.3....7.,24,solve_one,first,true,classify_up_to_two,Unique,Unique,1,0,0,0,0,0,0,59683
20260421T172600Z,data/unique_easy.txt,unique,easy,67,.36..87....1....285.2......42.6.....35...........459.....98.........71..1.3....7.,24,full_solve_stats,enumerate_all,true,full_solve_stats,Unique,Unique,1,163,17205,15618,1474,13097,783,50214
20260421T172600Z,data/unique_easy.txt,unique,easy,68,...1....44......7.6...39....2.....93..1..8.........4...8..5.9....5.7..81...2...36,23,classify_up_to_two,classify,true,classify_up_to_two,Unique,Unique,1,0,0,0,0,0,0,145499
20260421T172600Z,data/unique_easy.txt,unique,easy,68,...1....44......7.6...39....2.....93..1..8.........4...8..5.9....5.7..81...2...36,23,solve_one,first,true,classify_up_to_two,Unique,Unique,1,0,0,0,0,0,0,144389
20260421T172600Z,data/unique_easy.txt,unique,easy,68,...1....44......7.6...39....2.....93..1..8.........4...8..5.9....5.7..81...2...36,23,full_solve_stats,enumerate_all,true,full_solve_stats,Unique,Unique,1,235,12335,38036,49911,38440,912,168796
20260421T172600Z,data/unique_easy.txt,unique,easy,69,..1....38....57....6.......5..1.86....9.6.8....854..7...5..14...3.....1...7.3..5.,25,classify_up_to_two,classify,true,classify_up_to_two,Unique,Unique,1,0,0,0,0,0,0,62581
20260421T172600Z,data/unique_easy.txt,unique,easy,69,..1....38....57....6.......5..1.86....9.6.8....854..7...5..14...3.....1...7.3..5.,25,solve_one,first,true,classify_up_to_two,Unique,Unique,1,0,0,0,0,0,0,50395
20260421T172600Z,data/unique_easy.txt,unique,easy,69,..1....38....57....6.......5..1.86....9.6.8....854..7...5..14...3.....1...7.3..5.,25,full_solve_stats,enumerate_all,true,full_solve_stats,Unique,Unique,1,217,9831,16978,4229,13270,877,59320
20260421T172600Z,data/unique_easy.txt,unique,easy,70,2...561...7...8...6....4....56..7.2..9.8.5.4...7.3....1.8....94..5.....8........1,25,classify_up_to_two,classify,true,classify_up_to_two,Unique,Unique,1,0,0,0,0,0,0,62761
20260421T172600Z,data/unique_easy.txt,unique,easy,70,2...561...7...8...6....4....56..7.2..9.8.5.4...7.3....1.8....94..5.....8........1,25,solve_one,first,true,classify_up_to_two,Unique,Unique,1,0,0,0,0,0,0,51851
20260421T172600Z,data/unique_easy.txt,unique,easy,70,2...561...7...8...6....4....56..7.2..9.8.5.4...7.3....1.8....94..5.....8........1,25,full_solve_stats,enumerate_all,true,full_solve_stats,Unique,Unique,1,170,16595,15866,1259,14931,883,51630
20260421T172600Z,data/unique_easy.txt,unique,easy,71,.....28451...8....3..........721....6..7..9....5..9.1381...6.....9.7...8.......34,25,classify_up_to_two,classify,true,classify_up_to_two,Unique,Unique,1,0,0,0,0,0,0,62865
20260421T172600Z,data/unique_easy.txt,unique,easy,71,.....28451...8....3..........721....6..7..9....5..9.1381...6.....9.7...8.......34,25,solve_one,first,true,classify_up_to_two,Unique,Unique,1,0,0,0,0,0,0,47126
20260421T172600Z,data/unique_easy.txt,unique,easy,71,.....28451...8....3..........721....6..7..9....5..9.1381...6.....9.7...8.......34,25,full_solve_stats,enumerate_all,true,full_solve_stats,Unique,Unique,1,199,11960,15297,1238,12845,874,44361
20260421T172600Z,data/unique_easy.txt,unique,easy,72,1..........3.9......64..7....9...2.37..1..9..5.....1.4...8.1.37...7....2..2.49...,24,classify_up_to_two,classify,true,classify_up_to_two,Unique,Unique,1,0,0,0,0,0,0,103603
20260421T172600Z,data/unique_easy.txt,unique,easy,72,1..........3.9......64..7....9...2.37..1..9..5.....1.4...8.1.37...7....2..2.49...,24,solve_one,first,true,classify_up_to_two,Unique,Unique,1,0,0,0,0,0,0,103250
20260421T172600Z,data/unique_easy.txt,unique,easy,72,1..........3.9......64..7....9...2.37..1..9..5.....1.4...8.1.37...7....2..2.49...,24,full_solve_stats,enumerate_all,true,full_solve_stats,Unique,Unique,1,427,21138,22603,27102,28339,870,118887
20260421T172600Z,data/unique_easy.txt,unique,easy,73,.9.3....6..6..1.3.1.....59..64............2..2..483.....7..6..5....9..7.94.1.5...,25,classify_up_to_two,classify,true,classify_up_to_two,Unique,Unique,1,0,0,0,0,0,0,82100
20260421T172600Z,data/unique_easy.txt,unique,easy,73,.9.3....6..6..1.3.1.....59..64............2..2..483.....7..6..5....9..7.94.1.5...,25,solve_one,first,true,classify_up_to_two,Unique,Unique,1,0,0,0,0,0,0,70123
20260421T172600Z,data/unique_easy.txt,unique,easy,73,.9.3....6..6..1.3.1.....59..64............2..2..483.....7..6..5....9..7.94.1.5...,25,full_solve_stats,enumerate_all,true,full_solve_stats,Unique,Unique,1,291,24332,17100,7193,16680,889,77301
20260421T172600Z,data/unique_easy.txt,unique,easy,74,...3.65.1...5....6..89...2.......7.....8....4296.1....9.2.....5.7..346...3.1.....,25,classify_up_to_two,classify,true,classify_up_to_two,Unique,Unique,1,0,0,0,0,0,0,104183
20260421T172600Z,data/unique_easy.txt,unique,easy,74,...3.65.1...5....6..89...2.......7.....8....4296.1....9.2.....5.7..346...3.1.....,25,solve_one,first,true,classify_up_to_two,Unique,Unique,1,0,0,0,0,0,0,74271
20260421T172600Z,data/unique_easy.txt,unique,easy,74,...3.65.1...5....6..89...2.......7.....8....4296.1....9.2.....5.7..346...3.1.....,25,full_solve_stats,enumerate_all,true,full_solve_stats,Unique,Unique,1,238,9014,19665,17247,22873,794,84660
20260421T172600Z,data/unique_easy.txt,unique,easy,75,14...273.8...4......3876.........3.....468.......9.54.........55...2.6...7..81...,25,classify_up_to_two,classify,true,classify_up_to_two,Unique,Unique,1,0,0,0,0,0,0,58416
20260421T172600Z,data/unique_easy.txt,unique,easy,75,14...273.8...4......3876.........3.....468.......9.54.........55...2.6...7..81...,25,solve_one,first,true,classify_up_to_two,Unique,Unique,1,0,0,0,0,0,0,43687
20260421T172600Z,data/unique_easy.txt,unique,easy,75,14...273.8...4......3876.........3.....468.......9.54.........55...2.6...7..81...,25,full_solve_stats,enumerate_all,true,full_solve_stats,Unique,Unique,1,332,11916,15302,1345,14674,1351,47191
20260421T172600Z,data/unique_easy.txt,unique,easy,76,....7..85........3.4..86...2..63...89...1....1....23...92.......5....4..8...61.5.,24,classify_up_to_two,classify,true,classify_up_to_two,Unique,Unique,1,0,0,0,0,0,0,81598
20260421T172600Z,data/unique_easy.txt,unique,easy,76,....7..85........3.4..86...2..63...89...1....1....23...92.......5....4..8...61.5.,24,solve_one,first,true,classify_up_to_two,Unique,Unique,1,0,0,0,0,0,0,67672
20260421T172600Z,data/unique_easy.txt,unique,easy,76,....7..85........3.4..86...2..63...89...1....1....23...92.......5....4..8...61.5.,24,full_solve_stats,enumerate_all,true,full_solve_stats,Unique,Unique,1,199,7591,20501,16024,18548,995,78996
20260421T172600Z,data/unique_easy.txt,unique,easy,77,9....8..3.4.25......216..8........5.1.76.....8...21....8.....2.........4.39...5.7,24,classify_up_to_two,classify,true,classify_up_to_two,Unique,Unique,1,0,0,0,0,0,0,288437
20260421T172600Z,data/unique_easy.txt,unique,easy,77,9....8..3.4.25......216..8........5.1.76.....8...21....8.....2.........4.39...5.7,24,solve_one,first,true,classify_up_to_two,Unique,Unique,1,0,0,0,0,0,0,282852
20260421T172600Z,data/unique_easy.txt,unique,easy,77,9....8..3.4.25......216..8........5.1.76.....8...21....8.....2.........4.39...5.7,24,full_solve_stats,enumerate_all,true,full_solve_stats,Unique,Unique,1,309,12338,81397,127815,61300,998,329047
20260421T172600Z,data/unique_easy.txt,unique,easy,78,..5....74....5....3...9...19......5.....6318.........2..9......1..42.3.6.7.8..21.,24,classify_up_to_two,classify,true,classify_up_to_two,Unique,Unique,1,0,0,0,0,0,0,405160
20260421T172600Z,data/unique_easy.txt,unique,easy,78,..5....74....5....3...9...19......5.....6318.........2..9......1..42.3.6.7.8..21.,24,solve_one,first,true,classify_up_to_two,Unique,Unique,1,0,0,0,0,0,0,382004
20260421T172600Z,data/unique_easy.txt,unique,easy,78,..5....74....5....3...9...19......5.....6318.........2..9......1..42.3.6.7.8..21.,24,full_solve_stats,enumerate_all,true,full_solve_stats,Unique,Unique,1,419,26934,31850,193914,93718,1380,413752
20260421T172600Z,data/unique_easy.txt,unique,easy,79,....4.25..3...6.84.4...3....8.3..9..72.........16........7.9.....5....49..75...3.,24,classify_up_to_two,classify,true,classify_up_to_two,Unique,Unique,1,0,0,0,0,0,0,88608
20260421T172600Z,data/unique_easy.txt,unique,easy,79,....4.25..3...6.84.4...3....8.3..9..72.........16........7.9.....5....49..75...3.,24,solve_one,first,true,classify_up_to_two,Unique,Unique,1,0,0,0,0,0,0,76485
20260421T172600Z,data/unique_easy.txt,unique,easy,79,....4.25..3...6.84.4...3....8.3..9..72.........16........7.9.....5....49..75...3.,24,full_solve_stats,enumerate_all,true,full_solve_stats,Unique,Unique,1,396,31497,16932,1896,17032,1224,72116
20260421T172600Z,data/unique_easy.txt,unique,easy,80,..86......9...1.7.5.7..3.42..9.......4.1..3........28................1.7.5346.8..,23,classify_up_to_two,classify,true,classify_up_to_two,Unique,Unique,1,0,0,0,0,0,0,70227
20260421T172600Z,data/unique_easy.txt,unique,easy,80,..86......9...1.7.5.7..3.42..9.......4.1..3........28................1.7.5346.8..,23,solve_one,first,true,classify_up_to_two,Unique,Unique,1,0,0,0,0,0,0,56329
20260421T172600Z,data/unique_easy.txt,unique,easy,80,..86......9...1.7.5.7..3.42..9.......4.1..3........28................1.7.5346.8..,23,full_solve_stats,enumerate_all,true,full_solve_stats,Unique,Unique,1,263,14040,17058,4826,14648,868,71607
20260421T172600Z,data/unique_easy.txt,unique,easy,81,3...2...7....86....1.9..3..4...7.16......3....2.1..8.5......74........81.9..5....,23,classify_up_to_two,classify,true,classify_up_to_two,Unique,Unique,1,0,0,0,0,0,0,61675
20260421T172600Z,data/unique_easy.txt,unique,easy,81,3...2...7....86....1.9..3..4...7.16......3....2.1..8.5......74........81.9..5....,23,solve_one,first,true,classify_up_to_two,Unique,Unique,1,0,0,0,0,0,0,48736
20260421T172600Z,data/unique_easy.txt,unique,easy,81,3...2...7....86....1.9..3..4...7.16......3....2.1..8.5......74........81.9..5....,23,full_solve_stats,enumerate_all,true,full_solve_stats,Unique,Unique,1,230,11935,15239,1270,13417,900,45014
20260421T172600Z,data/unique_easy.txt,unique,easy,82,8..6....9.....12..3.15...7.27.....6..68.4..........4.7.......84......9..9...8.1.5,24,classify_up_to_two,classify,true,classify_up_to_two,Unique,Unique,1,0,0,0,0,0,0,63585
20260421T172600Z,data/unique_easy.txt,unique,easy,82,8..6....9.....12..3.15...7.27.....6..68.4..........4.7.......84......9..9...8.1.5,24,solve_one,first,true,classify_up_to_two,Unique,Unique,1,0,0,0,0,0,0,51799
20260421T172600Z,data/unique_easy.txt,unique,easy,82,8..6....9.....12..3.15...7.27.....6..68.4..........4.7.......84......9..9...8.1.5,24,full_solve_stats,enumerate_all,true,full_solve_stats,Unique,Unique,1,212,16167,15951,1367,12488,811,48681
20260421T172600Z,data/unique_easy.txt,unique,easy,83,...3..9.5..6.......8.2....3..1.3....2.........6.79.1..1..9.3.54.3..8...2...41....,24,classify_up_to_two,classify,true,classify_up_to_two,Unique,Unique,1,0,0,0,0,0,0,99167
20260421T172600Z,data/unique_easy.txt,unique,easy,83,...3..9.5..6.......8.2....3..1.3....2.........6.79.1..1..9.3.54.3..8...2...41....,24,solve_one,first,true,classify_up_to_two,Unique,Unique,1,0,0,0,0,0,0,83974
20260421T172600Z,data/unique_easy.txt,unique,easy,83,...3..9.5..6.......8.2....3..1.3....2.........6.79.1..1..9.3.54.3..8...2...41....,24,full_solve_stats,enumerate_all,true,full_solve_stats,Unique,Unique,1,198,6919,26123,26423,23455,843,94486
20260421T172600Z,data/unique_easy.txt,unique,easy,84,2.....1764....9...63.5........362..1.....1..8.......5....7..8...2..3.....8.....4.,22,classify_up_to_two,classify,true,classify_up_to_two,Unique,Unique,1,0,0,0,0,0,0,218860
20260421T172600Z,data/unique_easy.txt,unique,easy,84,2.....1764....9...63.5........362..1.....1..8.......5....7..8...2..3.....8.....4.,22,solve_one,first,true,classify_up_to_two,Unique,Unique,1,0,0,0,0,0,0,162738
20260421T172600Z,data/unique_easy.txt,unique,easy,84,2.....1764....9...63.5........362..1.....1..8.......5....7..8...2..3.....8.....4.,22,full_solve_stats,enumerate_all,true,full_solve_stats,Unique,Unique,1,294,17103,31245,62052,39490,872,186175
20260421T172600Z,data/unique_easy.txt,unique,easy,85,..1..3.........8.52..8941....82..4...1.....5..425..7.1......2..9.7.....4...7.6..3,26,classify_up_to_two,classify,true,classify_up_to_two,Unique,Unique,1,0,0,0,0,0,0,49464
20260421T172600Z,data/unique_easy.txt,unique,easy,85,..1..3.........8.52..8941....82..4...1.....5..425..7.1......2..9.7.....4...7.6..3,26,solve_one,first,true,classify_up_to_two,Unique,Unique,1,0,0,0,0,0,0,61285
20260421T172600Z,data/unique_easy.txt,unique,easy,85,..1..3.........8.52..8941....82..4...1.....5..425..7.1......2..9.7.....4...7.6..3,26,full_solve_stats,enumerate_all,true,full_solve_stats,Unique,Unique,1,410,19704,17141,1448,15177,891,56883
20260421T172600Z,data/unique_easy.txt,unique,easy,86,......536....7.......6...8..9.5.8.6...1.3......3794..19..8.....53....4.7..7..9.1.,26,classify_up_to_two,classify,true,classify_up_to_two,Unique,Unique,1,0,0,0,0,0,0,65777
20260421T172600Z,data/unique_easy.txt,unique,easy,86,......536....7.......6...8..9.5.8.6...1.3......3794..19..8.....53....4.7..7..9.1.,26,solve_one,first,true,classify_up_to_two,Unique,Unique,1,0,0,0,0,0,0,52784
20260421T172600Z,data/unique_easy.txt,unique,easy,86,......536....7.......6...8..9.5.8.6...1.3......3794..19..8.....53....4.7..7..9.1.,26,full_solve_stats,enumerate_all,true,full_solve_stats,Unique,Unique,1,225,17856,12462,2000,20073,1598,57641
20260421T172600Z,data/unique_easy.txt,unique,easy,87,4.5.6...713...4......9..8...7823..........3.8..1....9..........21.67......6...53.,24,classify_up_to_two,classify,true,classify_up_to_two,Unique,Unique,1,0,0,0,0,0,0,78307
20260421T172600Z,data/unique_easy.txt,unique,easy,87,4.5.6...713...4......9..8...7823..........3.8..1....9..........21.67......6...53.,24,solve_one,first,true,classify_up_to_two,Unique,Unique,1,0,0,0,0,0,0,73869
20260421T172600Z,data/unique_easy.txt,unique,easy,87,4.5.6...713...4......9..8...7823..........3.8..1....9..........21.67......6...53.,24,full_solve_stats,enumerate_all,true,full_solve_stats,Unique,Unique,1,383,32160,19865,1487,18116,1344,76114
20260421T172600Z,data/unique_easy.txt,unique,easy,88,..1.97..4......6........52.....1894...7.....3.4........2...4.5...6.3..1..7.6..3.2,24,classify_up_to_two,classify,true,classify_up_to_two,Unique,Unique,1,0,0,0,0,0,0,93455
20260421T172600Z,data/unique_easy.txt,unique,easy,88,..1.97..4......6........52.....1894...7.....3.4........2...4.5...6.3..1..7.6..3.2,24,solve_one,first,true,classify_up_to_two,Unique,Unique,1,0,0,0,0,0,0,87218
20260421T172600Z,data/unique_easy.txt,unique,easy,88,..1.97..4......6........52.....1894...7.....3.4........2...4.5...6.3..1..7.6..3.2,24,full_solve_stats,enumerate_all,true,full_solve_stats,Unique,Unique,1,424,45645,20914,1531,17554,1317,90201
20260421T172600Z,data/unique_easy.txt,unique,easy,89,.6...95.2..4....3.83...2.........2.99.....8......4....5.6.2..4...36.........7.3..,22,classify_up_to_two,classify,true,classify_up_to_two,Unique,Unique,1,0,0,0,0,0,0,83318
20260421T172600Z,data/unique_easy.txt,unique,easy,89,.6...95.2..4....3.83...2.........2.99.....8......4....5.6.2..4...36.........7.3..,22,solve_one,first,true,classify_up_to_two,Unique,Unique,1,0,0,0,0,0,0,76620
20260421T172600Z,data/unique_easy.txt,unique,easy,89,.6...95.2..4....3.83...2.........2.99.....8......4....5.6.2..4...36.........7.3..,22,full_solve_stats,enumerate_all,true,full_solve_stats,Unique,Unique,1,414,40431,27588,1482,17360,1317,91262
20260421T172600Z,data/unique_easy.txt,unique,easy,90,...3.......5...9..68.9.4.1.....6.7...2..9.6..1.3....2...415..6...2.........437...,24,classify_up_to_two,classify,true,classify_up_to_two,Unique,Unique,1,0,0,0,0,0,0,89996
20260421T172600Z,data/unique_easy.txt,unique,easy,90,...3.......5...9..68.9.4.1.....6.7...2..9.6..1.3....2...415..6...2.........437...,24,solve_one,first,true,classify_up_to_two,Unique,Unique,1,0,0,0,0,0,0,87870
20260421T172600Z,data/unique_easy.txt,unique,easy,90,...3.......5...9..68.9.4.1.....6.7...2..9.6..1.3....2...415..6...2.........437...,24,full_solve_stats,enumerate_all,true,full_solve_stats,Unique,Unique,1,421,34769,25532,6280,23045,1320,119261
20260421T172600Z,data/unique_easy.txt,unique,easy,91,.7.2...3...6..85......6.8....5872......1......3....7...13.....6.4.3...9.5.79.....,24,classify_up_to_two,classify,true,classify_up_to_two,Unique,Unique,1,0,0,0,0,0,0,122702
20260421T172600Z,data/unique_easy.txt,unique,easy,91,.7.2...3...6..85......6.8....5872......1......3....7...13.....6.4.3...9.5.79.....,24,solve_one,first,true,classify_up_to_two,Unique,Unique,1,0,0,0,0,0,0,107589
20260421T172600Z,data/unique_easy.txt,unique,easy,91,.7.2...3...6..85......6.8....5872......1......3....7...13.....6.4.3...9.5.79.....,24,full_solve_stats,enumerate_all,true,full_solve_stats,Unique,Unique,1,422,50805,24741,19115,25214,1315,132707
20260421T172600Z,data/unique_easy.txt,unique,easy,92,..4...5...2..56....3....1....5.....7......2.9.712.43.....3......1.57....4.....98.,23,classify_up_to_two,classify,true,classify_up_to_two,Unique,Unique,1,0,0,0,0,0,0,109893
20260421T172600Z,data/unique_easy.txt,unique,easy,92,..4...5...2..56....3....1....5.....7......2.9.712.43.....3......1.57....4.....98.,23,solve_one,first,true,classify_up_to_two,Unique,Unique,1,0,0,0,0,0,0,103613
20260421T172600Z,data/unique_easy.txt,unique,easy,92,..4...5...2..56....3....1....5.....7......2.9.712.43.....3......1.57....4.....98.,23,full_solve_stats,enumerate_all,true,full_solve_stats,Unique,Unique,1,401,64011,26372,1569,17219,1277,113656
20260421T172600Z,data/unique_easy.txt,unique,easy,93,.47..123..........83.5....7....5......3..91...8....4.36...8....5...46.9...819....,25,classify_up_to_two,classify,true,classify_up_to_two,Unique,Unique,1,0,0,0,0,0,0,65960
20260421T172600Z,data/unique_easy.txt,unique,easy,93,.47..123..........83.5....7....5......3..91...8....4.36...8....5...46.9...819....,25,solve_one,first,true,classify_up_to_two,Unique,Unique,1,0,0,0,0,0,0,60753
20260421T172600Z,data/unique_easy.txt,unique,easy,93,.47..123..........83.5....7....5......3..91...8....4.36...8....5...46.9...819....,25,full_solve_stats,enumerate_all,true,full_solve_stats,Unique,Unique,1,406,25093,19725,1454,35671,1239,86166
20260421T172600Z,data/unique_easy.txt,unique,easy,94,..5.1.28.....76.1........536........2...685......4...8...3...26........9..4..23..,23,classify_up_to_two,classify,true,classify_up_to_two,Unique,Unique,1,0,0,0,0,0,0,59801
20260421T172600Z,data/unique_easy.txt,unique,easy,94,..5.1.28.....76.1........536........2...685......4...8...3...26........9..4..23..,23,solve_one,first,true,classify_up_to_two,Unique,Unique,1,0,0,0,0,0,0,115865
20260421T172600Z,data/unique_easy.txt,unique,easy,94,..5.1.28.....76.1........536........2...685......4...8...3...26........9..4..23..,23,full_solve_stats,enumerate_all,true,full_solve_stats,Unique,Unique,1,404,35036,20763,1614,16779,1280,78568
20260421T172600Z,data/unique_easy.txt,unique,easy,95,...8.95..........6....45.....5.2.36......4..2.4..6...796.......8.19.....7......28,23,classify_up_to_two,classify,true,classify_up_to_two,Unique,Unique,1,0,0,0,0,0,0,77856
20260421T172600Z,data/unique_easy.txt,unique,easy,95,...8.95..........6....45.....5.2.36......4..2.4..6...796.......8.19.....7......28,23,solve_one,first,true,classify_up_to_two,Unique,Unique,1,0,0,0,0,0,0,73807
20260421T172600Z,data/unique_easy.txt,unique,easy,95,...8.95..........6....45.....5.2.36......4..2.4..6...796.......8.19.....7......28,23,full_solve_stats,enumerate_all,true,full_solve_stats,Unique,Unique,1,393,35670,17921,1443,16168,1240,75504
20260421T172600Z,data/unique_easy.txt,unique,easy,96,7.3...15.42...93.............614..8.............68...3.95..6.2.3....85..2...9.4..,25,classify_up_to_two,classify,true,classify_up_to_two,Unique,Unique,1,0,0,0,0,0,0,83922
20260421T172600Z,data/unique_easy.txt,unique,easy,96,7.3...15.42...93.............614..8.............68...3.95..6.2.3....85..2...9.4..,25,solve_one,first,true,classify_up_to_two,Unique,Unique,1,0,0,0,0,0,0,77898
20260421T172600Z,data/unique_easy.txt,unique,easy,96,7.3...15.42...93.............614..8.............68...3.95..6.2.3....85..2...9.4..,25,full_solve_stats,enumerate_all,true,full_solve_stats,Unique,Unique,1,390,39607,19548,1549,16202,1238,81349
20260421T172600Z,data/unique_easy.txt,unique,easy,97,.....8..352....9...4...65.....2...7..834.....6......41.1....4...6.3.......2..9..5,23,classify_up_to_two,classify,true,classify_up_to_two,Unique,Unique,1,0,0,0,0,0,0,64395
20260421T172600Z,data/unique_easy.txt,unique,easy,97,.....8..352....9...4...65.....2...7..834.....6......41.1....4...6.3.......2..9..5,23,solve_one,first,true,classify_up_to_two,Unique,Unique,1,0,0,0,0,0,0,62732
20260421T172600Z,data/unique_easy.txt,unique,easy,97,.....8..352....9...4...65.....2...7..834.....6......41.1....4...6.3.......2..9..5,23,full_solve_stats,enumerate_all,true,full_solve_stats,Unique,Unique,1,408,23371,18831,1388,15867,1250,63744
20260421T172600Z,data/unique_easy.txt,unique,easy,98,.3..1...418.....3.2....36.....9...15....2...79...65.....64...8.3.........1425....,25,classify_up_to_two,classify,true,classify_up_to_two,Unique,Unique,1,0,0,0,0,0,0,105629
20260421T172600Z,data/unique_easy.txt,unique,easy,98,.3..1...418.....3.2....36.....9...15....2...79...65.....64...8.3.........1425....,25,solve_one,first,true,classify_up_to_two,Unique,Unique,1,0,0,0,0,0,0,93359
20260421T172600Z,data/unique_easy.txt,unique,easy,98,.3..1...418.....3.2....36.....9...15....2...79...65.....64...8.3.........1425....,25,full_solve_stats,enumerate_all,true,full_solve_stats,Unique,Unique,1,425,31518,19469,13084,27015,1275,104593
20260421T172600Z,data/unique_easy.txt,unique,easy,99,....6....2..8..7...4.......43..9.2.7....5.14.........5...6.....71.3.84..8.2.7...9,24,classify_up_to_two,classify,true,classify_up_to_two,Unique,Unique,1,0,0,0,0,0,0,90535
20260421T172600Z,data/unique_easy.txt,unique,easy,99,....6....2..8..7...4.......43..9.2.7....5.14.........5...6.....71.3.84..8.2.7...9,24,solve_one,first,true,classify_up_to_two,Unique,Unique,1,0,0,0,0,0,0,83433
20260421T172600Z,data/unique_easy.txt,unique,easy,99,....6....2..8..7...4.......43..9.2.7....5.14.........5...6.....71.3.84..8.2.7...9,24,full_solve_stats,enumerate_all,true,full_solve_stats,Unique,Unique,1,438,46930,17906,1522,16185,1244,86955
20260421T172600Z,data/unique_medium.txt,unique,medium,0,1..5.37..6.3..8.9......98...1.......8761..........6...........7.8.9.76.47...6.312,27,classify_up_to_two,classify,true,classify_up_to_two,Unique,Unique,1,0,0,0,0,0,0,153337
20260421T172600Z,data/unique_medium.txt,unique,medium,0,1..5.37..6.3..8.9......98...1.......8761..........6...........7.8.9.76.47...6.312,27,solve_one,first,true,classify_up_to_two,Unique,Unique,1,0,0,0,0,0,0,126803
20260421T172600Z,data/unique_medium.txt,unique,medium,0,1..5.37..6.3..8.9......98...1.......8761..........6...........7.8.9.76.47...6.312,27,full_solve_stats,enumerate_all,true,full_solve_stats,Unique,Unique,1,375,16603,20921,26544,36132,935,117853
20260421T172600Z,data/unique_medium.txt,unique,medium,1,........5.2...9....9..2...373..481.....36....58....4...1...358...42.......978...2,26,classify_up_to_two,classify,true,classify_up_to_two,Unique,Unique,1,0,0,0,0,0,0,119091
20260421T172600Z,data/unique_medium.txt,unique,medium,1,........5.2...9....9..2...373..481.....36....58....4...1...358...42.......978...2,26,solve_one,first,true,classify_up_to_two,Unique,Unique,1,0,0,0,0,0,0,96534
20260421T172600Z,data/unique_medium.txt,unique,medium,1,........5.2...9....9..2...373..481.....36....58....4...1...358...42.......978...2,26,full_solve_stats,enumerate_all,true,full_solve_stats,Unique,Unique,1,236,15114,24023,32110,26763,870,120755
20260421T172600Z,data/unique_medium.txt,unique,medium,2,.4.1..............653.....1.8.9..74...24..91.......2.8...562....1..7..6...4..1..3,25,classify_up_to_two,classify,true,classify_up_to_two,Unique,Unique,1,0,0,0,0,0,0,119572
20260421T172600Z,data/unique_medium.txt,unique,medium,2,.4.1..............653.....1.8.9..74...24..91.......2.8...562....1..7..6...4..1..3,25,solve_one,first,true,classify_up_to_two,Unique,Unique,1,0,0,0,0,0,0,103702
20260421T172600Z,data/unique_medium.txt,unique,medium,2,.4.1..............653.....1.8.9..74...24..91.......2.8...562....1..7..6...4..1..3,25,full_solve_stats,enumerate_all,true,full_solve_stats,Unique,Unique,1,249,9737,23170,32948,29795,855,117002
20260421T172600Z,data/unique_medium.txt,unique,medium,3,.75.....34......1....672.....9..16.....3....5.2.56...49.7.4......38.9............,23,classify_up_to_two,classify,true,classify_up_to_two,Unique,Unique,1,0,0,0,0,0,0,2642884
20260421T172600Z,data/unique_medium.txt,unique,medium,3,.75.....34......1....672.....9..16.....3....5.2.56...49.7.4......38.9............,23,solve_one,first,true,classify_up_to_two,Unique,Unique,1,0,0,0,0,0,0,2497528
20260421T172600Z,data/unique_medium.txt,unique,medium,3,.75.....34......1....672.....9..16.....3....5.2.56...49.7.4......38.9............,23,full_solve_stats,enumerate_all,true,full_solve_stats,Unique,Unique,1,835,19538,373181,1726089,471635,1813,3064125
20260421T172600Z,data/unique_medium.txt,unique,medium,4,..3.8.5...4.....9.7..15.4..98...1..5..2.7983...5.6....1....6.5.8.....7..........4,26,classify_up_to_two,classify,true,classify_up_to_two,Unique,Unique,1,0,0,0,0,0,0,151524
20260421T172600Z,data/unique_medium.txt,unique,medium,4,..3.8.5...4.....9.7..15.4..98...1..5..2.7983...5.6....1....6.5.8.....7..........4,26,solve_one,first,true,classify_up_to_two,Unique,Unique,1,0,0,0,0,0,0,135123
20260421T172600Z,data/unique_medium.txt,unique,medium,4,..3.8.5...4.....9.7..15.4..98...1..5..2.7983...5.6....1....6.5.8.....7..........4,26,full_solve_stats,enumerate_all,true,full_solve_stats,Unique,Unique,1,416,24043,30142,26152,58105,1344,150872
20260421T172600Z,data/unique_medium.txt,unique,medium,5,8..9........524.....5.1.67..2......45.17....3.......164....8..1....6...7......89.,24,classify_up_to_two,classify,true,classify_up_to_two,Unique,Unique,1,0,0,0,0,0,0,120813
20260421T172600Z,data/unique_medium.txt,unique,medium,5,8..9........524.....5.1.67..2......45.17....3.......164....8..1....6...7......89.,24,solve_one,first,true,classify_up_to_two,Unique,Unique,1,0,0,0,0,0,0,103879
20260421T172600Z,data/unique_medium.txt,unique,medium,5,8..9........524.....5.1.67..2......45.17....3.......164....8..1....6...7......89.,24,full_solve_stats,enumerate_all,true,full_solve_stats,Unique,Unique,1,385,22286,20507,15800,40683,1285,114821
20260421T172600Z,data/unique_medium.txt,unique,medium,6,............86..79.....54............53.9......67..58.5....2.4327.6.....8.94...5.,24,classify_up_to_two,classify,true,classify_up_to_two,Unique,Unique,1,0,0,0,0,0,0,222112
20260421T172600Z,data/unique_medium.txt,unique,medium,6,............86..79.....54............53.9......67..58.5....2.4327.6.....8.94...5.,24,solve_one,first,true,classify_up_to_two,Unique,Unique,1,0,0,0,0,0,0,203232
20260421T172600Z,data/unique_medium.txt,unique,medium,6,............86..79.....54............53.9......67..58.5....2.4327.6.....8.94...5.,24,full_solve_stats,enumerate_all,true,full_solve_stats,Unique,Unique,1,526,35116,24994,46811,89036,1301,224988
20260421T172600Z,data/unique_medium.txt,unique,medium,7,..61.4.9.35...9......25.........5..8......2...324...718...9.3...95...7...4.7.1...,26,classify_up_to_two,classify,true,classify_up_to_two,Unique,Unique,1,0,0,0,0,0,0,171870
20260421T172600Z,data/unique_medium.txt,unique,medium,7,..61.4.9.35...9......25.........5..8......2...324...718...9.3...95...7...4.7.1...,26,solve_one,first,true,classify_up_to_two,Unique,Unique,1,0,0,0,0,0,0,145533
20260421T172600Z,data/unique_medium.txt,unique,medium,7,..61.4.9.35...9......25.........5..8......2...324...718...9.3...95...7...4.7.1...,26,full_solve_stats,enumerate_all,true,full_solve_stats,Unique,Unique,1,464,67323,29014,12835,42526,1342,166986
20260421T172600Z,data/unique_medium.txt,unique,medium,8,7.82...6...4..8..9..1.5............2..6..1.4.3.....67..4.1.........45.87..5.7...3,25,classify_up_to_two,classify,true,classify_up_to_two,Unique,Unique,1,0,0,0,0,0,0,187617
20260421T172600Z,data/unique_medium.txt,unique,medium,8,7.82...6...4..8..9..1.5............2..6..1.4.3.....67..4.1.........45.87..5.7...3,25,solve_one,first,true,classify_up_to_two,Unique,Unique,1,0,0,0,0,0,0,183010
20260421T172600Z,data/unique_medium.txt,unique,medium,8,7.82...6...4..8..9..1.5............2..6..1.4.3.....67..4.1.........45.87..5.7...3,25,full_solve_stats,enumerate_all,true,full_solve_stats,Unique,Unique,1,477,42341,25135,35338,69596,1322,197910
20260421T172600Z,data/unique_medium.txt,unique,medium,9,....27....13..4.....9..57...8....3..5..9..1......32...651....4...8....9.....4.6.5,24,classify_up_to_two,classify,true,classify_up_to_two,Unique,Unique,1,0,0,0,0,0,0,247744
20260421T172600Z,data/unique_medium.txt,unique,medium,9,....27....13..4.....9..57...8....3..5..9..1......32...651....4...8....9.....4.6.5,24,solve_one,first,true,classify_up_to_two,Unique,Unique,1,0,0,0,0,0,0,213802
20260421T172600Z,data/unique_medium.txt,unique,medium,9,....27....13..4.....9..57...8....3..5..9..1......32...651....4...8....9.....4.6.5,24,full_solve_stats,enumerate_all,true,full_solve_stats,Unique,Unique,1,325,13478,27099,106919,48819,862,241156
20260421T172600Z,data/unique_medium.txt,unique,medium,10,.9.....8.5......96......4..6..34....9......2.2...6..17.1....8...6..17..97...95...,24,classify_up_to_two,classify,true,classify_up_to_two,Unique,Unique,1,0,0,0,0,0,0,73450
20260421T172600Z,data/unique_medium.txt,unique,medium,10,.9.....8.5......96......4..6..34....9......2.2...6..17.1....8...6..17..97...95...,24,solve_one,first,true,classify_up_to_two,Unique,Unique,1,0,0,0,0,0,0,58747
20260421T172600Z,data/unique_medium.txt,unique,medium,10,.9.....8.5......96......4..6..34....9......2.2...6..17.1....8...6..17..97...95...,24,full_solve_stats,enumerate_all,true,full_solve_stats,Unique,Unique,1,227,15547,16387,4926,14613,808,72442
20260421T172600Z,data/unique_medium.txt,unique,medium,11,..7.....34...6..12.....37..1.8.57.......8..6......21...........6...459....9....87,23,classify_up_to_two,classify,true,classify_up_to_two,Unique,Unique,1,0,0,0,0,0,0,309389
20260421T172600Z,data/unique_medium.txt,unique,medium,11,..7.....34...6..12.....37..1.8.57.......8..6......21...........6...459....9....87,23,solve_one,first,true,classify_up_to_two,Unique,Unique,1,0,0,0,0,0,0,281219
20260421T172600Z,data/unique_medium.txt,unique,medium,11,..7.....34...6..12.....37..1.8.57.......8..6......21...........6...459....9....87,23,full_solve_stats,enumerate_all,true,full_solve_stats,Unique,Unique,1,313,13155,28889,80754,180253,867,323288
20260421T172600Z,data/unique_medium.txt,unique,medium,12,1.........9.....6.82.4...9..6....8..2...987...4.27.3.....7...15.....6.3..5....9..,24,classify_up_to_two,classify,true,classify_up_to_two,Unique,Unique,1,0,0,0,0,0,0,81441
20260421T172600Z,data/unique_medium.txt,unique,medium,12,1.........9.....6.82.4...9..6....8..2...987...4.27.3.....7...15.....6.3..5....9..,24,solve_one,first,true,classify_up_to_two,Unique,Unique,1,0,0,0,0,0,0,61423
20260421T172600Z,data/unique_medium.txt,unique,medium,12,1.........9.....6.82.4...9..6....8..2...987...4.27.3.....7...15.....6.3..5....9..,24,full_solve_stats,enumerate_all,true,full_solve_stats,Unique,Unique,1,264,17564,18795,7590,16297,856,69023
20260421T172600Z,data/unique_medium.txt,unique,medium,13,3....5.78...6.7....6..1.4..6.....3.7..49...6.........442............8.51.13..67..,25,classify_up_to_two,classify,true,classify_up_to_two,Unique,Unique,1,0,0,0,0,0,0,148433
20260421T172600Z,data/unique_medium.txt,unique,medium,13,3....5.78...6.7....6..1.4..6.....3.7..49...6.........442............8.51.13..67..,25,solve_one,first,true,classify_up_to_two,Unique,Unique,1,0,0,0,0,0,0,135070
20260421T172600Z,data/unique_medium.txt,unique,medium,13,3....5.78...6.7....6..1.4..6.....3.7..49...6.........442............8.51.13..67..,25,full_solve_stats,enumerate_all,true,full_solve_stats,Unique,Unique,1,300,12798,21360,33986,60385,892,154162
20260421T172600Z,data/unique_medium.txt,unique,medium,14,1..7.8..6.45...2.......1.9...439............8.3.1..........9.7..9...6..5.5.27....,23,classify_up_to_two,classify,true,classify_up_to_two,Unique,Unique,1,0,0,0,0,0,0,447679
20260421T172600Z,data/unique_medium.txt,unique,medium,14,1..7.8..6.45...2.......1.9...439............8.3.1..........9.7..9...6..5.5.27....,23,solve_one,first,true,classify_up_to_two,Unique,Unique,1,0,0,0,0,0,0,478162
20260421T172600Z,data/unique_medium.txt,unique,medium,14,1..7.8..6.45...2.......1.9...439............8.3.1..........9.7..9...6..5.5.27....,23,full_solve_stats,enumerate_all,true,full_solve_stats,Unique,Unique,1,724,11728,44934,273756,82464,1046,481901
20260421T172600Z,data/unique_medium.txt,unique,medium,15,.........68.....49....7...51.8..6...3679..8.....7......4.82..377.5.1..9........2.,25,classify_up_to_two,classify,true,classify_up_to_two,Unique,Unique,1,0,0,0,0,0,0,160550
20260421T172600Z,data/unique_medium.txt,unique,medium,15,.........68.....49....7...51.8..6...3679..8.....7......4.82..377.5.1..9........2.,25,solve_one,first,true,classify_up_to_two,Unique,Unique,1,0,0,0,0,0,0,154509
20260421T172600Z,data/unique_medium.txt,unique,medium,15,.........68.....49....7...51.8..6...3679..8.....7......4.82..377.5.1..9........2.,25,full_solve_stats,enumerate_all,true,full_solve_stats,Unique,Unique,1,253,8520,26812,61458,39732,888,178662
20260421T172600Z,data/unique_medium.txt,unique,medium,16,.4..8.......3...97.3..7..5.5.2.4.7.88.....2.....9..........4...6.78..9....475...1,25,classify_up_to_two,classify,true,classify_up_to_two,Unique,Unique,1,0,0,0,0,0,0,88540
20260421T172600Z,data/unique_medium.txt,unique,medium,16,.4..8.......3...97.3..7..5.5.2.4.7.88.....2.....9..........4...6.78..9....475...1,25,solve_one,first,true,classify_up_to_two,Unique,Unique,1,0,0,0,0,0,0,72367
20260421T172600Z,data/unique_medium.txt,unique,medium,16,.4..8.......3...97.3..7..5.5.2.4.7.88.....2.....9..........4...6.78..9....475...1,25,full_solve_stats,enumerate_all,true,full_solve_stats,Unique,Unique,1,222,10361,23916,8183,22695,949,76907
20260421T172600Z,data/unique_medium.txt,unique,medium,17,...49..6...6....58.5...7..4......53159..8...62.....4.......3....4......2..21.....,23,classify_up_to_two,classify,true,classify_up_to_two,Unique,Unique,1,0,0,0,0,0,0,166198
20260421T172600Z,data/unique_medium.txt,unique,medium,17,...49..6...6....58.5...7..4......53159..8...62.....4.......3....4......2..21.....,23,solve_one,first,true,classify_up_to_two,Unique,Unique,1,0,0,0,0,0,0,175262
20260421T172600Z,data/unique_medium.txt,unique,medium,17,...49..6...6....58.5...7..4......53159..8...62.....4.......3....4......2..21.....,23,full_solve_stats,enumerate_all,true,full_solve_stats,Unique,Unique,1,385,21890,27336,68074,43540,941,192631
20260421T172600Z,data/unique_medium.txt,unique,medium,18,.6497....5....1...9...4.5......32......7..42...8.1..5.735.....969..8..7.......6..,26,classify_up_to_two,classify,true,classify_up_to_two,Unique,Unique,1,0,0,0,0,0,0,136586
20260421T172600Z,data/unique_medium.txt,unique,medium,18,.6497....5....1...9...4.5......32......7..42...8.1..5.735.....969..8..7.......6..,26,solve_one,first,true,classify_up_to_two,Unique,Unique,1,0,0,0,0,0,0,122355
20260421T172600Z,data/unique_medium.txt,unique,medium,18,.6497....5....1...9...4.5......32......7..42...8.1..5.735.....969..8..7.......6..,26,full_solve_stats,enumerate_all,true,full_solve_stats,Unique,Unique,1,296,8229,18261,48225,35472,872,138679
20260421T172600Z,data/unique_medium.txt,unique,medium,19,24..6..7.....91...........1...2....9.1..897..5.9...3...5.62...4.7...865...65.....,26,classify_up_to_two,classify,true,classify_up_to_two,Unique,Unique,1,0,0,0,0,0,0,157520
20260421T172600Z,data/unique_medium.txt,unique,medium,19,24..6..7.....91...........1...2....9.1..897..5.9...3...5.62...4.7...865...65.....,26,solve_one,first,true,classify_up_to_two,Unique,Unique,1,0,0,0,0,0,0,138091
20260421T172600Z,data/unique_medium.txt,unique,medium,19,24..6..7.....91...........1...2....9.1..897..5.9...3...5.62...4.7...865...65.....,26,full_solve_stats,enumerate_all,true,full_solve_stats,Unique,Unique,1,318,10781,24658,28865,71255,827,157020
20260421T172600Z,data/unique_medium.txt,unique,medium,20,.2348.5........3.9...5...4.6...1.2...87.2.....1..3..5........6...82..1.4.3..9....,25,classify_up_to_two,classify,true,classify_up_to_two,Unique,Unique,1,0,0,0,0,0,0,80520
20260421T172600Z,data/unique_medium.txt,unique,medium,20,.2348.5........3.9...5...4.6...1.2...87.2.....1..3..5........6...82..1.4.3..9....,25,solve_one,first,true,classify_up_to_two,Unique,Unique,1,0,0,0,0,0,0,67951
20260421T172600Z,data/unique_medium.txt,unique,medium,20,.2348.5........3.9...5...4.6...1.2...87.2.....1..3..5........6...82..1.4.3..9....,25,full_solve_stats,enumerate_all,true,full_solve_stats,Unique,Unique,1,239,11476,21636,9383,22860,881,75745
20260421T172600Z,data/unique_medium.txt,unique,medium,21,....8....46..1.3......37...94....2.3...9....1..8..46.7..3....7.6......5415.......,24,classify_up_to_two,classify,true,classify_up_to_two,Unique,Unique,1,0,0,0,0,0,0,99014
20260421T172600Z,data/unique_medium.txt,unique,medium,21,....8....46..1.3......37...94....2.3...9....1..8..46.7..3....7.6......5415.......,24,solve_one,first,true,classify_up_to_two,Unique,Unique,1,0,0,0,0,0,0,68588
20260421T172600Z,data/unique_medium.txt,unique,medium,21,....8....46..1.3......37...94....2.3...9....1..8..46.7..3....7.6......5415.......,24,full_solve_stats,enumerate_all,true,full_solve_stats,Unique,Unique,1,199,16041,17993,8815,20236,820,73411
20260421T172600Z,data/unique_medium.txt,unique,medium,22,6..1..2....1.9......8...6..27.6.........47..6...95.8..15..3.4...6...9....3....5.7,25,classify_up_to_two,classify,true,classify_up_to_two,Unique,Unique,1,0,0,0,0,0,0,170704
20260421T172600Z,data/unique_medium.txt,unique,medium,22,6..1..2....1.9......8...6..27.6.........47..6...95.8..15..3.4...6...9....3....5.7,25,solve_one,first,true,classify_up_to_two,Unique,Unique,1,0,0,0,0,0,0,155786
20260421T172600Z,data/unique_medium.txt,unique,medium,22,6..1..2....1.9......8...6..27.6.........47..6...95.8..15..3.4...6...9....3....5.7,25,full_solve_stats,enumerate_all,true,full_solve_stats,Unique,Unique,1,314,9476,17024,39728,69496,887,161403
20260421T172600Z,data/unique_medium.txt,unique,medium,23,..149.7.......79..3..........5...3.9..3.58...........4..76..4..1.2.......3.2.5.87,24,classify_up_to_two,classify,true,classify_up_to_two,Unique,Unique,1,0,0,0,0,0,0,96971
20260421T172600Z,data/unique_medium.txt,unique,medium,23,..149.7.......79..3..........5...3.9..3.58...........4..76..4..1.2.......3.2.5.87,24,solve_one,first,true,classify_up_to_two,Unique,Unique,1,0,0,0,0,0,0,86407
20260421T172600Z,data/unique_medium.txt,unique,medium,23,..149.7.......79..3..........5...3.9..3.58...........4..76..4..1.2.......3.2.5.87,24,full_solve_stats,enumerate_all,true,full_solve_stats,Unique,Unique,1,300,12685,20277,18655,20519,843,95814
20260421T172600Z,data/unique_medium.txt,unique,medium,24,.3..8...54.7...62........8.....24.968...........6.14......59...2.5.16..9.7.......,24,classify_up_to_two,classify,true,classify_up_to_two,Unique,Unique,1,0,0,0,0,0,0,112782
20260421T172600Z,data/unique_medium.txt,unique,medium,24,.3..8...54.7...62........8.....24.968...........6.14......59...2.5.16..9.7.......,24,solve_one,first,true,classify_up_to_two,Unique,Unique,1,0,0,0,0,0,0,96855
20260421T172600Z,data/unique_medium.txt,unique,medium,24,.3..8...54.7...62........8.....24.968...........6.14......59...2.5.16..9.7.......,24,full_solve_stats,enumerate_all,true,full_solve_stats,Unique,Unique,1,290,16893,20424,29377,25962,866,114923
20260421T172600Z,data/unique_medium.txt,unique,medium,25,..14.5...3..2.7.........92.....891....2...43.......8..43.7...8.7.......6.......59,23,classify_up_to_two,classify,true,classify_up_to_two,Unique,Unique,1,0,0,0,0,0,0,82389
20260421T172600Z,data/unique_medium.txt,unique,medium,25,..14.5...3..2.7.........92.....891....2...43.......8..43.7...8.7.......6.......59,23,solve_one,first,true,classify_up_to_two,Unique,Unique,1,0,0,0,0,0,0,109234
20260421T172600Z,data/unique_medium.txt,unique,medium,25,..14.5...3..2.7.........92.....891....2...43.......8..43.7...8.7.......6.......59,23,full_solve_stats,enumerate_all,true,full_solve_stats,Unique,Unique,1,254,13860,38569,20893,23373,1201,105861
20260421T172600Z,data/unique_medium.txt,unique,medium,26,......32.4...1...91.....7..........43.946......827.......9...63...3.25...2.......,22,classify_up_to_two,classify,true,classify_up_to_two,Unique,Unique,1,0,0,0,0,0,0,114981
20260421T172600Z,data/unique_medium.txt,unique,medium,26,......32.4...1...91.....7..........43.946......827.......9...63...3.25...2.......,22,solve_one,first,true,classify_up_to_two,Unique,Unique,1,0,0,0,0,0,0,95039
20260421T172600Z,data/unique_medium.txt,unique,medium,26,......32.4...1...91.....7..........43.946......827.......9...63...3.25...2.......,22,full_solve_stats,enumerate_all,true,full_solve_stats,Unique,Unique,1,229,7543,16548,20674,39776,859,105317
20260421T172600Z,data/unique_medium.txt,unique,medium,27,.8.....74...1.5.3..6..4.8..4.7..3...9...6...8.18..7........61...3...16...4..5....,25,classify_up_to_two,classify,true,classify_up_to_two,Unique,Unique,1,0,0,0,0,0,0,89147
20260421T172600Z,data/unique_medium.txt,unique,medium,27,.8.....74...1.5.3..6..4.8..4.7..3...9...6...8.18..7........61...3...16...4..5....,25,solve_one,first,true,classify_up_to_two,Unique,Unique,1,0,0,0,0,0,0,66162
20260421T172600Z,data/unique_medium.txt,unique,medium,27,.8.....74...1.5.3..6..4.8..4.7..3...9...6...8.18..7........61...3...16...4..5....,25,full_solve_stats,enumerate_all,true,full_solve_stats,Unique,Unique,1,290,11095,22817,6089,22169,789,71894
20260421T172600Z,data/unique_medium.txt,unique,medium,28,.....2.8..4.15.........63.5.3...91..7.4.3...9....41.2......7...8...1..3.1.....67.,25,classify_up_to_two,classify,true,classify_up_to_two,Unique,Unique,1,0,0,0,0,0,0,196774
20260421T172600Z,data/unique_medium.txt,unique,medium,28,.....2.8..4.15.........63.5.3...91..7.4.3...9....41.2......7...8...1..3.1.....67.,25,solve_one,first,true,classify_up_to_two,Unique,Unique,1,0,0,0,0,0,0,182249
20260421T172600Z,data/unique_medium.txt,unique,medium,28,.....2.8..4.15.........63.5.3...91..7.4.3...9....41.2......7...8...1..3.1.....67.,25,full_solve_stats,enumerate_all,true,full_solve_stats,Unique,Unique,1,245,7405,28909,57895,77624,855,201282
20260421T172600Z,data/unique_medium.txt,unique,medium,29,...13....63....8.25............65..1.4..2...62.69...4.8......9..572..3....2.7..5.,26,classify_up_to_two,classify,true,classify_up_to_two,Unique,Unique,1,0,0,0,0,0,0,144530
20260421T172600Z,data/unique_medium.txt,unique,medium,29,...13....63....8.25............65..1.4..2...62.69...4.8......9..572..3....2.7..5.,26,solve_one,first,true,classify_up_to_two,Unique,Unique,1,0,0,0,0,0,0,142659
20260421T172600Z,data/unique_medium.txt,unique,medium,29,...13....63....8.25............65..1.4..2...62.69...4.8......9..572..3....2.7..5.,26,full_solve_stats,enumerate_all,true,full_solve_stats,Unique,Unique,1,412,13843,27790,38604,50776,871,155951
20260421T172600Z,data/unique_medium.txt,unique,medium,30,9.2....1.....6...81....7.3..1...........2.5....3.1..8.4..3.......54....632..98...,23,classify_up_to_two,classify,true,classify_up_to_two,Unique,Unique,1,0,0,0,0,0,0,74671
20260421T172600Z,data/unique_medium.txt,unique,medium,30,9.2....1.....6...81....7.3..1...........2.5....3.1..8.4..3.......54....632..98...,23,solve_one,first,true,classify_up_to_two,Unique,Unique,1,0,0,0,0,0,0,60623
20260421T172600Z,data/unique_medium.txt,unique,medium,30,9.2....1.....6...81....7.3..1...........2.5....3.1..8.4..3.......54....632..98...,23,full_solve_stats,enumerate_all,true,full_solve_stats,Unique,Unique,1,244,15016,16054,8730,15748,864,73017
20260421T172600Z,data/unique_medium.txt,unique,medium,31,7..4........1..96.....3..5....7....9.3.6.2.....9..1..619..4.3..4.....1.82.......7,24,classify_up_to_two,classify,true,classify_up_to_two,Unique,Unique,1,0,0,0,0,0,0,71252
20260421T172600Z,data/unique_medium.txt,unique,medium,31,7..4........1..96.....3..5....7....9.3.6.2.....9..1..619..4.3..4.....1.82.......7,24,solve_one,first,true,classify_up_to_two,Unique,Unique,1,0,0,0,0,0,0,54420
20260421T172600Z,data/unique_medium.txt,unique,medium,31,7..4........1..96.....3..5....7....9.3.6.2.....9..1..619..4.3..4.....1.82.......7,24,full_solve_stats,enumerate_all,true,full_solve_stats,Unique,Unique,1,236,12295,16543,7053,13774,897,59651
20260421T172600Z,data/unique_medium.txt,unique,medium,32,.6.....72.92..1..4...3.9...7...6.....5.94.........7..894.8..5...1...2..........43,24,classify_up_to_two,classify,true,classify_up_to_two,Unique,Unique,1,0,0,0,0,0,0,144997
20260421T172600Z,data/unique_medium.txt,unique,medium,32,.6.....72.92..1..4...3.9...7...6.....5.94.........7..894.8..5...1...2..........43,24,solve_one,first,true,classify_up_to_two,Unique,Unique,1,0,0,0,0,0,0,130229
20260421T172600Z,data/unique_medium.txt,unique,medium,32,.6.....72.92..1..4...3.9...7...6.....5.94.........7..894.8..5...1...2..........43,24,full_solve_stats,enumerate_all,true,full_solve_stats,Unique,Unique,1,236,10136,17673,34172,54555,880,142610
20260421T172600Z,data/unique_medium.txt,unique,medium,33,9...5..1....3..9...4...8..6..8965.........3....51...8.....1..7.61.....2.7...34..9,25,classify_up_to_two,classify,true,classify_up_to_two,Unique,Unique,1,0,0,0,0,0,0,96133
20260421T172600Z,data/unique_medium.txt,unique,medium,33,9...5..1....3..9...4...8..6..8965.........3....51...8.....1..7.61.....2.7...34..9,25,solve_one,first,true,classify_up_to_two,Unique,Unique,1,0,0,0,0,0,0,76293
20260421T172600Z,data/unique_medium.txt,unique,medium,33,9...5..1....3..9...4...8..6..8965.........3....51...8.....1..7.61.....2.7...34..9,25,full_solve_stats,enumerate_all,true,full_solve_stats,Unique,Unique,1,246,12590,18652,12613,22357,863,79961
20260421T172600Z,data/unique_medium.txt,unique,medium,34,..3....8....78...61....34..7..2......19.......6.4..8.765.8..79......4........1.6.,24,classify_up_to_two,classify,true,classify_up_to_two,Unique,Unique,1,0,0,0,0,0,0,113401
20260421T172600Z,data/unique_medium.txt,unique,medium,34,..3....8....78...61....34..7..2......19.......6.4..8.765.8..79......4........1.6.,24,solve_one,first,true,classify_up_to_two,Unique,Unique,1,0,0,0,0,0,0,98764
20260421T172600Z,data/unique_medium.txt,unique,medium,34,..3....8....78...61....34..7..2......19.......6.4..8.765.8..79......4........1.6.,24,full_solve_stats,enumerate_all,true,full_solve_stats,Unique,Unique,1,190,6831,21765,31944,27037,839,109072
20260421T172600Z,data/unique_medium.txt,unique,medium,35,..53.....83......9...9.6..4.....5.4...8.1.63.........1...57.2...1.......9.28..5..,23,classify_up_to_two,classify,true,classify_up_to_two,Unique,Unique,1,0,0,0,0,0,0,110546
20260421T172600Z,data/unique_medium.txt,unique,medium,35,..53.....83......9...9.6..4.....5.4...8.1.63.........1...57.2...1.......9.28..5..,23,solve_one,first,true,classify_up_to_two,Unique,Unique,1,0,0,0,0,0,0,99308
20260421T172600Z,data/unique_medium.txt,unique,medium,35,..53.....83......9...9.6..4.....5.4...8.1.63.........1...57.2...1.......9.28..5..,23,full_solve_stats,enumerate_all,true,full_solve_stats,Unique,Unique,1,254,9410,17382,23907,37447,880,108032
20260421T172600Z,data/unique_medium.txt,unique,medium,36,...6..4.......35.2.3..916..2..7....4.........4.7...35.3.1..4..86......2..8.2.....,24,classify_up_to_two,classify,true,classify_up_to_two,Unique,Unique,1,0,0,0,0,0,0,111769
20260421T172600Z,data/unique_medium.txt,unique,medium,36,...6..4.......35.2.3..916..2..7....4.........4.7...35.3.1..4..86......2..8.2.....,24,solve_one,first,true,classify_up_to_two,Unique,Unique,1,0,0,0,0,0,0,98072
20260421T172600Z,data/unique_medium.txt,unique,medium,36,...6..4.......35.2.3..916..2..7....4.........4.7...35.3.1..4..86......2..8.2.....,24,full_solve_stats,enumerate_all,true,full_solve_stats,Unique,Unique,1,260,8915,17976,32248,26367,865,108097
20260421T172600Z,data/unique_medium.txt,unique,medium,37,....13.......6..2...69....8.4....7..39....8...5.....16..9.7.1...8.53...4..56.....,24,classify_up_to_two,classify,true,classify_up_to_two,Unique,Unique,1,0,0,0,0,0,0,146108
20260421T172600Z,data/unique_medium.txt,unique,medium,37,....13.......6..2...69....8.4....7..39....8...5.....16..9.7.1...8.53...4..56.....,24,solve_one,first,true,classify_up_to_two,Unique,Unique,1,0,0,0,0,0,0,144150
20260421T172600Z,data/unique_medium.txt,unique,medium,37,....13.......6..2...69....8.4....7..39....8...5.....16..9.7.1...8.53...4..56.....,24,full_solve_stats,enumerate_all,true,full_solve_stats,Unique,Unique,1,300,11177,28950,41170,43065,861,153957
20260421T172600Z,data/unique_medium.txt,unique,medium,38,....7.24...95.......2.....597..524...6.3.....82.6...7..1..38.6..........6..1..7..,25,classify_up_to_two,classify,true,classify_up_to_two,Unique,Unique,1,0,0,0,0,0,0,206478
20260421T172600Z,data/unique_medium.txt,unique,medium,38,....7.24...95.......2.....597..524...6.3.....82.6...7..1..38.6..........6..1..7..,25,solve_one,first,true,classify_up_to_two,Unique,Unique,1,0,0,0,0,0,0,185494
20260421T172600Z,data/unique_medium.txt,unique,medium,38,....7.24...95.......2.....597..524...6.3.....82.6...7..1..38.6..........6..1..7..,25,full_solve_stats,enumerate_all,true,full_solve_stats,Unique,Unique,1,313,10468,56728,82046,53989,1096,241214
20260421T172600Z,data/unique_medium.txt,unique,medium,39,....9..54.3...4.8....72...3..3...6.9..........72.....51....8......2.1..8.4695..1.,25,classify_up_to_two,classify,true,classify_up_to_two,Unique,Unique,1,0,0,0,0,0,0,156619
20260421T172600Z,data/unique_medium.txt,unique,medium,39,....9..54.3...4.8....72...3..3...6.9..........72.....51....8......2.1..8.4695..1.,25,solve_one,first,true,classify_up_to_two,Unique,Unique,1,0,0,0,0,0,0,135305
20260421T172600Z,data/unique_medium.txt,unique,medium,39,....9..54.3...4.8....72...3..3...6.9..........72.....51....8......2.1..8.4695..1.,25,full_solve_stats,enumerate_all,true,full_solve_stats,Unique,Unique,1,296,12473,36039,43951,47866,1132,169994
20260421T172600Z,data/unique_medium.txt,unique,medium,40,5...9.8....3..4....7.62.........2..91.83...2...7...4...........9....16...2..8.73.,23,classify_up_to_two,classify,true,classify_up_to_two,Unique,Unique,1,0,0,0,0,0,0,104547
20260421T172600Z,data/unique_medium.txt,unique,medium,40,5...9.8....3..4....7.62.........2..91.83...2...7...4...........9....16...2..8.73.,23,solve_one,first,true,classify_up_to_two,Unique,Unique,1,0,0,0,0,0,0,75359
20260421T172600Z,data/unique_medium.txt,unique,medium,40,5...9.8....3..4....7.62.........2..91.83...2...7...4...........9....16...2..8.73.,23,full_solve_stats,enumerate_all,true,full_solve_stats,Unique,Unique,1,275,19336,19968,7185,20211,840,76092
20260421T172600Z,data/unique_medium.txt,unique,medium,41,.8264.91.4.......5...81...6.564....8........732..8..4........5.....76......3....4,25,classify_up_to_two,classify,true,classify_up_to_two,Unique,Unique,1,0,0,0,0,0,0,89936
20260421T172600Z,data/unique_medium.txt,unique,medium,41,.8264.91.4.......5...81...6.564....8........732..8..4........5.....76......3....4,25,solve_one,first,true,classify_up_to_two,Unique,Unique,1,0,0,0,0,0,0,74245
20260421T172600Z,data/unique_medium.txt,unique,medium,41,.8264.91.4.......5...81...6.564....8........732..8..4........5.....76......3....4,25,full_solve_stats,enumerate_all,true,full_solve_stats,Unique,Unique,1,321,12601,19738,9904,22346,1032,78844
20260421T172600Z,data/unique_medium.txt,unique,medium,42,7......58...6..92...........6..45...4..398..6.83.......3....2..64..7.8.3.....65..,25,classify_up_to_two,classify,true,classify_up_to_two,Unique,Unique,1,0,0,0,0,0,0,77732
20260421T172600Z,data/unique_medium.txt,unique,medium,42,7......58...6..92...........6..45...4..398..6.83.......3....2..64..7.8.3.....65..,25,solve_one,first,true,classify_up_to_two,Unique,Unique,1,0,0,0,0,0,0,67536
20260421T172600Z,data/unique_medium.txt,unique,medium,42,7......58...6..92...........6..45...4..398..6.83.......3....2..64..7.8.3.....65..,25,full_solve_stats,enumerate_all,true,full_solve_stats,Unique,Unique,1,335,19897,16111,8938,16231,851,72492
20260421T172600Z,data/unique_medium.txt,unique,medium,43,....7.61..471..95.8.6.....39.......5.2....1.....4..........4...4.3..92.7.9.8.35..,26,classify_up_to_two,classify,true,classify_up_to_two,Unique,Unique,1,0,0,0,0,0,0,104895
20260421T172600Z,data/unique_medium.txt,unique,medium,43,....7.61..471..95.8.6.....39.......5.2....1.....4..........4...4.3..92.7.9.8.35..,26,solve_one,first,true,classify_up_to_two,Unique,Unique,1,0,0,0,0,0,0,93242
20260421T172600Z,data/unique_medium.txt,unique,medium,43,....7.61..471..95.8.6.....39.......5.2....1.....4..........4...4.3..92.7.9.8.35..,26,full_solve_stats,enumerate_all,true,full_solve_stats,Unique,Unique,1,304,12467,17056,20975,42849,922,109862
20260421T172600Z,data/unique_medium.txt,unique,medium,44,9.8..3..41....5...75..14..8..3.4..9.......4...1..86......7..1.5..9.....7....6..4.,25,classify_up_to_two,classify,true,classify_up_to_two,Unique,Unique,1,0,0,0,0,0,0,78507
20260421T172600Z,data/unique_medium.txt,unique,medium,44,9.8..3..41....5...75..14..8..3.4..9.......4...1..86......7..1.5..9.....7....6..4.,25,solve_one,first,true,classify_up_to_two,Unique,Unique,1,0,0,0,0,0,0,62623
20260421T172600Z,data/unique_medium.txt,unique,medium,44,9.8..3..41....5...75..14..8..3.4..9.......4...1..86......7..1.5..9.....7....6..4.,25,full_solve_stats,enumerate_all,true,full_solve_stats,Unique,Unique,1,271,10094,15572,12681,19152,823,73282
20260421T172600Z,data/unique_medium.txt,unique,medium,45,..2.54.3....6135...7..8......1......43....7.....9.68.3.568.....81......6.....2...,25,classify_up_to_two,classify,true,classify_up_to_two,Unique,Unique,1,0,0,0,0,0,0,110474
20260421T172600Z,data/unique_medium.txt,unique,medium,45,..2.54.3....6135...7..8......1......43....7.....9.68.3.568.....81......6.....2...,25,solve_one,first,true,classify_up_to_two,Unique,Unique,1,0,0,0,0,0,0,96964
20260421T172600Z,data/unique_medium.txt,unique,medium,45,..2.54.3....6135...7..8......1......43....7.....9.68.3.568.....81......6.....2...,25,full_solve_stats,enumerate_all,true,full_solve_stats,Unique,Unique,1,251,6800,22443,23163,34889,822,107129
20260421T172600Z,data/unique_medium.txt,unique,medium,46,.2.9...63.....39....6.8.....8..2.5......9.1.61..7...3...1...6.9..9..4.8.5.......2,25,classify_up_to_two,classify,true,classify_up_to_two,Unique,Unique,1,0,0,0,0,0,0,119602
20260421T172600Z,data/unique_medium.txt,unique,medium,46,.2.9...63.....39....6.8.....8..2.5......9.1.61..7...3...1...6.9..9..4.8.5.......2,25,solve_one,first,true,classify_up_to_two,Unique,Unique,1,0,0,0,0,0,0,105237
20260421T172600Z,data/unique_medium.txt,unique,medium,46,.2.9...63.....39....6.8.....8..2.5......9.1.61..7...3...1...6.9..9..4.8.5.......2,25,full_solve_stats,enumerate_all,true,full_solve_stats,Unique,Unique,1,230,14608,27841,28749,28167,878,110615
20260421T172600Z,data/unique_medium.txt,unique,medium,47,.28.....3.....9...6...5178....6.......63.4.5.3.1...8.....9...2..9.4.7.......6.3..,24,classify_up_to_two,classify,true,classify_up_to_two,Unique,Unique,1,0,0,0,0,0,0,116421
20260421T172600Z,data/unique_medium.txt,unique,medium,47,.28.....3.....9...6...5178....6.......63.4.5.3.1...8.....9...2..9.4.7.......6.3..,24,solve_one,first,true,classify_up_to_two,Unique,Unique,1,0,0,0,0,0,0,99933
20260421T172600Z,data/unique_medium.txt,unique,medium,47,.28.....3.....9...6...5178....6.......63.4.5.3.1...8.....9...2..9.4.7.......6.3..,24,full_solve_stats,enumerate_all,true,full_solve_stats,Unique,Unique,1,251,10641,18778,19073,39602,879,105897
20260421T172600Z,data/unique_medium.txt,unique,medium,48,5.8..3......27...3.....9847.8.3...........56.1.6.2.....5..4..76..1........9..5..2,25,classify_up_to_two,classify,true,classify_up_to_two,Unique,Unique,1,0,0,0,0,0,0,121859
20260421T172600Z,data/unique_medium.txt,unique,medium,48,5.8..3......27...3.....9847.8.3...........56.1.6.2.....5..4..76..1........9..5..2,25,solve_one,first,true,classify_up_to_two,Unique,Unique,1,0,0,0,0,0,0,105546
20260421T172600Z,data/unique_medium.txt,unique,medium,48,5.8..3......27...3.....9847.8.3...........56.1.6.2.....5..4..76..1........9..5..2,25,full_solve_stats,enumerate_all,true,full_solve_stats,Unique,Unique,1,278,13738,16977,20880,49422,831,119873
20260421T172600Z,data/unique_medium.txt,unique,medium,49,......12..9...43..31..5...6.7..2..5.15.3.6.8..46..5..74......9...........8.9..5.2,27,classify_up_to_two,classify,true,classify_up_to_two,Unique,Unique,1,0,0,0,0,0,0,235180
20260421T172600Z,data/unique_medium.txt,unique,medium,49,......12..9...43..31..5...6.7..2..5.15.3.6.8..46..5..74......9...........8.9..5.2,27,solve_one,first,true,classify_up_to_two,Unique,Unique,1,0,0,0,0,0,0,243287
20260421T172600Z,data/unique_medium.txt,unique,medium,49,......12..9...43..31..5...6.7..2..5.15.3.6.8..46..5..74......9...........8.9..5.2,27,full_solve_stats,enumerate_all,true,full_solve_stats,Unique,Unique,1,308,10700,51760,74389,62621,873,235227
20260421T172600Z,data/unique_medium.txt,unique,medium,50,..8..6....6..4..75..5..2..14...5..9.89.71..4...2...3.....42....914..........3..5.,26,classify_up_to_two,classify,true,classify_up_to_two,Unique,Unique,1,0,0,0,0,0,0,73191
20260421T172600Z,data/unique_medium.txt,unique,medium,50,..8..6....6..4..75..5..2..14...5..9.89.71..4...2...3.....42....914..........3..5.,26,solve_one,first,true,classify_up_to_two,Unique,Unique,1,0,0,0,0,0,0,54850
20260421T172600Z,data/unique_medium.txt,unique,medium,50,..8..6....6..4..75..5..2..14...5..9.89.71..4...2...3.....42....914..........3..5.,26,full_solve_stats,enumerate_all,true,full_solve_stats,Unique,Unique,1,238,15765,19601,5075,14899,900,76434
20260421T172600Z,data/unique_medium.txt,unique,medium,51,..1.3..7..726..9....6.....8.1..9.2.....31.4.....8..3..5.7.28...4................6,23,classify_up_to_two,classify,true,classify_up_to_two,Unique,Unique,1,0,0,0,0,0,0,176559
20260421T172600Z,data/unique_medium.txt,unique,medium,51,..1.3..7..726..9....6.....8.1..9.2.....31.4.....8..3..5.7.28...4................6,23,solve_one,first,true,classify_up_to_two,Unique,Unique,1,0,0,0,0,0,0,158435
20260421T172600Z,data/unique_medium.txt,unique,medium,51,..1.3..7..726..9....6.....8.1..9.2.....31.4.....8..3..5.7.28...4................6,23,full_solve_stats,enumerate_all,true,full_solve_stats,Unique,Unique,1,298,7786,23437,73360,45055,872,183399
20260421T172600Z,data/unique_medium.txt,unique,medium,52,23.....5.75.....6.....6...81....869......9..1.......7.8.19.72.....4......6...15..,24,classify_up_to_two,classify,true,classify_up_to_two,Unique,Unique,1,0,0,0,0,0,0,143363
20260421T172600Z,data/unique_medium.txt,unique,medium,52,23.....5.75.....6.....6...81....869......9..1.......7.8.19.72.....4......6...15..,24,solve_one,first,true,classify_up_to_two,Unique,Unique,1,0,0,0,0,0,0,128966
20260421T172600Z,data/unique_medium.txt,unique,medium,52,23.....5.75.....6.....6...81....869......9..1.......7.8.19.72.....4......6...15..,24,full_solve_stats,enumerate_all,true,full_solve_stats,Unique,Unique,1,263,9480,17828,50368,35953,785,144331
20260421T172600Z,data/unique_medium.txt,unique,medium,53,...9.8.....8.2175..1..3.4...4.3....7.........1.98..3..6...1......7..9...83...596.,26,classify_up_to_two,classify,true,classify_up_to_two,Unique,Unique,1,0,0,0,0,0,0,94692
20260421T172600Z,data/unique_medium.txt,unique,medium,53,...9.8.....8.2175..1..3.4...4.3....7.........1.98..3..6...1......7..9...83...596.,26,solve_one,first,true,classify_up_to_two,Unique,Unique,1,0,0,0,0,0,0,78482
20260421T172600Z,data/unique_medium.txt,unique,medium,53,...9.8.....8.2175..1..3.4...4.3....7.........1.98..3..6...1......7..9...83...596.,26,full_solve_stats,enumerate_all,true,full_solve_stats,Unique,Unique,1,257,10734,18436,12356,24908,852,80520
20260421T172600Z,data/unique_medium.txt,unique,medium,54,13...........9.6.3....58..7.....73.6..1..47..2......15.....6....45.....9..7......,22,classify_up_to_two,classify,true,classify_up_to_two,Unique,Unique,1,0,0,0,0,0,0,120293
20260421T172600Z,data/unique_medium.txt,unique,medium,54,13...........9.6.3....58..7.....73.6..1..47..2......15.....6....45.....9..7......,22,solve_one,first,true,classify_up_to_two,Unique,Unique,1,0,0,0,0,0,0,108778
20260421T172600Z,data/unique_medium.txt,unique,medium,54,13...........9.6.3....58..7.....73.6..1..47..2......15.....6....45.....9..7......,22,full_solve_stats,enumerate_all,true,full_solve_stats,Unique,Unique,1,246,17550,19323,31542,31377,876,121862
20260421T172600Z,data/unique_medium.txt,unique,medium,55,.9.6...7..4....3..8.623.95...4....68621....3.............75....91..4.......9..5..,25,classify_up_to_two,classify,true,classify_up_to_two,Unique,Unique,1,0,0,0,0,0,0,121840
20260421T172600Z,data/unique_medium.txt,unique,medium,55,.9.6...7..4....3..8.623.95...4....68621....3.............75....91..4.......9..5..,25,solve_one,first,true,classify_up_to_two,Unique,Unique,1,0,0,0,0,0,0,102314
20260421T172600Z,data/unique_medium.txt,unique,medium,55,.9.6...7..4....3..8.623.95...4....68621....3.............75....91..4.......9..5..,25,full_solve_stats,enumerate_all,true,full_solve_stats,Unique,Unique,1,272,10596,20622,31974,27140,850,113489
20260421T172600Z,data/unique_medium.txt,unique,medium,56,.57.....638.2........3..4.....4.7.19.9..1..........8..9.6..82...2.1.4...71..2..6.,26,classify_up_to_two,classify,true,classify_up_to_two,Unique,Unique,1,0,0,0,0,0,0,109660
20260421T172600Z,data/unique_medium.txt,unique,medium,56,.57.....638.2........3..4.....4.7.19.9..1..........8..9.6..82...2.1.4...71..2..6.,26,solve_one,first,true,classify_up_to_two,Unique,Unique,1,0,0,0,0,0,0,95383
20260421T172600Z,data/unique_medium.txt,unique,medium,56,.57.....638.2........3..4.....4.7.19.9..1..........8..9.6..82...2.1.4...71..2..6.,26,full_solve_stats,enumerate_all,true,full_solve_stats,Unique,Unique,1,257,12987,16022,16904,34951,870,97436
20260421T172600Z,data/unique_medium.txt,unique,medium,57,2.14..5.87....812.8....5....7.......1.6.2..9..4...1.......5.6...1...9..44.....8..,25,classify_up_to_two,classify,true,classify_up_to_two,Unique,Unique,1,0,0,0,0,0,0,84141
20260421T172600Z,data/unique_medium.txt,unique,medium,57,2.14..5.87....812.8....5....7.......1.6.2..9..4...1.......5.6...1...9..44.....8..,25,solve_one,first,true,classify_up_to_two,Unique,Unique,1,0,0,0,0,0,0,71146
20260421T172600Z,data/unique_medium.txt,unique,medium,57,2.14..5.87....812.8....5....7.......1.6.2..9..4...1.......5.6...1...9..44.....8..,25,full_solve_stats,enumerate_all,true,full_solve_stats,Unique,Unique,1,279,20040,16258,8706,26401,922,80631
20260421T172600Z,data/unique_medium.txt,unique,medium,58,.........8...569.3..3..287.....3..565..21.....4....2....5...6.....1....749....52.,25,classify_up_to_two,classify,true,classify_up_to_two,Unique,Unique,1,0,0,0,0,0,0,72625
20260421T172600Z,data/unique_medium.txt,unique,medium,58,.........8...569.3..3..287.....3..565..21.....4....2....5...6.....1....749....52.,25,solve_one,first,true,classify_up_to_two,Unique,Unique,1,0,0,0,0,0,0,61133
20260421T172600Z,data/unique_medium.txt,unique,medium,58,.........8...569.3..3..287.....3..565..21.....4....2....5...6.....1....749....52.,25,full_solve_stats,enumerate_all,true,full_solve_stats,Unique,Unique,1,231,9022,15570,11629,17167,855,65367
20260421T172600Z,data/unique_medium.txt,unique,medium,59,.2..1....36..7...5....89...9..........3..7..1742..6.3......815........42....63..8,25,classify_up_to_two,classify,true,classify_up_to_two,Unique,Unique,1,0,0,0,0,0,0,252358
20260421T172600Z,data/unique_medium.txt,unique,medium,59,.2..1....36..7...5....89...9..........3..7..1742..6.3......815........42....63..8,25,solve_one,first,true,classify_up_to_two,Unique,Unique,1,0,0,0,0,0,0,200246
20260421T172600Z,data/unique_medium.txt,unique,medium,59,.2..1....36..7...5....89...9..........3..7..1742..6.3......815........42....63..8,25,full_solve_stats,enumerate_all,true,full_solve_stats,Unique,Unique,1,407,17326,43273,67177,44530,938,214674
20260421T172600Z,data/unique_medium.txt,unique,medium,60,9..6.............8.7.4....53.2..6...4517............2......1..9....3.76.218......,22,classify_up_to_two,classify,true,classify_up_to_two,Unique,Unique,1,0,0,0,0,0,0,110370
20260421T172600Z,data/unique_medium.txt,unique,medium,60,9..6.............8.7.4....53.2..6...4517............2......1..9....3.76.218......,22,solve_one,first,true,classify_up_to_two,Unique,Unique,1,0,0,0,0,0,0,82745
20260421T172600Z,data/unique_medium.txt,unique,medium,60,9..6.............8.7.4....53.2..6...4517............2......1..9....3.76.218......,22,full_solve_stats,enumerate_all,true,full_solve_stats,Unique,Unique,1,267,12947,17379,21664,26285,847,96289
20260421T172600Z,data/unique_medium.txt,unique,medium,61,...16273...94..5.............5..1..6....53....8...6.2.89.5....7..2......357......,24,classify_up_to_two,classify,true,classify_up_to_two,Unique,Unique,1,0,0,0,0,0,0,140988
20260421T172600Z,data/unique_medium.txt,unique,medium,61,...16273...94..5.............5..1..6....53....8...6.2.89.5....7..2......357......,24,solve_one,first,true,classify_up_to_two,Unique,Unique,1,0,0,0,0,0,0,118765
20260421T172600Z,data/unique_medium.txt,unique,medium,61,...16273...94..5.............5..1..6....53....8...6.2.89.5....7..2......357......,24,full_solve_stats,enumerate_all,true,full_solve_stats,Unique,Unique,1,304,16576,18562,29876,55834,851,142398
20260421T172600Z,data/unique_medium.txt,unique,medium,62,....287............635....4...3..9.....2....741..97......67.3.8..6...5...81.5...6,25,classify_up_to_two,classify,true,classify_up_to_two,Unique,Unique,1,0,0,0,0,0,0,92870
20260421T172600Z,data/unique_medium.txt,unique,medium,62,....287............635....4...3..9.....2....741..97......67.3.8..6...5...81.5...6,25,solve_one,first,true,classify_up_to_two,Unique,Unique,1,0,0,0,0,0,0,79345
20260421T172600Z,data/unique_medium.txt,unique,medium,62,....287............635....4...3..9.....2....741..97......67.3.8..6...5...81.5...6,25,full_solve_stats,enumerate_all,true,full_solve_stats,Unique,Unique,1,258,11403,18367,21994,23021,797,95702
20260421T172600Z,data/unique_medium.txt,unique,medium,63,2...169.....2..78...........365.7....7.6...5..4...3..71.5.......9..8......47....1,24,classify_up_to_two,classify,true,classify_up_to_two,Unique,Unique,1,0,0,0,0,0,0,270475
20260421T172600Z,data/unique_medium.txt,unique,medium,63,2...169.....2..78...........365.7....7.6...5..4...3..71.5.......9..8......47....1,24,solve_one,first,true,classify_up_to_two,Unique,Unique,1,0,0,0,0,0,0,227765
20260421T172600Z,data/unique_medium.txt,unique,medium,63,2...169.....2..78...........365.7....7.6...5..4...3..71.5.......9..8......47....1,24,full_solve_stats,enumerate_all,true,full_solve_stats,Unique,Unique,1,282,10505,42055,137567,57047,926,295459
20260421T172600Z,data/unique_medium.txt,unique,medium,64,..9..5.8..3....6......74..97.6...9.5.15.97...2...6..3..8....1.....72...........9.,24,classify_up_to_two,classify,true,classify_up_to_two,Unique,Unique,1,0,0,0,0,0,0,313305
20260421T172600Z,data/unique_medium.txt,unique,medium,64,..9..5.8..3....6......74..97.6...9.5.15.97...2...6..3..8....1.....72...........9.,24,solve_one,first,true,classify_up_to_two,Unique,Unique,1,0,0,0,0,0,0,469984
20260421T172600Z,data/unique_medium.txt,unique,medium,64,..9..5.8..3....6......74..97.6...9.5.15.97...2...6..3..8....1.....72...........9.,24,full_solve_stats,enumerate_all,true,full_solve_stats,Unique,Unique,1,516,29078,58755,184239,69680,1307,396794
20260421T172600Z,data/unique_medium.txt,unique,medium,65,.8.5..4.17.4.2.5.........92.6..............28..316.....5.91..........9..6..75..3.,24,classify_up_to_two,classify,true,classify_up_to_two,Unique,Unique,1,0,0,0,0,0,0,429779
20260421T172600Z,data/unique_medium.txt,unique,medium,65,.8.5..4.17.4.2.5.........92.6..............28..316.....5.91..........9..6..75..3.,24,solve_one,first,true,classify_up_to_two,Unique,Unique,1,0,0,0,0,0,0,412427
20260421T172600Z,data/unique_medium.txt,unique,medium,65,.8.5..4.17.4.2.5.........92.6..............28..316.....5.91..........9..6..75..3.,24,full_solve_stats,enumerate_all,true,full_solve_stats,Unique,Unique,1,393,13728,38162,199012,149947,958,462236
20260421T172600Z,data/unique_medium.txt,unique,medium,66,.57.9.....6.2.19..2.....5...4.96................4.8.6.8.5...6..7...4.31..2.1.....,24,classify_up_to_two,classify,true,classify_up_to_two,Unique,Unique,1,0,0,0,0,0,0,629259
20260421T172600Z,data/unique_medium.txt,unique,medium,66,.57.9.....6.2.19..2.....5...4.96................4.8.6.8.5...6..7...4.31..2.1.....,24,solve_one,first,true,classify_up_to_two,Unique,Unique,1,0,0,0,0,0,0,624432
20260421T172600Z,data/unique_medium.txt,unique,medium,66,.57.9.....6.2.19..2.....5...4.96................4.8.6.8.5...6..7...4.31..2.1.....,24,full_solve_stats,enumerate_all,true,full_solve_stats,Unique,Unique,1,323,9647,109298,392200,127324,886,720299
20260421T172600Z,data/unique_medium.txt,unique,medium,67,89.7...4...6....85...2..9...6.3....9.5..6.........1..26.4....1..72...3.4..5......,24,classify_up_to_two,classify,true,classify_up_to_two,Unique,Unique,1,0,0,0,0,0,0,193620
20260421T172600Z,data/unique_medium.txt,unique,medium,67,89.7...4...6....85...2..9...6.3....9.5..6.........1..26.4....1..72...3.4..5......,24,solve_one,first,true,classify_up_to_two,Unique,Unique,1,0,0,0,0,0,0,170154
20260421T172600Z,data/unique_medium.txt,unique,medium,67,89.7...4...6....85...2..9...6.3....9.5..6.........1..26.4....1..72...3.4..5......,24,full_solve_stats,enumerate_all,true,full_solve_stats,Unique,Unique,1,289,9611,39052,80526,46808,858,195310
20260421T172600Z,data/unique_medium.txt,unique,medium,68,.45.........2...39..81...7.....5.64.8...9...7.7......11..5.7.8......94....3......,23,classify_up_to_two,classify,true,classify_up_to_two,Unique,Unique,1,0,0,0,0,0,0,309064
20260421T172600Z,data/unique_medium.txt,unique,medium,68,.45.........2...39..81...7.....5.64.8...9...7.7......11..5.7.8......94....3......,23,solve_one,first,true,classify_up_to_two,Unique,Unique,1,0,0,0,0,0,0,287738
20260421T172600Z,data/unique_medium.txt,unique,medium,68,.45.........2...39..81...7.....5.64.8...9...7.7......11..5.7.8......94....3......,23,full_solve_stats,enumerate_all,true,full_solve_stats,Unique,Unique,1,300,12161,23218,77061,169713,915,316117
20260421T172600Z,data/unique_medium.txt,unique,medium,69,....386....5...9..2..........6..1..4.......2.....438.74..8.6...1.8.2.....9.5..7.8,24,classify_up_to_two,classify,true,classify_up_to_two,Unique,Unique,1,0,0,0,0,0,0,139239
20260421T172600Z,data/unique_medium.txt,unique,medium,69,....386....5...9..2..........6..1..4.......2.....438.74..8.6...1.8.2.....9.5..7.8,24,solve_one,first,true,classify_up_to_two,Unique,Unique,1,0,0,0,0,0,0,134054
20260421T172600Z,data/unique_medium.txt,unique,medium,69,....386....5...9..2..........6..1..4.......2.....438.74..8.6...1.8.2.....9.5..7.8,24,full_solve_stats,enumerate_all,true,full_solve_stats,Unique,Unique,1,246,5865,25912,48416,39396,875,150767
20260421T172600Z,data/unique_medium.txt,unique,medium,70,8.....4.2.3..2.6..5....8.....3..9....5.....1.6.9.3.....8..4.1.9..137...84........,24,classify_up_to_two,classify,true,classify_up_to_two,Unique,Unique,1,0,0,0,0,0,0,130958
20260421T172600Z,data/unique_medium.txt,unique,medium,70,8.....4.2.3..2.6..5....8.....3..9....5.....1.6.9.3.....8..4.1.9..137...84........,24,solve_one,first,true,classify_up_to_two,Unique,Unique,1,0,0,0,0,0,0,114584
20260421T172600Z,data/unique_medium.txt,unique,medium,70,8.....4.2.3..2.6..5....8.....3..9....5.....1.6.9.3.....8..4.1.9..137...84........,24,full_solve_stats,enumerate_all,true,full_solve_stats,Unique,Unique,1,281,10271,17618,51603,32927,916,139967
20260421T172600Z,data/unique_medium.txt,unique,medium,71,2..43......45...29.568.1...6.8......13...2.9.......4.........8.....1..52.2..65..7,26,classify_up_to_two,classify,true,classify_up_to_two,Unique,Unique,1,0,0,0,0,0,0,76094
20260421T172600Z,data/unique_medium.txt,unique,medium,71,2..43......45...29.568.1...6.8......13...2.9.......4.........8.....1..52.2..65..7,26,solve_one,first,true,classify_up_to_two,Unique,Unique,1,0,0,0,0,0,0,60165
20260421T172600Z,data/unique_medium.txt,unique,medium,71,2..43......45...29.568.1...6.8......13...2.9.......4.........8.....1..52.2..65..7,26,full_solve_stats,enumerate_all,true,full_solve_stats,Unique,Unique,1,251,10261,17280,7309,18689,947,62914
20260421T172600Z,data/unique_medium.txt,unique,medium,72,915...73.....2.9...24.3..65...1..3..5.2.....9..1.98.7....4...9..5.......6....75..,27,classify_up_to_two,classify,true,classify_up_to_two,Unique,Unique,1,0,0,0,0,0,0,103695
20260421T172600Z,data/unique_medium.txt,unique,medium,72,915...73.....2.9...24.3..65...1..3..5.2.....9..1.98.7....4...9..5.......6....75..,27,solve_one,first,true,classify_up_to_two,Unique,Unique,1,0,0,0,0,0,0,69200
20260421T172600Z,data/unique_medium.txt,unique,medium,72,915...73.....2.9...24.3..65...1..3..5.2.....9..1.98.7....4...9..5.......6....75..,27,full_solve_stats,enumerate_all,true,full_solve_stats,Unique,Unique,1,317,13579,23118,8806,16601,856,73353
20260421T172600Z,data/unique_medium.txt,unique,medium,73,.64...137..1...52...2.3.....1..2.8.......57.....71...4..3....9.58......6.....2...,24,classify_up_to_two,classify,true,classify_up_to_two,Unique,Unique,1,0,0,0,0,0,0,512402
20260421T172600Z,data/unique_medium.txt,unique,medium,73,.64...137..1...52...2.3.....1..2.8.......57.....71...4..3....9.58......6.....2...,24,solve_one,first,true,classify_up_to_two,Unique,Unique,1,0,0,0,0,0,0,541373
20260421T172600Z,data/unique_medium.txt,unique,medium,73,.64...137..1...52...2.3.....1..2.8.......57.....71...4..3....9.58......6.....2...,24,full_solve_stats,enumerate_all,true,full_solve_stats,Unique,Unique,1,430,25130,68319,309692,107616,1373,581950
20260421T172600Z,data/unique_medium.txt,unique,medium,74,....8.7.6..49...5...63....4.3..4.21..58.213.....56.....6.......183.....2....35...,27,classify_up_to_two,classify,true,classify_up_to_two,Unique,Unique,1,0,0,0,0,0,0,140260
20260421T172600Z,data/unique_medium.txt,unique,medium,74,....8.7.6..49...5...63....4.3..4.21..58.213.....56.....6.......183.....2....35...,27,solve_one,first,true,classify_up_to_two,Unique,Unique,1,0,0,0,0,0,0,107825
20260421T172600Z,data/unique_medium.txt,unique,medium,74,....8.7.6..49...5...63....4.3..4.21..58.213.....56.....6.......183.....2....35...,27,full_solve_stats,enumerate_all,true,full_solve_stats,Unique,Unique,1,455,35257,30437,19317,33963,1371,137875
20260421T172600Z,data/unique_medium.txt,unique,medium,75,9...6...1..18..........9..7.3541....46.3.....1....5.....8...3...5..97.18...68....,25,classify_up_to_two,classify,true,classify_up_to_two,Unique,Unique,1,0,0,0,0,0,0,434097
20260421T172600Z,data/unique_medium.txt,unique,medium,75,9...6...1..18..........9..7.3541....46.3.....1....5.....8...3...5..97.18...68....,25,solve_one,first,true,classify_up_to_two,Unique,Unique,1,0,0,0,0,0,0,273986
20260421T172600Z,data/unique_medium.txt,unique,medium,75,9...6...1..18..........9..7.3541....46.3.....1....5.....8...3...5..97.18...68....,25,full_solve_stats,enumerate_all,true,full_solve_stats,Unique,Unique,1,367,22826,42913,108519,61954,925,284897
20260421T172600Z,data/unique_medium.txt,unique,medium,76,...5......85.16..2..7..8....5..9...7..1..29....4.7..5.23....6.........9.4..2....3,24,classify_up_to_two,classify,true,classify_up_to_two,Unique,Unique,1,0,0,0,0,0,0,104698
20260421T172600Z,data/unique_medium.txt,unique,medium,76,...5......85.16..2..7..8....5..9...7..1..29....4.7..5.23....6.........9.4..2....3,24,solve_one,first,true,classify_up_to_two,Unique,Unique,1,0,0,0,0,0,0,83754
20260421T172600Z,data/unique_medium.txt,unique,medium,76,...5......85.16..2..7..8....5..9...7..1..29....4.7..5.23....6.........9.4..2....3,24,full_solve_stats,enumerate_all,true,full_solve_stats,Unique,Unique,1,238,12422,19663,18667,23073,915,103399
20260421T172600Z,data/unique_medium.txt,unique,medium,77,6....2.....1...98....6.7....45...7..2..71....1...3.5....6.2..1.3...7......9.....4,23,classify_up_to_two,classify,true,classify_up_to_two,Unique,Unique,1,0,0,0,0,0,0,90467
20260421T172600Z,data/unique_medium.txt,unique,medium,77,6....2.....1...98....6.7....45...7..2..71....1...3.5....6.2..1.3...7......9.....4,23,solve_one,first,true,classify_up_to_two,Unique,Unique,1,0,0,0,0,0,0,77342
20260421T172600Z,data/unique_medium.txt,unique,medium,77,6....2.....1...98....6.7....45...7..2..71....1...3.5....6.2..1.3...7......9.....4,23,full_solve_stats,enumerate_all,true,full_solve_stats,Unique,Unique,1,325,8937,18775,17023,23621,986,86501
20260421T172600Z,data/unique_medium.txt,unique,medium,78,1......5..2....1.4.7..6........2.5...37.....8....9..2.9...54.....21....3.1...3...,22,classify_up_to_two,classify,true,classify_up_to_two,Unique,Unique,1,0,0,0,0,0,0,200664
20260421T172600Z,data/unique_medium.txt,unique,medium,78,1......5..2....1.4.7..6........2.5...37.....8....9..2.9...54.....21....3.1...3...,22,solve_one,first,true,classify_up_to_two,Unique,Unique,1,0,0,0,0,0,0,166587
20260421T172600Z,data/unique_medium.txt,unique,medium,78,1......5..2....1.4.7..6........2.5...37.....8....9..2.9...54.....21....3.1...3...,22,full_solve_stats,enumerate_all,true,full_solve_stats,Unique,Unique,1,314,15334,34090,33015,91650,1130,202755
20260421T172600Z,data/unique_medium.txt,unique,medium,79,4.3..6........9.3..8....15...56.13..61..9.8.4.....4...9.....6...32......1....7...,24,classify_up_to_two,classify,true,classify_up_to_two,Unique,Unique,1,0,0,0,0,0,0,221107
20260421T172600Z,data/unique_medium.txt,unique,medium,79,4.3..6........9.3..8....15...56.13..61..9.8.4.....4...9.....6...32......1....7...,24,solve_one,first,true,classify_up_to_two,Unique,Unique,1,0,0,0,0,0,0,190439
20260421T172600Z,data/unique_medium.txt,unique,medium,79,4.3..6........9.3..8....15...56.13..61..9.8.4.....4...9.....6...32......1....7...,24,full_solve_stats,enumerate_all,true,full_solve_stats,Unique,Unique,1,282,10947,25268,64677,81510,1090,216660
20260421T172600Z,data/unique_medium.txt,unique,medium,80,....7.2..3.....8.949.2.6..78...4....67....5.......849...29.3...7.......8.4.....3.,25,classify_up_to_two,classify,true,classify_up_to_two,Unique,Unique,1,0,0,0,0,0,0,165216
20260421T172600Z,data/unique_medium.txt,unique,medium,80,....7.2..3.....8.949.2.6..78...4....67....5.......849...29.3...7.......8.4.....3.,25,solve_one,first,true,classify_up_to_two,Unique,Unique,1,0,0,0,0,0,0,142009
20260421T172600Z,data/unique_medium.txt,unique,medium,80,....7.2..3.....8.949.2.6..78...4....67....5.......849...29.3...7.......8.4.....3.,25,full_solve_stats,enumerate_all,true,full_solve_stats,Unique,Unique,1,297,11777,22469,27381,79856,871,162880
20260421T172600Z,data/unique_medium.txt,unique,medium,81,7.4.19.2.....2.6..2....8..58....47.......3..8..5..71....9...3....6....1.1.74.....,25,classify_up_to_two,classify,true,classify_up_to_two,Unique,Unique,1,0,0,0,0,0,0,72943
20260421T172600Z,data/unique_medium.txt,unique,medium,81,7.4.19.2.....2.6..2....8..58....47.......3..8..5..71....9...3....6....1.1.74.....,25,solve_one,first,true,classify_up_to_two,Unique,Unique,1,0,0,0,0,0,0,62754
20260421T172600Z,data/unique_medium.txt,unique,medium,81,7.4.19.2.....2.6..2....8..58....47.......3..8..5..71....9...3....6....1.1.74.....,25,full_solve_stats,enumerate_all,true,full_solve_stats,Unique,Unique,1,247,11812,15734,7980,16844,925,68963
20260421T172600Z,data/unique_medium.txt,unique,medium,82,3......8..12.9...5..8.4....1.94..........96.45..3..1......2.8964...6.......1.....,24,classify_up_to_two,classify,true,classify_up_to_two,Unique,Unique,1,0,0,0,0,0,0,94248
20260421T172600Z,data/unique_medium.txt,unique,medium,82,3......8..12.9...5..8.4....1.94..........96.45..3..1......2.8964...6.......1.....,24,solve_one,first,true,classify_up_to_two,Unique,Unique,1,0,0,0,0,0,0,77311
20260421T172600Z,data/unique_medium.txt,unique,medium,82,3......8..12.9...5..8.4....1.94..........96.45..3..1......2.8964...6.......1.....,24,full_solve_stats,enumerate_all,true,full_solve_stats,Unique,Unique,1,249,10842,16655,17928,21092,919,82900
20260421T172600Z,data/unique_medium.txt,unique,medium,83,..35........6.......8.94....6....98..7.....1....17..5...7.4.2.5...3...48..2.1.6..,24,classify_up_to_two,classify,true,classify_up_to_two,Unique,Unique,1,0,0,0,0,0,0,75702
20260421T172600Z,data/unique_medium.txt,unique,medium,83,..35........6.......8.94....6....98..7.....1....17..5...7.4.2.5...3...48..2.1.6..,24,solve_one,first,true,classify_up_to_two,Unique,Unique,1,0,0,0,0,0,0,65020
20260421T172600Z,data/unique_medium.txt,unique,medium,83,..35........6.......8.94....6....98..7.....1....17..5...7.4.2.5...3...48..2.1.6..,24,full_solve_stats,enumerate_all,true,full_solve_stats,Unique,Unique,1,215,11047,15179,10790,14674,800,65068
20260421T172600Z,data/unique_medium.txt,unique,medium,84,.........6.387..9....1.64....7...1....9...6523...6...89..5..2...4.7...6.7...43...,26,classify_up_to_two,classify,true,classify_up_to_two,Unique,Unique,1,0,0,0,0,0,0,80698
20260421T172600Z,data/unique_medium.txt,unique,medium,84,.........6.387..9....1.64....7...1....9...6523...6...89..5..2...4.7...6.7...43...,26,solve_one,first,true,classify_up_to_two,Unique,Unique,1,0,0,0,0,0,0,70264
20260421T172600Z,data/unique_medium.txt,unique,medium,84,.........6.387..9....1.64....7...1....9...6523...6...89..5..2...4.7...6.7...43...,26,full_solve_stats,enumerate_all,true,full_solve_stats,Unique,Unique,1,229,11855,18757,13358,22063,878,78247
20260421T172600Z,data/unique_medium.txt,unique,medium,85,..97.68...1........3..2....4.......6....7.2...539....7.....174..4..6...3.9.3..6..,24,classify_up_to_two,classify,true,classify_up_to_two,Unique,Unique,1,0,0,0,0,0,0,135921
20260421T172600Z,data/unique_medium.txt,unique,medium,85,..97.68...1........3..2....4.......6....7.2...539....7.....174..4..6...3.9.3..6..,24,solve_one,first,true,classify_up_to_two,Unique,Unique,1,0,0,0,0,0,0,115880
20260421T172600Z,data/unique_medium.txt,unique,medium,85,..97.68...1........3..2....4.......6....7.2...539....7.....174..4..6...3.9.3..6..,24,full_solve_stats,enumerate_all,true,full_solve_stats,Unique,Unique,1,284,9795,18662,28936,44863,904,124419
20260421T172600Z,data/unique_medium.txt,unique,medium,86,..7..89.5..2...1....69......8..........2.6..85....934..2.4...........73.94...5...,23,classify_up_to_two,classify,true,classify_up_to_two,Unique,Unique,1,0,0,0,0,0,0,70371
20260421T172600Z,data/unique_medium.txt,unique,medium,86,..7..89.5..2...1....69......8..........2.6..85....934..2.4...........73.94...5...,23,solve_one,first,true,classify_up_to_two,Unique,Unique,1,0,0,0,0,0,0,55911
20260421T172600Z,data/unique_medium.txt,unique,medium,86,..7..89.5..2...1....69......8..........2.6..85....934..2.4...........73.94...5...,23,full_solve_stats,enumerate_all,true,full_solve_stats,Unique,Unique,1,196,11716,16039,6239,13436,868,62557
20260421T172600Z,data/unique_medium.txt,unique,medium,87,.....3.2..5..8......84...617..56....8.....6.9..9..17..32...8.........3..9...1...7,24,classify_up_to_two,classify,true,classify_up_to_two,Unique,Unique,1,0,0,0,0,0,0,100985
20260421T172600Z,data/unique_medium.txt,unique,medium,87,.....3.2..5..8......84...617..56....8.....6.9..9..17..32...8.........3..9...1...7,24,solve_one,first,true,classify_up_to_two,Unique,Unique,1,0,0,0,0,0,0,84723
20260421T172600Z,data/unique_medium.txt,unique,medium,87,.....3.2..5..8......84...617..56....8.....6.9..9..17..32...8.........3..9...1...7,24,full_solve_stats,enumerate_all,true,full_solve_stats,Unique,Unique,1,220,14159,18917,23604,23770,793,98318
20260421T172600Z,data/unique_medium.txt,unique,medium,88,....31..6.3.2.78....64..5....3......7.8..4.2.42.....5.......39.........56....8.7.,24,classify_up_to_two,classify,true,classify_up_to_two,Unique,Unique,1,0,0,0,0,0,0,258000
20260421T172600Z,data/unique_medium.txt,unique,medium,88,....31..6.3.2.78....64..5....3......7.8..4.2.42.....5.......39.........56....8.7.,24,solve_one,first,true,classify_up_to_two,Unique,Unique,1,0,0,0,0,0,0,255237
20260421T172600Z,data/unique_medium.txt,unique,medium,88,....31..6.3.2.78....64..5....3......7.8..4.2.42.....5.......39.........56....8.7.,24,full_solve_stats,enumerate_all,true,full_solve_stats,Unique,Unique,1,358,14949,56102,97790,92463,922,287380
20260421T172600Z,data/unique_medium.txt,unique,medium,89,...7.4......8..5.2.8.53.1...3..59..1......9..8.......4....13....5...23.6.2.4.....,24,classify_up_to_two,classify,true,classify_up_to_two,Unique,Unique,1,0,0,0,0,0,0,131006
20260421T172600Z,data/unique_medium.txt,unique,medium,89,...7.4......8..5.2.8.53.1...3..59..1......9..8.......4....13....5...23.6.2.4.....,24,solve_one,first,true,classify_up_to_two,Unique,Unique,1,0,0,0,0,0,0,111578
20260421T172600Z,data/unique_medium.txt,unique,medium,89,...7.4......8..5.2.8.53.1...3..59..1......9..8.......4....13....5...23.6.2.4.....,24,full_solve_stats,enumerate_all,true,full_solve_stats,Unique,Unique,1,258,11052,21567,37862,30061,784,130214
20260421T172600Z,data/unique_medium.txt,unique,medium,90,2.4....8..8..2.1...195..7.4......8.5..6.4......2839......7.495....95.4...........,26,classify_up_to_two,classify,true,classify_up_to_two,Unique,Unique,1,0,0,0,0,0,0,156582
20260421T172600Z,data/unique_medium.txt,unique,medium,90,2.4....8..8..2.1...195..7.4......8.5..6.4......2839......7.495....95.4...........,26,solve_one,first,true,classify_up_to_two,Unique,Unique,1,0,0,0,0,0,0,126351
20260421T172600Z,data/unique_medium.txt,unique,medium,90,2.4....8..8..2.1...195..7.4......8.5..6.4......2839......7.495....95.4...........,26,full_solve_stats,enumerate_all,true,full_solve_stats,Unique,Unique,1,337,9453,22564,46010,32896,865,139080
20260421T172600Z,data/unique_medium.txt,unique,medium,91,..3...8.5....1.....7...5.932..9......6...3.19......32....2.4.....51.7...84......2,24,classify_up_to_two,classify,true,classify_up_to_two,Unique,Unique,1,0,0,0,0,0,0,123501
20260421T172600Z,data/unique_medium.txt,unique,medium,91,..3...8.5....1.....7...5.932..9......6...3.19......32....2.4.....51.7...84......2,24,solve_one,first,true,classify_up_to_two,Unique,Unique,1,0,0,0,0,0,0,107066
20260421T172600Z,data/unique_medium.txt,unique,medium,91,..3...8.5....1.....7...5.932..9......6...3.19......32....2.4.....51.7...84......2,24,full_solve_stats,enumerate_all,true,full_solve_stats,Unique,Unique,1,224,7102,19690,36662,31279,779,119295
20260421T172600Z,data/unique_medium.txt,unique,medium,92,.....4.63724.....1......2...7..1...2...4......69.3...5....8....5.2..63.7.3...7.16,26,classify_up_to_two,classify,true,classify_up_to_two,Unique,Unique,1,0,0,0,0,0,0,149673
20260421T172600Z,data/unique_medium.txt,unique,medium,92,.....4.63724.....1......2...7..1...2...4......69.3...5....8....5.2..63.7.3...7.16,26,solve_one,first,true,classify_up_to_two,Unique,Unique,1,0,0,0,0,0,0,137022
20260421T172600Z,data/unique_medium.txt,unique,medium,92,.....4.63724.....1......2...7..1...2...4......69.3...5....8....5.2..63.7.3...7.16,26,full_solve_stats,enumerate_all,true,full_solve_stats,Unique,Unique,1,255,11440,34529,49047,61089,943,184101
20260421T172600Z,data/unique_medium.txt,unique,medium,93,.....491..4......5..1.9..82.1.....2....9416..6.........8.2..15.7.5.....8....78.4.,26,classify_up_to_two,classify,true,classify_up_to_two,Unique,Unique,1,0,0,0,0,0,0,96472
20260421T172600Z,data/unique_medium.txt,unique,medium,93,.....491..4......5..1.9..82.1.....2....9416..6.........8.2..15.7.5.....8....78.4.,26,solve_one,first,true,classify_up_to_two,Unique,Unique,1,0,0,0,0,0,0,76251
20260421T172600Z,data/unique_medium.txt,unique,medium,93,.....491..4......5..1.9..82.1.....2....9416..6.........8.2..15.7.5.....8....78.4.,26,full_solve_stats,enumerate_all,true,full_solve_stats,Unique,Unique,1,280,18676,16878,11438,25082,825,85461
20260421T172600Z,data/unique_medium.txt,unique,medium,94,..43.17..9...........4..25..2...8..5.....9.32....5...836....8.14..6.......8...6..,24,classify_up_to_two,classify,true,classify_up_to_two,Unique,Unique,1,0,0,0,0,0,0,115993
20260421T172600Z,data/unique_medium.txt,unique,medium,94,..43.17..9...........4..25..2...8..5.....9.32....5...836....8.14..6.......8...6..,24,solve_one,first,true,classify_up_to_two,Unique,Unique,1,0,0,0,0,0,0,94091
20260421T172600Z,data/unique_medium.txt,unique,medium,94,..43.17..9...........4..25..2...8..5.....9.32....5...836....8.14..6.......8...6..,24,full_solve_stats,enumerate_all,true,full_solve_stats,Unique,Unique,1,270,8813,18097,31067,25831,862,106240
20260421T172600Z,data/unique_medium.txt,unique,medium,95,...57.......1..8..715.6............4.5...6...68....1279...3..8...2.59.4.......2..,24,classify_up_to_two,classify,true,classify_up_to_two,Unique,Unique,1,0,0,0,0,0,0,151037
20260421T172600Z,data/unique_medium.txt,unique,medium,95,...57.......1..8..715.6............4.5...6...68....1279...3..8...2.59.4.......2..,24,solve_one,first,true,classify_up_to_two,Unique,Unique,1,0,0,0,0,0,0,192625
20260421T172600Z,data/unique_medium.txt,unique,medium,95,...57.......1..8..715.6............4.5...6...68....1279...3..8...2.59.4.......2..,24,full_solve_stats,enumerate_all,true,full_solve_stats,Unique,Unique,1,410,19377,20786,54590,47153,893,172281
20260421T172600Z,data/unique_medium.txt,unique,medium,96,.......4..1...6......52..37.69...2.....8.97..........5..2.47...7.....15.3.62.....,23,classify_up_to_two,classify,true,classify_up_to_two,Unique,Unique,1,0,0,0,0,0,0,81410
20260421T172600Z,data/unique_medium.txt,unique,medium,96,.......4..1...6......52..37.69...2.....8.97..........5..2.47...7.....15.3.62.....,23,solve_one,first,true,classify_up_to_two,Unique,Unique,1,0,0,0,0,0,0,69842
20260421T172600Z,data/unique_medium.txt,unique,medium,96,.......4..1...6......52..37.69...2.....8.97..........5..2.47...7.....15.3.62.....,23,full_solve_stats,enumerate_all,true,full_solve_stats,Unique,Unique,1,296,7241,19515,16415,23554,853,88078
20260421T172600Z,data/unique_medium.txt,unique,medium,97,.....3.8...9........41.7.5..3..6.94.87......1.9..2..7...3..5.....8.7.3..2..4....7,25,classify_up_to_two,classify,true,classify_up_to_two,Unique,Unique,1,0,0,0,0,0,0,103844
20260421T172600Z,data/unique_medium.txt,unique,medium,97,.....3.8...9........41.7.5..3..6.94.87......1.9..2..7...3..5.....8.7.3..2..4....7,25,solve_one,first,true,classify_up_to_two,Unique,Unique,1,0,0,0,0,0,0,92331
20260421T172600Z,data/unique_medium.txt,unique,medium,97,.....3.8...9........41.7.5..3..6.94.87......1.9..2..7...3..5.....8.7.3..2..4....7,25,full_solve_stats,enumerate_all,true,full_solve_stats,Unique,Unique,1,282,8993,21270,23292,27915,891,100536
20260421T172600Z,data/unique_medium.txt,unique,medium,98,1.54..2.....2387.......7...4....9...26.....79.....5..3.84.......2..7.9.6.......5.,24,classify_up_to_two,classify,true,classify_up_to_two,Unique,Unique,1,0,0,0,0,0,0,118807
20260421T172600Z,data/unique_medium.txt,unique,medium,98,1.54..2.....2387.......7...4....9...26.....79.....5..3.84.......2..7.9.6.......5.,24,solve_one,first,true,classify_up_to_two,Unique,Unique,1,0,0,0,0,0,0,94614
20260421T172600Z,data/unique_medium.txt,unique,medium,98,1.54..2.....2387.......7...4....9...26.....79.....5..3.84.......2..7.9.6.......5.,24,full_solve_stats,enumerate_all,true,full_solve_stats,Unique,Unique,1,254,9797,23228,29171,24697,805,108116
20260421T172600Z,data/unique_medium.txt,unique,medium,99,..4.....28.3..4....6......1.......6....72.5..51.3........1.36.9....49.......6.2.7,23,classify_up_to_two,classify,true,classify_up_to_two,Unique,Unique,1,0,0,0,0,0,0,101470
20260421T172600Z,data/unique_medium.txt,unique,medium,99,..4.....28.3..4....6......1.......6....72.5..51.3........1.36.9....49.......6.2.7,23,solve_one,first,true,classify_up_to_two,Unique,Unique,1,0,0,0,0,0,0,84439
20260421T172600Z,data/unique_medium.txt,unique,medium,99,..4.....28.3..4....6......1.......6....72.5..51.3........1.36.9....49.......6.2.7,23,full_solve_stats,enumerate_all,true,full_solve_stats,Unique,Unique,1,220,8087,18096,30043,27845,877,105736
20260421T172600Z,data/unique_hard.txt,unique,hard,0,..5...74.3..6...19.....1..5...7...2.9....58..7..84......3.9...2.9.4.....8.....1.3,25,classify_up_to_two,classify,true,classify_up_to_two,Unique,Unique,1,0,0,0,0,0,0,165545
20260421T172600Z,data/unique_hard.txt,unique,hard,0,..5...74.3..6...19.....1..5...7...2.9....58..7..84......3.9...2.9.4.....8.....1.3,25,solve_one,first,true,classify_up_to_two,Unique,Unique,1,0,0,0,0,0,0,133132
20260421T172600Z,data/unique_hard.txt,unique,hard,0,..5...74.3..6...19.....1..5...7...2.9....58..7..84......3.9...2.9.4.....8.....1.3,25,full_solve_stats,enumerate_all,true,full_solve_stats,Unique,Unique,1,293,9064,20572,49428,41696,865,144917
20260421T172600Z,data/unique_hard.txt,unique,hard,1,38.1.........5.6.....9....3.4.........5.18.......9.561.6..2478.8.......6..4.8..2.,25,classify_up_to_two,classify,true,classify_up_to_two,Unique,Unique,1,0,0,0,0,0,0,143880
20260421T172600Z,data/unique_hard.txt,unique,hard,1,38.1.........5.6.....9....3.4.........5.18.......9.561.6..2478.8.......6..4.8..2.,25,solve_one,first,true,classify_up_to_two,Unique,Unique,1,0,0,0,0,0,0,125297
20260421T172600Z,data/unique_hard.txt,unique,hard,1,38.1.........5.6.....9....3.4.........5.18.......9.561.6..2478.8.......6..4.8..2.,25,full_solve_stats,enumerate_all,true,full_solve_stats,Unique,Unique,1,283,8854,19192,46390,41296,852,142903
20260421T172600Z,data/unique_hard.txt,unique,hard,2,.7.16....4....7........8..2..9...2.52..9..1.....5.36..6..2..8..91......3..7.....6,24,classify_up_to_two,classify,true,classify_up_to_two,Unique,Unique,1,0,0,0,0,0,0,220727
20260421T172600Z,data/unique_hard.txt,unique,hard,2,.7.16....4....7........8..2..9...2.52..9..1.....5.36..6..2..8..91......3..7.....6,24,solve_one,first,true,classify_up_to_two,Unique,Unique,1,0,0,0,0,0,0,202460
20260421T172600Z,data/unique_hard.txt,unique,hard,2,.7.16....4....7........8..2..9...2.52..9..1.....5.36..6..2..8..91......3..7.....6,24,full_solve_stats,enumerate_all,true,full_solve_stats,Unique,Unique,1,263,8136,33055,97488,73032,1033,257204
20260421T172600Z,data/unique_hard.txt,unique,hard,3,9.4.728.....8.36..8..9.....6.9....1..83..7.....7.....22...385.....729..6...6.....,27,classify_up_to_two,classify,true,classify_up_to_two,Unique,Unique,1,0,0,0,0,0,0,251738
20260421T172600Z,data/unique_hard.txt,unique,hard,3,9.4.728.....8.36..8..9.....6.9....1..83..7.....7.....22...385.....729..6...6.....,27,solve_one,first,true,classify_up_to_two,Unique,Unique,1,0,0,0,0,0,0,220287
20260421T172600Z,data/unique_hard.txt,unique,hard,3,9.4.728.....8.36..8..9.....6.9....1..83..7.....7.....22...385.....729..6...6.....,27,full_solve_stats,enumerate_all,true,full_solve_stats,Unique,Unique,1,391,13411,29647,57107,132330,1229,264826
20260421T172600Z,data/unique_hard.txt,unique,hard,4,...6..8....35.4...65..217...6..............5..7138..2...7.1.6.4.1.......9....3..7,25,classify_up_to_two,classify,true,classify_up_to_two,Unique,Unique,1,0,0,0,0,0,0,243469
20260421T172600Z,data/unique_hard.txt,unique,hard,4,...6..8....35.4...65..217...6..............5..7138..2...7.1.6.4.1.......9....3..7,25,solve_one,first,true,classify_up_to_two,Unique,Unique,1,0,0,0,0,0,0,242210
20260421T172600Z,data/unique_hard.txt,unique,hard,4,...6..8....35.4...65..217...6..............5..7138..2...7.1.6.4.1.......9....3..7,25,full_solve_stats,enumerate_all,true,full_solve_stats,Unique,Unique,1,429,14433,21377,50700,131831,922,250974
20260421T172600Z,data/unique_hard.txt,unique,hard,5,....3.76.5....91.29.........49..53.......327...52..........75.4..1.4.....6.......,23,classify_up_to_two,classify,true,classify_up_to_two,Unique,Unique,1,0,0,0,0,0,0,135942
20260421T172600Z,data/unique_hard.txt,unique,hard,5,....3.76.5....91.29.........49..53.......327...52..........75.4..1.4.....6.......,23,solve_one,first,true,classify_up_to_two,Unique,Unique,1,0,0,0,0,0,0,169293
20260421T172600Z,data/unique_hard.txt,unique,hard,5,....3.76.5....91.29.........49..53.......327...52..........75.4..1.4.....6.......,23,full_solve_stats,enumerate_all,true,full_solve_stats,Unique,Unique,1,418,23118,26482,66080,51505,1395,209982
20260421T172600Z,data/unique_hard.txt,unique,hard,6,.5.....43.1.....82.84..7.1..71.9....4.........23.1..6.8..1...26...7.4......9.2...,26,classify_up_to_two,classify,true,classify_up_to_two,Unique,Unique,1,0,0,0,0,0,0,143456
20260421T172600Z,data/unique_hard.txt,unique,hard,6,.5.....43.1.....82.84..7.1..71.9....4.........23.1..6.8..1...26...7.4......9.2...,26,solve_one,first,true,classify_up_to_two,Unique,Unique,1,0,0,0,0,0,0,132855
20260421T172600Z,data/unique_hard.txt,unique,hard,6,.5.....43.1.....82.84..7.1..71.9....4.........23.1..6.8..1...26...7.4......9.2...,26,full_solve_stats,enumerate_all,true,full_solve_stats,Unique,Unique,1,457,18816,31157,44143,42400,1350,166990
20260421T172600Z,data/unique_hard.txt,unique,hard,7,..3..9........23......5..876.......53.94.....4....523...7.13.....6..8.9...12.....,24,classify_up_to_two,classify,true,classify_up_to_two,Unique,Unique,1,0,0,0,0,0,0,171520
20260421T172600Z,data/unique_hard.txt,unique,hard,7,..3..9........23......5..876.......53.94.....4....523...7.13.....6..8.9...12.....,24,solve_one,first,true,classify_up_to_two,Unique,Unique,1,0,0,0,0,0,0,158079
20260421T172600Z,data/unique_hard.txt,unique,hard,7,..3..9........23......5..876.......53.94.....4....523...7.13.....6..8.9...12.....,24,full_solve_stats,enumerate_all,true,full_solve_stats,Unique,Unique,1,391,47522,26387,29103,50120,1312,176965
20260421T172600Z,data/unique_hard.txt,unique,hard,8,.....8...2.3...4.6..54.37....4...6...9.8.....5..9.4..27..589..34..2...7..........,25,classify_up_to_two,classify,true,classify_up_to_two,Unique,Unique,1,0,0,0,0,0,0,252321
20260421T172600Z,data/unique_hard.txt,unique,hard,8,.....8...2.3...4.6..54.37....4...6...9.8.....5..9.4..27..589..34..2...7..........,25,solve_one,first,true,classify_up_to_two,Unique,Unique,1,0,0,0,0,0,0,233270
20260421T172600Z,data/unique_hard.txt,unique,hard,8,.....8...2.3...4.6..54.37....4...6...9.8.....5..9.4..27..589..34..2...7..........,25,full_solve_stats,enumerate_all,true,full_solve_stats,Unique,Unique,1,436,27767,23324,68050,118017,1445,275975
20260421T172600Z,data/unique_hard.txt,unique,hard,9,2...7..4.1.93........8..2..56...78.17.........9.26..3...573...46...1..98.........,26,classify_up_to_two,classify,true,classify_up_to_two,Unique,Unique,1,0,0,0,0,0,0,243823
20260421T172600Z,data/unique_hard.txt,unique,hard,9,2...7..4.1.93........8..2..56...78.17.........9.26..3...573...46...1..98.........,26,solve_one,first,true,classify_up_to_two,Unique,Unique,1,0,0,0,0,0,0,228373
20260421T172600Z,data/unique_hard.txt,unique,hard,9,2...7..4.1.93........8..2..56...78.17.........9.26..3...573...46...1..98.........,26,full_solve_stats,enumerate_all,true,full_solve_stats,Unique,Unique,1,480,29216,44303,53835,110238,1457,255946
20260421T172600Z,data/unique_hard.txt,unique,hard,10,.4...8.....6.2......57....8.52..7...1..35....4....27...7.9...64.......1....431..2,25,classify_up_to_two,classify,true,classify_up_to_two,Unique,Unique,1,0,0,0,0,0,0,213065
20260421T172600Z,data/unique_hard.txt,unique,hard,10,.4...8.....6.2......57....8.52..7...1..35....4....27...7.9...64.......1....431..2,25,solve_one,first,true,classify_up_to_two,Unique,Unique,1,0,0,0,0,0,0,183578
20260421T172600Z,data/unique_hard.txt,unique,hard,10,.4...8.....6.2......57....8.52..7...1..35....4....27...7.9...64.......1....431..2,25,full_solve_stats,enumerate_all,true,full_solve_stats,Unique,Unique,1,421,33386,27146,65002,51385,1380,211179
20260421T172600Z,data/unique_hard.txt,unique,hard,11,5.7.....8..6.4...7.937........3.7.5..3..2......2..18.........1.1..4...9.9.4..3...,24,classify_up_to_two,classify,true,classify_up_to_two,Unique,Unique,1,0,0,0,0,0,0,317045
20260421T172600Z,data/unique_hard.txt,unique,hard,11,5.7.....8..6.4...7.937........3.7.5..3..2......2..18.........1.1..4...9.9.4..3...,24,solve_one,first,true,classify_up_to_two,Unique,Unique,1,0,0,0,0,0,0,295657
20260421T172600Z,data/unique_hard.txt,unique,hard,11,5.7.....8..6.4...7.937........3.7.5..3..2......2..18.........1.1..4...9.9.4..3...,24,full_solve_stats,enumerate_all,true,full_solve_stats,Unique,Unique,1,417,17850,28088,162259,79682,1455,349014
20260421T172600Z,data/unique_hard.txt,unique,hard,12,.6.5...7.8.5..3..2.2......57...8..9..8..6...4...4..3.........3....7.56....3.98...,24,classify_up_to_two,classify,true,classify_up_to_two,Unique,Unique,1,0,0,0,0,0,0,215595
20260421T172600Z,data/unique_hard.txt,unique,hard,12,.6.5...7.8.5..3..2.2......57...8..9..8..6...4...4..3.........3....7.56....3.98...,24,solve_one,first,true,classify_up_to_two,Unique,Unique,1,0,0,0,0,0,0,165879
20260421T172600Z,data/unique_hard.txt,unique,hard,12,.6.5...7.8.5..3..2.2......57...8..9..8..6...4...4..3.........3....7.56....3.98...,24,full_solve_stats,enumerate_all,true,full_solve_stats,Unique,Unique,1,414,22634,40492,33762,92269,1373,216233
20260421T172600Z,data/unique_hard.txt,unique,hard,13,....2639..........2.83.....7.9....8.35...9.1....2....6....516..4.......7......53.,23,classify_up_to_two,classify,true,classify_up_to_two,Unique,Unique,1,0,0,0,0,0,0,480022
20260421T172600Z,data/unique_hard.txt,unique,hard,13,....2639..........2.83.....7.9....8.35...9.1....2....6....516..4.......7......53.,23,solve_one,first,true,classify_up_to_two,Unique,Unique,1,0,0,0,0,0,0,448641
20260421T172600Z,data/unique_hard.txt,unique,hard,13,....2639..........2.83.....7.9....8.35...9.1....2....6....516..4.......7......53.,23,full_solve_stats,enumerate_all,true,full_solve_stats,Unique,Unique,1,393,25694,27491,178899,209812,1572,502054
20260421T172600Z,data/unique_hard.txt,unique,hard,14,......6.....4...97...7.18.247..18......2....639...4.1..5....1..7...5......48.9.6.,26,classify_up_to_two,classify,true,classify_up_to_two,Unique,Unique,1,0,0,0,0,0,0,234584
20260421T172600Z,data/unique_hard.txt,unique,hard,14,......6.....4...97...7.18.247..18......2....639...4.1..5....1..7...5......48.9.6.,26,solve_one,first,true,classify_up_to_two,Unique,Unique,1,0,0,0,0,0,0,151121
20260421T172600Z,data/unique_hard.txt,unique,hard,14,......6.....4...97...7.18.247..18......2....639...4.1..5....1..7...5......48.9.6.,26,full_solve_stats,enumerate_all,true,full_solve_stats,Unique,Unique,1,336,11739,22874,47715,48757,1030,163995
20260421T172600Z,data/unique_hard.txt,unique,hard,15,9..6....5........1.31.4.7......586.7..2.1..4.......9..4....5.8..5.1.9.....9.7....,24,classify_up_to_two,classify,true,classify_up_to_two,Unique,Unique,1,0,0,0,0,0,0,196033
20260421T172600Z,data/unique_hard.txt,unique,hard,15,9..6....5........1.31.4.7......586.7..2.1..4.......9..4....5.8..5.1.9.....9.7....,24,solve_one,first,true,classify_up_to_two,Unique,Unique,1,0,0,0,0,0,0,179379
20260421T172600Z,data/unique_hard.txt,unique,hard,15,9..6....5........1.31.4.7......586.7..2.1..4.......9..4....5.8..5.1.9.....9.7....,24,full_solve_stats,enumerate_all,true,full_solve_stats,Unique,Unique,1,284,11031,23295,85777,54708,860,210646
20260421T172600Z,data/unique_hard.txt,unique,hard,16,6...7.....173.6...4.........9.2.35.....7.4.82.2..9....9...17..32.....7.1....3..65,27,classify_up_to_two,classify,true,classify_up_to_two,Unique,Unique,1,0,0,0,0,0,0,123143
20260421T172600Z,data/unique_hard.txt,unique,hard,16,6...7.....173.6...4.........9.2.35.....7.4.82.2..9....9...17..32.....7.1....3..65,27,solve_one,first,true,classify_up_to_two,Unique,Unique,1,0,0,0,0,0,0,102630
20260421T172600Z,data/unique_hard.txt,unique,hard,16,6...7.....173.6...4.........9.2.35.....7.4.82.2..9....9...17..32.....7.1....3..65,27,full_solve_stats,enumerate_all,true,full_solve_stats,Unique,Unique,1,273,10629,20704,37371,33049,778,129642
20260421T172600Z,data/unique_hard.txt,unique,hard,17,.32......64...1..9..589.......7.3.......4..63..9.6..8.......63........97..7..5...,23,classify_up_to_two,classify,true,classify_up_to_two,Unique,Unique,1,0,0,0,0,0,0,165388
20260421T172600Z,data/unique_hard.txt,unique,hard,17,.32......64...1..9..589.......7.3.......4..63..9.6..8.......63........97..7..5...,23,solve_one,first,true,classify_up_to_two,Unique,Unique,1,0,0,0,0,0,0,176991
20260421T172600Z,data/unique_hard.txt,unique,hard,17,.32......64...1..9..589.......7.3.......4..63..9.6..8.......63........97..7..5...,23,full_solve_stats,enumerate_all,true,full_solve_stats,Unique,Unique,1,413,22179,30333,52823,50979,958,184732
20260421T172600Z,data/unique_hard.txt,unique,hard,18,...4..56..1.5.6.9.....973....9.2..4.6....5......37....5.2.......63.........96.8..,24,classify_up_to_two,classify,true,classify_up_to_two,Unique,Unique,1,0,0,0,0,0,0,229832
20260421T172600Z,data/unique_hard.txt,unique,hard,18,...4..56..1.5.6.9.....973....9.2..4.6....5......37....5.2.......63.........96.8..,24,solve_one,first,true,classify_up_to_two,Unique,Unique,1,0,0,0,0,0,0,196889
20260421T172600Z,data/unique_hard.txt,unique,hard,18,...4..56..1.5.6.9.....973....9.2..4.6....5......37....5.2.......63.........96.8..,24,full_solve_stats,enumerate_all,true,full_solve_stats,Unique,Unique,1,286,13370,28298,53554,82217,883,206246
20260421T172600Z,data/unique_hard.txt,unique,hard,19,..24..83.....7....5.83..7.98.........23...15.49..2......7.1.......2.5..6..4...2..,25,classify_up_to_two,classify,true,classify_up_to_two,Unique,Unique,1,0,0,0,0,0,0,379944
20260421T172600Z,data/unique_hard.txt,unique,hard,19,..24..83.....7....5.83..7.98.........23...15.49..2......7.1.......2.5..6..4...2..,25,solve_one,first,true,classify_up_to_two,Unique,Unique,1,0,0,0,0,0,0,354390
20260421T172600Z,data/unique_hard.txt,unique,hard,19,..24..83.....7....5.83..7.98.........23...15.49..2......7.1.......2.5..6..4...2..,25,full_solve_stats,enumerate_all,true,full_solve_stats,Unique,Unique,1,294,11075,40536,138315,136476,955,387065
20260421T172600Z,data/unique_hard.txt,unique,hard,20,8.1....9..4..3.2..7.....158...........4..9...5..17.93....4.6....5.........791..8.,24,classify_up_to_two,classify,true,classify_up_to_two,Unique,Unique,1,0,0,0,0,0,0,155817
20260421T172600Z,data/unique_hard.txt,unique,hard,20,8.1....9..4..3.2..7.....158...........4..9...5..17.93....4.6....5.........791..8.,24,solve_one,first,true,classify_up_to_two,Unique,Unique,1,0,0,0,0,0,0,160026
20260421T172600Z,data/unique_hard.txt,unique,hard,20,8.1....9..4..3.2..7.....158...........4..9...5..17.93....4.6....5.........791..8.,24,full_solve_stats,enumerate_all,true,full_solve_stats,Unique,Unique,1,412,12250,23650,53589,39269,971,158679
20260421T172600Z,data/unique_hard.txt,unique,hard,21,....9....46.....7...9...51...53...4...3.2.8..8............819.7..16....223.......,23,classify_up_to_two,classify,true,classify_up_to_two,Unique,Unique,1,0,0,0,0,0,0,391175
20260421T172600Z,data/unique_hard.txt,unique,hard,21,....9....46.....7...9...51...53...4...3.2.8..8............819.7..16....223.......,23,solve_one,first,true,classify_up_to_two,Unique,Unique,1,0,0,0,0,0,0,357659
20260421T172600Z,data/unique_hard.txt,unique,hard,21,....9....46.....7...9...51...53...4...3.2.8..8............819.7..16....223.......,23,full_solve_stats,enumerate_all,true,full_solve_stats,Unique,Unique,1,339,12222,27752,139229,185129,912,392877
20260421T172600Z,data/unique_hard.txt,unique,hard,22,.4......39..7...4.3.6...2.......9.67....2..54..5.1.9.2..81.2....2..45..9.53......,27,classify_up_to_two,classify,true,classify_up_to_two,Unique,Unique,1,0,0,0,0,0,0,153001
20260421T172600Z,data/unique_hard.txt,unique,hard,22,.4......39..7...4.3.6...2.......9.67....2..54..5.1.9.2..81.2....2..45..9.53......,27,solve_one,first,true,classify_up_to_two,Unique,Unique,1,0,0,0,0,0,0,131860
20260421T172600Z,data/unique_hard.txt,unique,hard,22,.4......39..7...4.3.6...2.......9.67....2..54..5.1.9.2..81.2....2..45..9.53......,27,full_solve_stats,enumerate_all,true,full_solve_stats,Unique,Unique,1,281,6863,25519,31519,59242,965,147940
20260421T172600Z,data/unique_hard.txt,unique,hard,23,6.12.......89..7.....83..5.1....45...83.....74......8..29.1.........7.92.1.......,24,classify_up_to_two,classify,true,classify_up_to_two,Unique,Unique,1,0,0,0,0,0,0,202364
20260421T172600Z,data/unique_hard.txt,unique,hard,23,6.12.......89..7.....83..5.1....45...83.....74......8..29.1.........7.92.1.......,24,solve_one,first,true,classify_up_to_two,Unique,Unique,1,0,0,0,0,0,0,180592
20260421T172600Z,data/unique_hard.txt,unique,hard,23,6.12.......89..7.....83..5.1....45...83.....74......8..29.1.........7.92.1.......,24,full_solve_stats,enumerate_all,true,full_solve_stats,Unique,Unique,1,350,12455,26612,68715,73571,841,219306
20260421T172600Z,data/unique_hard.txt,unique,hard,24,..6.........3..8...2...1.4.....6.5....9.4...3.....9.7...31.54...1.9....8..52...6.,23,classify_up_to_two,classify,true,classify_up_to_two,Unique,Unique,1,0,0,0,0,0,0,115854
20260421T172600Z,data/unique_hard.txt,unique,hard,24,..6.........3..8...2...1.4.....6.5....9.4...3.....9.7...31.54...1.9....8..52...6.,23,solve_one,first,true,classify_up_to_two,Unique,Unique,1,0,0,0,0,0,0,97037
20260421T172600Z,data/unique_hard.txt,unique,hard,24,..6.........3..8...2...1.4.....6.5....9.4...3.....9.7...31.54...1.9....8..52...6.,23,full_solve_stats,enumerate_all,true,full_solve_stats,Unique,Unique,1,227,11717,21537,23273,25473,841,109350
20260421T172600Z,data/unique_hard.txt,unique,hard,25,471...8............2.1.9.4....5..698....8..7......2...7...9....6.8.7..51..4...3..,24,classify_up_to_two,classify,true,classify_up_to_two,Unique,Unique,1,0,0,0,0,0,0,401531
20260421T172600Z,data/unique_hard.txt,unique,hard,25,471...8............2.1.9.4....5..698....8..7......2...7...9....6.8.7..51..4...3..,24,solve_one,first,true,classify_up_to_two,Unique,Unique,1,0,0,0,0,0,0,130131
20260421T172600Z,data/unique_hard.txt,unique,hard,25,471...8............2.1.9.4....5..698....8..7......2...7...9....6.8.7..51..4...3..,24,full_solve_stats,enumerate_all,true,full_solve_stats,Unique,Unique,1,289,13131,35817,34856,34602,997,145413
20260421T172600Z,data/unique_hard.txt,unique,hard,26,.6..7....3.5..2..4..1.....2....41.6.7....9.........8.....5.7.49.96...1.......3...,22,classify_up_to_two,classify,true,classify_up_to_two,Unique,Unique,1,0,0,0,0,0,0,169847
20260421T172600Z,data/unique_hard.txt,unique,hard,26,.6..7....3.5..2..4..1.....2....41.6.7....9.........8.....5.7.49.96...1.......3...,22,solve_one,first,true,classify_up_to_two,Unique,Unique,1,0,0,0,0,0,0,150432
20260421T172600Z,data/unique_hard.txt,unique,hard,26,.6..7....3.5..2..4..1.....2....41.6.7....9.........8.....5.7.49.96...1.......3...,22,full_solve_stats,enumerate_all,true,full_solve_stats,Unique,Unique,1,276,11019,25361,57975,48552,941,175754
20260421T172600Z,data/unique_hard.txt,unique,hard,27,....3.5..........7...791.2.1.....6.88....39...9.5..24...9.46.8..1..........2..49.,25,classify_up_to_two,classify,true,classify_up_to_two,Unique,Unique,1,0,0,0,0,0,0,456554
20260421T172600Z,data/unique_hard.txt,unique,hard,27,....3.5..........7...791.2.1.....6.88....39...9.5..24...9.46.8..1..........2..49.,25,solve_one,first,true,classify_up_to_two,Unique,Unique,1,0,0,0,0,0,0,452032
20260421T172600Z,data/unique_hard.txt,unique,hard,27,....3.5..........7...791.2.1.....6.88....39...9.5..24...9.46.8..1..........2..49.,25,full_solve_stats,enumerate_all,true,full_solve_stats,Unique,Unique,1,338,14129,29106,249919,143190,925,497618
20260421T172600Z,data/unique_hard.txt,unique,hard,28,...9.1..69...56...1.6.7.5...7.8..3..82.....5...1..5......7.418.63....2...........,25,classify_up_to_two,classify,true,classify_up_to_two,Unique,Unique,1,0,0,0,0,0,0,122348
20260421T172600Z,data/unique_hard.txt,unique,hard,28,...9.1..69...56...1.6.7.5...7.8..3..82.....5...1..5......7.418.63....2...........,25,solve_one,first,true,classify_up_to_two,Unique,Unique,1,0,0,0,0,0,0,86067
20260421T172600Z,data/unique_hard.txt,unique,hard,28,...9.1..69...56...1.6.7.5...7.8..3..82.....5...1..5......7.418.63....2...........,25,full_solve_stats,enumerate_all,true,full_solve_stats,Unique,Unique,1,288,10349,25208,16183,37035,901,104897
20260421T172600Z,data/unique_hard.txt,unique,hard,29,......6...3....4.8....87...4.21...6..759468...8.2.....2........5....97.3....5...4,25,classify_up_to_two,classify,true,classify_up_to_two,Unique,Unique,1,0,0,0,0,0,0,346823
20260421T172600Z,data/unique_hard.txt,unique,hard,29,......6...3....4.8....87...4.21...6..759468...8.2.....2........5....97.3....5...4,25,solve_one,first,true,classify_up_to_two,Unique,Unique,1,0,0,0,0,0,0,318073
20260421T172600Z,data/unique_hard.txt,unique,hard,29,......6...3....4.8....87...4.21...6..759468...8.2.....2........5....97.3....5...4,25,full_solve_stats,enumerate_all,true,full_solve_stats,Unique,Unique,1,447,25459,26155,166405,84803,1417,363166
20260421T172600Z,data/unique_hard.txt,unique,hard,30,8...7.........65.8..13.......46.1..59...5...7...2..3...75.4.8...1.....53...12....,25,classify_up_to_two,classify,true,classify_up_to_two,Unique,Unique,1,0,0,0,0,0,0,313192
20260421T172600Z,data/unique_hard.txt,unique,hard,30,8...7.........65.8..13.......46.1..59...5...7...2..3...75.4.8...1.....53...12....,25,solve_one,first,true,classify_up_to_two,Unique,Unique,1,0,0,0,0,0,0,283328
20260421T172600Z,data/unique_hard.txt,unique,hard,30,8...7.........65.8..13.......46.1..59...5...7...2..3...75.4.8...1.....53...12....,25,full_solve_stats,enumerate_all,true,full_solve_stats,Unique,Unique,1,476,24471,47532,73249,159197,1372,324503
20260421T172600Z,data/unique_hard.txt,unique,hard,31,.3...2..1.......6.624..3...3..7..8..2.....3....12.4..7...51....4.......5..9....7.,23,classify_up_to_two,classify,true,classify_up_to_two,Unique,Unique,1,0,0,0,0,0,0,155405
20260421T172600Z,data/unique_hard.txt,unique,hard,31,.3...2..1.......6.624..3...3..7..8..2.....3....12.4..7...51....4.......5..9....7.,23,solve_one,first,true,classify_up_to_two,Unique,Unique,1,0,0,0,0,0,0,143105
20260421T172600Z,data/unique_hard.txt,unique,hard,31,.3...2..1.......6.624..3...3..7..8..2.....3....12.4..7...51....4.......5..9....7.,23,full_solve_stats,enumerate_all,true,full_solve_stats,Unique,Unique,1,371,37441,21786,37090,44789,1315,165101
20260421T172600Z,data/unique_hard.txt,unique,hard,32,2............81..5..623..914...1..7..5.978.2..2......89.........1.65.7...........,24,classify_up_to_two,classify,true,classify_up_to_two,Unique,Unique,1,0,0,0,0,0,0,328826
20260421T172600Z,data/unique_hard.txt,unique,hard,32,2............81..5..623..914...1..7..5.978.2..2......89.........1.65.7...........,24,solve_one,first,true,classify_up_to_two,Unique,Unique,1,0,0,0,0,0,0,337265
20260421T172600Z,data/unique_hard.txt,unique,hard,32,2............81..5..623..914...1..7..5.978.2..2......89.........1.65.7...........,24,full_solve_stats,enumerate_all,true,full_solve_stats,Unique,Unique,1,271,9115,48633,172534,62182,874,350883
20260421T172600Z,data/unique_hard.txt,unique,hard,33,3.7..6..4..4.5...9......1..21.3.95.....71.......6.....7.....6....3...2.8..6....3.,23,classify_up_to_two,classify,true,classify_up_to_two,Unique,Unique,1,0,0,0,0,0,0,209336
20260421T172600Z,data/unique_hard.txt,unique,hard,33,3.7..6..4..4.5...9......1..21.3.95.....71.......6.....7.....6....3...2.8..6....3.,23,solve_one,first,true,classify_up_to_two,Unique,Unique,1,0,0,0,0,0,0,177215
20260421T172600Z,data/unique_hard.txt,unique,hard,33,3.7..6..4..4.5...9......1..21.3.95.....71.......6.....7.....6....3...2.8..6....3.,23,full_solve_stats,enumerate_all,true,full_solve_stats,Unique,Unique,1,260,9764,38907,59511,57225,897,196359
20260421T172600Z,data/unique_hard.txt,unique,hard,34,61...28...8..4..5...5..........8...1......4..192.......6....2.5...7...3.4...39..7,23,classify_up_to_two,classify,true,classify_up_to_two,Unique,Unique,1,0,0,0,0,0,0,451125
20260421T172600Z,data/unique_hard.txt,unique,hard,34,61...28...8..4..5...5..........8...1......4..192.......6....2.5...7...3.4...39..7,23,solve_one,first,true,classify_up_to_two,Unique,Unique,1,0,0,0,0,0,0,450687
20260421T172600Z,data/unique_hard.txt,unique,hard,34,61...28...8..4..5...5..........8...1......4..192.......6....2.5...7...3.4...39..7,23,full_solve_stats,enumerate_all,true,full_solve_stats,Unique,Unique,1,317,7793,31610,265255,134961,1648,510030
20260421T172600Z,data/unique_hard.txt,unique,hard,35,38...7.565....42.8..9.....36.5..............2.9.6.34...........24.13......1.9.8..,25,classify_up_to_two,classify,true,classify_up_to_two,Unique,Unique,1,0,0,0,0,0,0,95229
20260421T172600Z,data/unique_hard.txt,unique,hard,35,38...7.565....42.8..9.....36.5..............2.9.6.34...........24.13......1.9.8..,25,solve_one,first,true,classify_up_to_two,Unique,Unique,1,0,0,0,0,0,0,75436
20260421T172600Z,data/unique_hard.txt,unique,hard,35,38...7.565....42.8..9.....36.5..............2.9.6.34...........24.13......1.9.8..,25,full_solve_stats,enumerate_all,true,full_solve_stats,Unique,Unique,1,330,15832,22358,14622,23711,939,110293
20260421T172600Z,data/unique_hard.txt,unique,hard,36,..27.61.....1..6..4.......5..3.7..2..4.9...5......8...5...6..7...7....9.89......4,23,classify_up_to_two,classify,true,classify_up_to_two,Unique,Unique,1,0,0,0,0,0,0,230457
20260421T172600Z,data/unique_hard.txt,unique,hard,36,..27.61.....1..6..4.......5..3.7..2..4.9...5......8...5...6..7...7....9.89......4,23,solve_one,first,true,classify_up_to_two,Unique,Unique,1,0,0,0,0,0,0,216345
20260421T172600Z,data/unique_hard.txt,unique,hard,36,..27.61.....1..6..4.......5..3.7..2..4.9...5......8...5...6..7...7....9.89......4,23,full_solve_stats,enumerate_all,true,full_solve_stats,Unique,Unique,1,264,8115,29243,84246,79064,933,235223
20260421T172600Z,data/unique_hard.txt,unique,hard,37,.....13.7.9.......6....5..4..91.3....2.8..7.151.........26..8...3.....5.4....96..,24,classify_up_to_two,classify,true,classify_up_to_two,Unique,Unique,1,0,0,0,0,0,0,106110
20260421T172600Z,data/unique_hard.txt,unique,hard,37,.....13.7.9.......6....5..4..91.3....2.8..7.151.........26..8...3.....5.4....96..,24,solve_one,first,true,classify_up_to_two,Unique,Unique,1,0,0,0,0,0,0,86629
20260421T172600Z,data/unique_hard.txt,unique,hard,37,.....13.7.9.......6....5..4..91.3....2.8..7.151.........26..8...3.....5.4....96..,24,full_solve_stats,enumerate_all,true,full_solve_stats,Unique,Unique,1,230,14436,15935,24905,29496,826,112724
20260421T172600Z,data/unique_hard.txt,unique,hard,38,3.......892..4..7...8.2.69.19.46...3.4...3..5.....9..68..75.....7.........2.3....,26,classify_up_to_two,classify,true,classify_up_to_two,Unique,Unique,1,0,0,0,0,0,0,127901
20260421T172600Z,data/unique_hard.txt,unique,hard,38,3.......892..4..7...8.2.69.19.46...3.4...3..5.....9..68..75.....7.........2.3....,26,solve_one,first,true,classify_up_to_two,Unique,Unique,1,0,0,0,0,0,0,112225
20260421T172600Z,data/unique_hard.txt,unique,hard,38,3.......892..4..7...8.2.69.19.46...3.4...3..5.....9..68..75.....7.........2.3....,26,full_solve_stats,enumerate_all,true,full_solve_stats,Unique,Unique,1,291,12327,21253,29728,46992,886,131868
20260421T172600Z,data/unique_hard.txt,unique,hard,39,..3...7...2.9.7...5..2....89.......66....293....6..4...5..43.6.7.9.8..4........5.,25,classify_up_to_two,classify,true,classify_up_to_two,Unique,Unique,1,0,0,0,0,0,0,150223
20260421T172600Z,data/unique_hard.txt,unique,hard,39,..3...7...2.9.7...5..2....89.......66....293....6..4...5..43.6.7.9.8..4........5.,25,solve_one,first,true,classify_up_to_two,Unique,Unique,1,0,0,0,0,0,0,136343
20260421T172600Z,data/unique_hard.txt,unique,hard,39,..3...7...2.9.7...5..2....89.......66....293....6..4...5..43.6.7.9.8..4........5.,25,full_solve_stats,enumerate_all,true,full_solve_stats,Unique,Unique,1,305,13690,24893,43933,37528,833,145298
20260421T172600Z,data/unique_hard.txt,unique,hard,40,.....4...8.6.32..9.3..698.......87..9..6..5....1.......45....6..8..2.....62.45..8,26,classify_up_to_two,classify,true,classify_up_to_two,Unique,Unique,1,0,0,0,0,0,0,119921
20260421T172600Z,data/unique_hard.txt,unique,hard,40,.....4...8.6.32..9.3..698.......87..9..6..5....1.......45....6..8..2.....62.45..8,26,solve_one,first,true,classify_up_to_two,Unique,Unique,1,0,0,0,0,0,0,101741
20260421T172600Z,data/unique_hard.txt,unique,hard,40,.....4...8.6.32..9.3..698.......87..9..6..5....1.......45....6..8..2.....62.45..8,26,full_solve_stats,enumerate_all,true,full_solve_stats,Unique,Unique,1,257,9558,19941,34467,28394,823,116145
20260421T172600Z,data/unique_hard.txt,unique,hard,41,.4.........3.2.........59.1.8...9.3.129....8....7..4......7.69.6..31...22....8...,24,classify_up_to_two,classify,true,classify_up_to_two,Unique,Unique,1,0,0,0,0,0,0,139122
20260421T172600Z,data/unique_hard.txt,unique,hard,41,.4.........3.2.........59.1.8...9.3.129....8....7..4......7.69.6..31...22....8...,24,solve_one,first,true,classify_up_to_two,Unique,Unique,1,0,0,0,0,0,0,132001
20260421T172600Z,data/unique_hard.txt,unique,hard,41,.4.........3.2.........59.1.8...9.3.129....8....7..4......7.69.6..31...22....8...,24,full_solve_stats,enumerate_all,true,full_solve_stats,Unique,Unique,1,290,8125,23232,47476,37819,833,144625
20260421T172600Z,data/unique_hard.txt,unique,hard,42,3..2..9......7.5.1......6..1...5...2..7..9..3.....3.4.983......2......98..5.3....,23,classify_up_to_two,classify,true,classify_up_to_two,Unique,Unique,1,0,0,0,0,0,0,114364
20260421T172600Z,data/unique_hard.txt,unique,hard,42,3..2..9......7.5.1......6..1...5...2..7..9..3.....3.4.983......2......98..5.3....,23,solve_one,first,true,classify_up_to_two,Unique,Unique,1,0,0,0,0,0,0,96363
20260421T172600Z,data/unique_hard.txt,unique,hard,42,3..2..9......7.5.1......6..1...5...2..7..9..3.....3.4.983......2......98..5.3....,23,full_solve_stats,enumerate_all,true,full_solve_stats,Unique,Unique,1,278,11923,16820,29068,27349,840,109475
20260421T172600Z,data/unique_hard.txt,unique,hard,43,1.3....25.5......468.1......395.....5.....2.6....97......7.1.5.............2.9617,25,classify_up_to_two,classify,true,classify_up_to_two,Unique,Unique,1,0,0,0,0,0,0,121791
20260421T172600Z,data/unique_hard.txt,unique,hard,43,1.3....25.5......468.1......395.....5.....2.6....97......7.1.5.............2.9617,25,solve_one,first,true,classify_up_to_two,Unique,Unique,1,0,0,0,0,0,0,107713
20260421T172600Z,data/unique_hard.txt,unique,hard,43,1.3....25.5......468.1......395.....5.....2.6....97......7.1.5.............2.9617,25,full_solve_stats,enumerate_all,true,full_solve_stats,Unique,Unique,1,254,6794,17107,42667,28263,932,121429
20260421T172600Z,data/unique_hard.txt,unique,hard,44,.2...9.4.3..4........25..9......8.6....64...3.59.138...7.....5...1.....9....67.32,26,classify_up_to_two,classify,true,classify_up_to_two,Unique,Unique,1,0,0,0,0,0,0,153797
20260421T172600Z,data/unique_hard.txt,unique,hard,44,.2...9.4.3..4........25..9......8.6....64...3.59.138...7.....5...1.....9....67.32,26,solve_one,first,true,classify_up_to_two,Unique,Unique,1,0,0,0,0,0,0,123676
20260421T172600Z,data/unique_hard.txt,unique,hard,44,.2...9.4.3..4........25..9......8.6....64...3.59.138...7.....5...1.....9....67.32,26,full_solve_stats,enumerate_all,true,full_solve_stats,Unique,Unique,1,266,13747,17347,25123,62396,859,140787
20260421T172600Z,data/unique_hard.txt,unique,hard,45,........4....53.1...281.....4.9.2..5.3....7...78.6....1.....5.8.85....2......7...,23,classify_up_to_two,classify,true,classify_up_to_two,Unique,Unique,1,0,0,0,0,0,0,117239
20260421T172600Z,data/unique_hard.txt,unique,hard,45,........4....53.1...281.....4.9.2..5.3....7...78.6....1.....5.8.85....2......7...,23,solve_one,first,true,classify_up_to_two,Unique,Unique,1,0,0,0,0,0,0,97343
20260421T172600Z,data/unique_hard.txt,unique,hard,45,........4....53.1...281.....4.9.2..5.3....7...78.6....1.....5.8.85....2......7...,23,full_solve_stats,enumerate_all,true,full_solve_stats,Unique,Unique,1,239,14334,17959,14694,42069,853,103948
20260421T172600Z,data/unique_hard.txt,unique,hard,46,...358....6.7......582..1...4....6..7..63......2..4.71.....2....79...4........93.,24,classify_up_to_two,classify,true,classify_up_to_two,Unique,Unique,1,0,0,0,0,0,0,123724
20260421T172600Z,data/unique_hard.txt,unique,hard,46,...358....6.7......582..1...4....6..7..63......2..4.71.....2....79...4........93.,24,solve_one,first,true,classify_up_to_two,Unique,Unique,1,0,0,0,0,0,0,109058
20260421T172600Z,data/unique_hard.txt,unique,hard,46,...358....6.7......582..1...4....6..7..63......2..4.71.....2....79...4........93.,24,full_solve_stats,enumerate_all,true,full_solve_stats,Unique,Unique,1,255,9353,17371,36311,39093,1314,126903
20260421T172600Z,data/unique_hard.txt,unique,hard,47,7....9.1.........642..5....5.6...24........9....23..5.....48...69...7..4.8..9.3..,24,classify_up_to_two,classify,true,classify_up_to_two,Unique,Unique,1,0,0,0,0,0,0,167580
20260421T172600Z,data/unique_hard.txt,unique,hard,47,7....9.1.........642..5....5.6...24........9....23..5.....48...69...7..4.8..9.3..,24,solve_one,first,true,classify_up_to_two,Unique,Unique,1,0,0,0,0,0,0,138550
20260421T172600Z,data/unique_hard.txt,unique,hard,47,7....9.1.........642..5....5.6...24........9....23..5.....48...69...7..4.8..9.3..,24,full_solve_stats,enumerate_all,true,full_solve_stats,Unique,Unique,1,335,9177,19206,42706,72983,907,171637
20260421T172600Z,data/unique_hard.txt,unique,hard,48,4..62....2..85...636..1......8....697..34...2............2..9.4.2...93.5.....5...,25,classify_up_to_two,classify,true,classify_up_to_two,Unique,Unique,1,0,0,0,0,0,0,124342
20260421T172600Z,data/unique_hard.txt,unique,hard,48,4..62....2..85...636..1......8....697..34...2............2..9.4.2...93.5.....5...,25,solve_one,first,true,classify_up_to_two,Unique,Unique,1,0,0,0,0,0,0,84678
20260421T172600Z,data/unique_hard.txt,unique,hard,48,4..62....2..85...636..1......8....697..34...2............2..9.4.2...93.5.....5...,25,full_solve_stats,enumerate_all,true,full_solve_stats,Unique,Unique,1,273,9029,16535,16177,36682,810,96058
20260421T172600Z,data/unique_hard.txt,unique,hard,49,7..4...3..9..1.....4....2.9.....37.5..3.2..........16......795..79......8.5..6..4,24,classify_up_to_two,classify,true,classify_up_to_two,Unique,Unique,1,0,0,0,0,0,0,141248
20260421T172600Z,data/unique_hard.txt,unique,hard,49,7..4...3..9..1.....4....2.9.....37.5..3.2..........16......795..79......8.5..6..4,24,solve_one,first,true,classify_up_to_two,Unique,Unique,1,0,0,0,0,0,0,122191
20260421T172600Z,data/unique_hard.txt,unique,hard,49,7..4...3..9..1.....4....2.9.....37.5..3.2..........16......795..79......8.5..6..4,24,full_solve_stats,enumerate_all,true,full_solve_stats,Unique,Unique,1,310,11447,19741,40780,39331,878,136628
20260421T172600Z,data/unique_hard.txt,unique,hard,50,.9.5.......4......3.8.2.6..8.6.7.42....9...87.....4........9..5...1....327.......,22,classify_up_to_two,classify,true,classify_up_to_two,Unique,Unique,1,0,0,0,0,0,0,163114
20260421T172600Z,data/unique_hard.txt,unique,hard,50,.9.5.......4......3.8.2.6..8.6.7.42....9...87.....4........9..5...1....327.......,22,solve_one,first,true,classify_up_to_two,Unique,Unique,1,0,0,0,0,0,0,140169
20260421T172600Z,data/unique_hard.txt,unique,hard,50,.9.5.......4......3.8.2.6..8.6.7.42....9...87.....4........9..5...1....327.......,22,full_solve_stats,enumerate_all,true,full_solve_stats,Unique,Unique,1,282,13141,22525,46355,68395,855,176000
20260421T172600Z,data/unique_hard.txt,unique,hard,51,....51.4.5..29..3.....7......7.....823.....6..4978.....2.6...........6.1.7......4,23,classify_up_to_two,classify,true,classify_up_to_two,Unique,Unique,1,0,0,0,0,0,0,302171
20260421T172600Z,data/unique_hard.txt,unique,hard,51,....51.4.5..29..3.....7......7.....823.....6..4978.....2.6...........6.1.7......4,23,solve_one,first,true,classify_up_to_two,Unique,Unique,1,0,0,0,0,0,0,274331
20260421T172600Z,data/unique_hard.txt,unique,hard,51,....51.4.5..29..3.....7......7.....823.....6..4978.....2.6...........6.1.7......4,23,full_solve_stats,enumerate_all,true,full_solve_stats,Unique,Unique,1,319,15699,37564,71659,169084,833,310597
20260421T172600Z,data/unique_hard.txt,unique,hard,52,..4..6...3...5.97.7.....56...567..32........1.614......3..8..2....9......27......,24,classify_up_to_two,classify,true,classify_up_to_two,Unique,Unique,1,0,0,0,0,0,0,131929
20260421T172600Z,data/unique_hard.txt,unique,hard,52,..4..6...3...5.97.7.....56...567..32........1.614......3..8..2....9......27......,24,solve_one,first,true,classify_up_to_two,Unique,Unique,1,0,0,0,0,0,0,113174
20260421T172600Z,data/unique_hard.txt,unique,hard,52,..4..6...3...5.97.7.....56...567..32........1.614......3..8..2....9......27......,24,full_solve_stats,enumerate_all,true,full_solve_stats,Unique,Unique,1,306,9815,19583,26496,43942,818,121129
20260421T172600Z,data/unique_hard.txt,unique,hard,53,...8.......9..1....8..5..3...2..8..4.......17.14.....9.9.....62...6378..1..9..7..,24,classify_up_to_two,classify,true,classify_up_to_two,Unique,Unique,1,0,0,0,0,0,0,193195
20260421T172600Z,data/unique_hard.txt,unique,hard,53,...8.......9..1....8..5..3...2..8..4.......17.14.....9.9.....62...6378..1..9..7..,24,solve_one,first,true,classify_up_to_two,Unique,Unique,1,0,0,0,0,0,0,172621
20260421T172600Z,data/unique_hard.txt,unique,hard,53,...8.......9..1....8..5..3...2..8..4.......17.14.....9.9.....62...6378..1..9..7..,24,full_solve_stats,enumerate_all,true,full_solve_stats,Unique,Unique,1,293,9947,23871,77979,59520,798,205560
20260421T172600Z,data/unique_hard.txt,unique,hard,54,.6.8.2.....1...5.2......3...92..186.1...7.....8.3.......9....41...2.76.....4....5,24,classify_up_to_two,classify,true,classify_up_to_two,Unique,Unique,1,0,0,0,0,0,0,159993
20260421T172600Z,data/unique_hard.txt,unique,hard,54,.6.8.2.....1...5.2......3...92..186.1...7.....8.3.......9....41...2.76.....4....5,24,solve_one,first,true,classify_up_to_two,Unique,Unique,1,0,0,0,0,0,0,137637
20260421T172600Z,data/unique_hard.txt,unique,hard,54,.6.8.2.....1...5.2......3...92..186.1...7.....8.3.......9....41...2.76.....4....5,24,full_solve_stats,enumerate_all,true,full_solve_stats,Unique,Unique,1,296,18459,18490,28108,75846,857,162550
20260421T172600Z,data/unique_hard.txt,unique,hard,55,2..8....1..56.........91..7.9..13....3.5.....7.2.6.....7.3..5......82.4...6....7.,24,classify_up_to_two,classify,true,classify_up_to_two,Unique,Unique,1,0,0,0,0,0,0,183199
20260421T172600Z,data/unique_hard.txt,unique,hard,55,2..8....1..56.........91..7.9..13....3.5.....7.2.6.....7.3..5......82.4...6....7.,24,solve_one,first,true,classify_up_to_two,Unique,Unique,1,0,0,0,0,0,0,165939
20260421T172600Z,data/unique_hard.txt,unique,hard,55,2..8....1..56.........91..7.9..13....3.5.....7.2.6.....7.3..5......82.4...6....7.,24,full_solve_stats,enumerate_all,true,full_solve_stats,Unique,Unique,1,345,18031,27897,58207,51789,908,185332
20260421T172600Z,data/unique_hard.txt,unique,hard,56,......8.....2.7.96...98...4..73...........4..3.1...9.86..5...1...5..6..72.9..4...,24,classify_up_to_two,classify,true,classify_up_to_two,Unique,Unique,1,0,0,0,0,0,0,162752
20260421T172600Z,data/unique_hard.txt,unique,hard,56,......8.....2.7.96...98...4..73...........4..3.1...9.86..5...1...5..6..72.9..4...,24,solve_one,first,true,classify_up_to_two,Unique,Unique,1,0,0,0,0,0,0,253187
20260421T172600Z,data/unique_hard.txt,unique,hard,56,......8.....2.7.96...98...4..73...........4..3.1...9.86..5...1...5..6..72.9..4...,24,full_solve_stats,enumerate_all,true,full_solve_stats,Unique,Unique,1,623,53708,51970,86863,92029,1751,326192
20260421T172600Z,data/unique_hard.txt,unique,hard,57,.....1.76.........5...3..9..7.6.3.1...8.....79...4..6.7..9......4.....8.89..5..4.,23,classify_up_to_two,classify,true,classify_up_to_two,Unique,Unique,1,0,0,0,0,0,0,632903
20260421T172600Z,data/unique_hard.txt,unique,hard,57,.....1.76.........5...3..9..7.6.3.1...8.....79...4..6.7..9......4.....8.89..5..4.,23,solve_one,first,true,classify_up_to_two,Unique,Unique,1,0,0,0,0,0,0,589281
20260421T172600Z,data/unique_hard.txt,unique,hard,57,.....1.76.........5...3..9..7.6.3.1...8.....79...4..6.7..9......4.....8.89..5..4.,23,full_solve_stats,enumerate_all,true,full_solve_stats,Unique,Unique,1,356,16285,29062,353011,173928,1527,664962
20260421T172600Z,data/unique_hard.txt,unique,hard,58,.2.8....35...97.4...1..........4.9.78..........93.8..27..563...4.........654....8,25,classify_up_to_two,classify,true,classify_up_to_two,Unique,Unique,1,0,0,0,0,0,0,265775
20260421T172600Z,data/unique_hard.txt,unique,hard,58,.2.8....35...97.4...1..........4.9.78..........93.8..27..563...4.........654....8,25,solve_one,first,true,classify_up_to_two,Unique,Unique,1,0,0,0,0,0,0,252211
20260421T172600Z,data/unique_hard.txt,unique,hard,58,.2.8....35...97.4...1..........4.9.78..........93.8..27..563...4.........654....8,25,full_solve_stats,enumerate_all,true,full_solve_stats,Unique,Unique,1,444,17074,28432,136698,65680,1361,307323
20260421T172600Z,data/unique_hard.txt,unique,hard,59,.9.5.7.1.4....1..23...........6....428....9......237....91...8.73........1.....6.,23,classify_up_to_two,classify,true,classify_up_to_two,Unique,Unique,1,0,0,0,0,0,0,609091
20260421T172600Z,data/unique_hard.txt,unique,hard,59,.9.5.7.1.4....1..23...........6....428....9......237....91...8.73........1.....6.,23,solve_one,first,true,classify_up_to_two,Unique,Unique,1,0,0,0,0,0,0,562360
20260421T172600Z,data/unique_hard.txt,unique,hard,59,.9.5.7.1.4....1..23...........6....428....9......237....91...8.73........1.....6.,23,full_solve_stats,enumerate_all,true,full_solve_stats,Unique,Unique,1,429,16926,54014,340982,125604,1392,644736
20260421T172600Z,data/unique_hard.txt,unique,hard,60,1....4..2..27....49...5.7...9..21..8.6.....3...1..9........71..52...........3.62.,24,classify_up_to_two,classify,true,classify_up_to_two,Unique,Unique,1,0,0,0,0,0,0,316278
20260421T172600Z,data/unique_hard.txt,unique,hard,60,1....4..2..27....49...5.7...9..21..8.6.....3...1..9........71..52...........3.62.,24,solve_one,first,true,classify_up_to_two,Unique,Unique,1,0,0,0,0,0,0,228364
20260421T172600Z,data/unique_hard.txt,unique,hard,60,1....4..2..27....49...5.7...9..21..8.6.....3...1..9........71..52...........3.62.,24,full_solve_stats,enumerate_all,true,full_solve_stats,Unique,Unique,1,415,21845,24927,62161,146028,1407,288543
20260421T172600Z,data/unique_hard.txt,unique,hard,61,29.4.71.........276.1......4..1...6......8..9...6....4....5...6.4..2...39..8..7..,24,classify_up_to_two,classify,true,classify_up_to_two,Unique,Unique,1,0,0,0,0,0,0,178105
20260421T172600Z,data/unique_hard.txt,unique,hard,61,29.4.71.........276.1......4..1...6......8..9...6....4....5...6.4..2...39..8..7..,24,solve_one,first,true,classify_up_to_two,Unique,Unique,1,0,0,0,0,0,0,126575
20260421T172600Z,data/unique_hard.txt,unique,hard,61,29.4.71.........276.1......4..1...6......8..9...6....4....5...6.4..2...39..8..7..,24,full_solve_stats,enumerate_all,true,full_solve_stats,Unique,Unique,1,313,12756,57028,50074,40526,1015,190292
20260421T172600Z,data/unique_hard.txt,unique,hard,62,......1471......3...5.7.....6..2..1.2..73...8..8..9.....6.1.72..9.8...5....2..4..,25,classify_up_to_two,classify,true,classify_up_to_two,Unique,Unique,1,0,0,0,0,0,0,217940
20260421T172600Z,data/unique_hard.txt,unique,hard,62,......1471......3...5.7.....6..2..1.2..73...8..8..9.....6.1.72..9.8...5....2..4..,25,solve_one,first,true,classify_up_to_two,Unique,Unique,1,0,0,0,0,0,0,201022
20260421T172600Z,data/unique_hard.txt,unique,hard,62,......1471......3...5.7.....6..2..1.2..73...8..8..9.....6.1.72..9.8...5....2..4..,25,full_solve_stats,enumerate_all,true,full_solve_stats,Unique,Unique,1,285,9636,24258,58187,83908,814,215530
20260421T172600Z,data/unique_hard.txt,unique,hard,63,...6..1....7....6.62...8.7..3..4..2.5..13....9.......6...8....9.8....4...5......8,22,classify_up_to_two,classify,true,classify_up_to_two,Unique,Unique,1,0,0,0,0,0,0,2946366
20260421T172600Z,data/unique_hard.txt,unique,hard,63,...6..1....7....6.62...8.7..3..4..2.5..13....9.......6...8....9.8....4...5......8,22,solve_one,first,true,classify_up_to_two,Unique,Unique,1,0,0,0,0,0,0,3105219
20260421T172600Z,data/unique_hard.txt,unique,hard,63,...6..1....7....6.62...8.7..3..4..2.5..13....9.......6...8....9.8....4...5......8,22,full_solve_stats,enumerate_all,true,full_solve_stats,Unique,Unique,1,379,12105,119521,2387371,343481,1266,3101648
20260421T172600Z,data/unique_hard.txt,unique,hard,64,........8..8....76.1..7.2.32........7...69......5...8....158.4...64....74........,22,classify_up_to_two,classify,true,classify_up_to_two,Unique,Unique,1,0,0,0,0,0,0,160951
20260421T172600Z,data/unique_hard.txt,unique,hard,64,........8..8....76.1..7.2.32........7...69......5...8....158.4...64....74........,22,solve_one,first,true,classify_up_to_two,Unique,Unique,1,0,0,0,0,0,0,128232
20260421T172600Z,data/unique_hard.txt,unique,hard,64,........8..8....76.1..7.2.32........7...69......5...8....158.4...64....74........,22,full_solve_stats,enumerate_all,true,full_solve_stats,Unique,Unique,1,291,12249,20584,43889,35815,828,141057
20260421T172600Z,data/unique_hard.txt,unique,hard,65,.6..9.8....7..2.....5....7..34.....91...85..7.2.....4.....7..54...1........5..26.,23,classify_up_to_two,classify,true,classify_up_to_two,Unique,Unique,1,0,0,0,0,0,0,232288
20260421T172600Z,data/unique_hard.txt,unique,hard,65,.6..9.8....7..2.....5....7..34.....91...85..7.2.....4.....7..54...1........5..26.,23,solve_one,first,true,classify_up_to_two,Unique,Unique,1,0,0,0,0,0,0,236452
20260421T172600Z,data/unique_hard.txt,unique,hard,65,.6..9.8....7..2.....5....7..34.....91...85..7.2.....4.....7..54...1........5..26.,23,full_solve_stats,enumerate_all,true,full_solve_stats,Unique,Unique,1,424,28492,19792,62142,94020,1369,239941
20260421T172600Z,data/unique_hard.txt,unique,hard,66,.4....56.8......31..1.432....8.17...2...3..1......5...9.38...2.....9..8...4..6..7,26,classify_up_to_two,classify,true,classify_up_to_two,Unique,Unique,1,0,0,0,0,0,0,238377
20260421T172600Z,data/unique_hard.txt,unique,hard,66,.4....56.8......31..1.432....8.17...2...3..1......5...9.38...2.....9..8...4..6..7,26,solve_one,first,true,classify_up_to_two,Unique,Unique,1,0,0,0,0,0,0,217195
20260421T172600Z,data/unique_hard.txt,unique,hard,66,.4....56.8......31..1.432....8.17...2...3..1......5...9.38...2.....9..8...4..6..7,26,full_solve_stats,enumerate_all,true,full_solve_stats,Unique,Unique,1,453,18603,21099,53817,124299,1369,249671
20260421T172600Z,data/unique_hard.txt,unique,hard,67,....19.2.4...2..6...93....7...2.3...17......9....9.3.4.96...83..5.6.............1,24,classify_up_to_two,classify,true,classify_up_to_two,Unique,Unique,1,0,0,0,0,0,0,174304
20260421T172600Z,data/unique_hard.txt,unique,hard,67,....19.2.4...2..6...93....7...2.3...17......9....9.3.4.96...83..5.6.............1,24,solve_one,first,true,classify_up_to_two,Unique,Unique,1,0,0,0,0,0,0,154260
20260421T172600Z,data/unique_hard.txt,unique,hard,67,....19.2.4...2..6...93....7...2.3...17......9....9.3.4.96...83..5.6.............1,24,full_solve_stats,enumerate_all,true,full_solve_stats,Unique,Unique,1,450,37775,31864,35465,62073,1501,191830
20260421T172600Z,data/unique_hard.txt,unique,hard,68,...8.6.....8....5113..2...4..4..839....64...7.1.......569..4.7..73.5.............,25,classify_up_to_two,classify,true,classify_up_to_two,Unique,Unique,1,0,0,0,0,0,0,164197
20260421T172600Z,data/unique_hard.txt,unique,hard,68,...8.6.....8....5113..2...4..4..839....64...7.1.......569..4.7..73.5.............,25,solve_one,first,true,classify_up_to_two,Unique,Unique,1,0,0,0,0,0,0,152053
20260421T172600Z,data/unique_hard.txt,unique,hard,68,...8.6.....8....5113..2...4..4..839....64...7.1.......569..4.7..73.5.............,25,full_solve_stats,enumerate_all,true,full_solve_stats,Unique,Unique,1,442,18589,24878,69049,48550,1425,194391
20260421T172600Z,data/unique_hard.txt,unique,hard,69,...384...34.7...1....6....5........1....38.2..6....74..26..........1....4.7...2..,22,classify_up_to_two,classify,true,classify_up_to_two,Unique,Unique,1,0,0,0,0,0,0,254318
20260421T172600Z,data/unique_hard.txt,unique,hard,69,...384...34.7...1....6....5........1....38.2..6....74..26..........1....4.7...2..,22,solve_one,first,true,classify_up_to_two,Unique,Unique,1,0,0,0,0,0,0,239125
20260421T172600Z,data/unique_hard.txt,unique,hard,69,...384...34.7...1....6....5........1....38.2..6....74..26..........1....4.7...2..,22,full_solve_stats,enumerate_all,true,full_solve_stats,Unique,Unique,1,395,26090,34981,61788,61078,944,224475
20260421T172600Z,data/unique_hard.txt,unique,hard,70,.2.............74.7..6...15347.5.8..2.98...........9..8..5..6......7...36.3..9..7,25,classify_up_to_two,classify,true,classify_up_to_two,Unique,Unique,1,0,0,0,0,0,0,161837
20260421T172600Z,data/unique_hard.txt,unique,hard,70,.2.............74.7..6...15347.5.8..2.98...........9..8..5..6......7...36.3..9..7,25,solve_one,first,true,classify_up_to_two,Unique,Unique,1,0,0,0,0,0,0,143263
20260421T172600Z,data/unique_hard.txt,unique,hard,70,.2.............74.7..6...15347.5.8..2.98...........9..8..5..6......7...36.3..9..7,25,full_solve_stats,enumerate_all,true,full_solve_stats,Unique,Unique,1,351,7885,23017,57054,47281,1294,166176
20260421T172600Z,data/unique_hard.txt,unique,hard,71,..4.3.6....2.......6..218..9...83....2.4...........985........1....48.53..52.7...,24,classify_up_to_two,classify,true,classify_up_to_two,Unique,Unique,1,0,0,0,0,0,0,211026
20260421T172600Z,data/unique_hard.txt,unique,hard,71,..4.3.6....2.......6..218..9...83....2.4...........985........1....48.53..52.7...,24,solve_one,first,true,classify_up_to_two,Unique,Unique,1,0,0,0,0,0,0,196368
20260421T172600Z,data/unique_hard.txt,unique,hard,71,..4.3.6....2.......6..218..9...83....2.4...........985........1....48.53..52.7...,24,full_solve_stats,enumerate_all,true,full_solve_stats,Unique,Unique,1,284,15955,27532,75012,85819,929,232604
20260421T172600Z,data/unique_hard.txt,unique,hard,72,35....7...9.4...8...1...6.......89..5..9.7..1..6.1..75.......9....793....4....1..,24,classify_up_to_two,classify,true,classify_up_to_two,Unique,Unique,1,0,0,0,0,0,0,269071
20260421T172600Z,data/unique_hard.txt,unique,hard,72,35....7...9.4...8...1...6.......89..5..9.7..1..6.1..75.......9....793....4....1..,24,solve_one,first,true,classify_up_to_two,Unique,Unique,1,0,0,0,0,0,0,243341
20260421T172600Z,data/unique_hard.txt,unique,hard,72,35....7...9.4...8...1...6.......89..5..9.7..1..6.1..75.......9....793....4....1..,24,full_solve_stats,enumerate_all,true,full_solve_stats,Unique,Unique,1,299,10797,52786,72794,115086,870,269834
20260421T172600Z,data/unique_hard.txt,unique,hard,73,...8....9.....1..47..5..1..6.5....4..493.5..7.3.4...6..937......7.....51.....2...,25,classify_up_to_two,classify,true,classify_up_to_two,Unique,Unique,1,0,0,0,0,0,0,135221
20260421T172600Z,data/unique_hard.txt,unique,hard,73,...8....9.....1..47..5..1..6.5....4..493.5..7.3.4...6..937......7.....51.....2...,25,solve_one,first,true,classify_up_to_two,Unique,Unique,1,0,0,0,0,0,0,111090
20260421T172600Z,data/unique_hard.txt,unique,hard,73,...8....9.....1..47..5..1..6.5....4..493.5..7.3.4...6..937......7.....51.....2...,25,full_solve_stats,enumerate_all,true,full_solve_stats,Unique,Unique,1,266,9896,18083,28855,36333,815,114834
20260421T172600Z,data/unique_hard.txt,unique,hard,74,.4..5.6....9718........4...936....1..........2.8...94....3....2..7..95..16.2.....,24,classify_up_to_two,classify,true,classify_up_to_two,Unique,Unique,1,0,0,0,0,0,0,453738
20260421T172600Z,data/unique_hard.txt,unique,hard,74,.4..5.6....9718........4...936....1..........2.8...94....3....2..7..95..16.2.....,24,solve_one,first,true,classify_up_to_two,Unique,Unique,1,0,0,0,0,0,0,461263
20260421T172600Z,data/unique_hard.txt,unique,hard,74,.4..5.6....9718........4...936....1..........2.8...94....3....2..7..95..16.2.....,24,full_solve_stats,enumerate_all,true,full_solve_stats,Unique,Unique,1,410,27685,37975,131313,96423,1119,355704
20260421T172600Z,data/unique_hard.txt,unique,hard,75,.8..9.5...7.....62.64..81.............5...7.173..52......93....2485...9......4...,25,classify_up_to_two,classify,true,classify_up_to_two,Unique,Unique,1,0,0,0,0,0,0,137610
20260421T172600Z,data/unique_hard.txt,unique,hard,75,.8..9.5...7.....62.64..81.............5...7.173..52......93....2485...9......4...,25,solve_one,first,true,classify_up_to_two,Unique,Unique,1,0,0,0,0,0,0,121045
20260421T172600Z,data/unique_hard.txt,unique,hard,75,.8..9.5...7.....62.64..81.............5...7.173..52......93....2485...9......4...,25,full_solve_stats,enumerate_all,true,full_solve_stats,Unique,Unique,1,254,6604,33670,44218,36962,834,157555
20260421T172600Z,data/unique_hard.txt,unique,hard,76,.93...........16..1....58....9.....7.64....2..75..3......418.7...7.2...9....9...8,24,classify_up_to_two,classify,true,classify_up_to_two,Unique,Unique,1,0,0,0,0,0,0,155789
20260421T172600Z,data/unique_hard.txt,unique,hard,76,.93...........16..1....58....9.....7.64....2..75..3......418.7...7.2...9....9...8,24,solve_one,first,true,classify_up_to_two,Unique,Unique,1,0,0,0,0,0,0,128858
20260421T172600Z,data/unique_hard.txt,unique,hard,76,.93...........16..1....58....9.....7.64....2..75..3......418.7...7.2...9....9...8,24,full_solve_stats,enumerate_all,true,full_solve_stats,Unique,Unique,1,336,10871,21855,29781,56482,988,144122
20260421T172600Z,data/unique_hard.txt,unique,hard,77,..71....51...45....4.8.....3...6..1.....2...861......7........2.....347.79..58...,24,classify_up_to_two,classify,true,classify_up_to_two,Unique,Unique,1,0,0,0,0,0,0,203372
20260421T172600Z,data/unique_hard.txt,unique,hard,77,..71....51...45....4.8.....3...6..1.....2...861......7........2.....347.79..58...,24,solve_one,first,true,classify_up_to_two,Unique,Unique,1,0,0,0,0,0,0,192821
20260421T172600Z,data/unique_hard.txt,unique,hard,77,..71....51...45....4.8.....3...6..1.....2...861......7........2.....347.79..58...,24,full_solve_stats,enumerate_all,true,full_solve_stats,Unique,Unique,1,257,8497,18227,73625,74057,876,211599
20260421T172600Z,data/unique_hard.txt,unique,hard,78,.4.......2..5.......7.3..56....98..41.....72.....2...14.8..6....259..4..9.....1..,24,classify_up_to_two,classify,true,classify_up_to_two,Unique,Unique,1,0,0,0,0,0,0,119321
20260421T172600Z,data/unique_hard.txt,unique,hard,78,.4.......2..5.......7.3..56....98..41.....72.....2...14.8..6....259..4..9.....1..,24,solve_one,first,true,classify_up_to_two,Unique,Unique,1,0,0,0,0,0,0,89432
20260421T172600Z,data/unique_hard.txt,unique,hard,78,.4.......2..5.......7.3..56....98..41.....72.....2...14.8..6....259..4..9.....1..,24,full_solve_stats,enumerate_all,true,full_solve_stats,Unique,Unique,1,225,11707,19456,20847,30296,889,102065
20260421T172600Z,data/unique_hard.txt,unique,hard,79,79....8........95..2..8...65..3..2...37..5......14....16......9...5...3....47...2,24,classify_up_to_two,classify,true,classify_up_to_two,Unique,Unique,1,0,0,0,0,0,0,106635
20260421T172600Z,data/unique_hard.txt,unique,hard,79,79....8........95..2..8...65..3..2...37..5......14....16......9...5...3....47...2,24,solve_one,first,true,classify_up_to_two,Unique,Unique,1,0,0,0,0,0,0,85739
20260421T172600Z,data/unique_hard.txt,unique,hard,79,79....8........95..2..8...65..3..2...37..5......14....16......9...5...3....47...2,24,full_solve_stats,enumerate_all,true,full_solve_stats,Unique,Unique,1,281,9775,15532,15411,41591,848,99127
20260421T172600Z,data/unique_hard.txt,unique,hard,80,....2.4.5..9.....87..84..1...1..3..6..32..75.5..6........97.........6.2.8...5....,24,classify_up_to_two,classify,true,classify_up_to_two,Unique,Unique,1,0,0,0,0,0,0,142263
20260421T172600Z,data/unique_hard.txt,unique,hard,80,....2.4.5..9.....87..84..1...1..3..6..32..75.5..6........97.........6.2.8...5....,24,solve_one,first,true,classify_up_to_two,Unique,Unique,1,0,0,0,0,0,0,121252
20260421T172600Z,data/unique_hard.txt,unique,hard,80,....2.4.5..9.....87..84..1...1..3..6..32..75.5..6........97.........6.2.8...5....,24,full_solve_stats,enumerate_all,true,full_solve_stats,Unique,Unique,1,324,17627,21996,46019,33527,1184,149619
20260421T172600Z,data/unique_hard.txt,unique,hard,81,3....75....2.8.....5.96............18..3..74..9...185.4.875.2...3...96...6.......,26,classify_up_to_two,classify,true,classify_up_to_two,Unique,Unique,1,0,0,0,0,0,0,175104
20260421T172600Z,data/unique_hard.txt,unique,hard,81,3....75....2.8.....5.96............18..3..74..9...185.4.875.2...3...96...6.......,26,solve_one,first,true,classify_up_to_two,Unique,Unique,1,0,0,0,0,0,0,161779
20260421T172600Z,data/unique_hard.txt,unique,hard,81,3....75....2.8.....5.96............18..3..74..9...185.4.875.2...3...96...6.......,26,full_solve_stats,enumerate_all,true,full_solve_stats,Unique,Unique,1,285,7419,24720,67756,69864,1024,210015
20260421T172600Z,data/unique_hard.txt,unique,hard,82,.1...6.....618..5.3........6...9...5583.6..9...9.38.7.........725.....4.7.....1.8,26,classify_up_to_two,classify,true,classify_up_to_two,Unique,Unique,1,0,0,0,0,0,0,277296
20260421T172600Z,data/unique_hard.txt,unique,hard,82,.1...6.....618..5.3........6...9...5583.6..9...9.38.7.........725.....4.7.....1.8,26,solve_one,first,true,classify_up_to_two,Unique,Unique,1,0,0,0,0,0,0,293218
20260421T172600Z,data/unique_hard.txt,unique,hard,82,.1...6.....618..5.3........6...9...5583.6..9...9.38.7.........725.....4.7.....1.8,26,full_solve_stats,enumerate_all,true,full_solve_stats,Unique,Unique,1,380,12877,30331,155051,65408,1067,321662
20260421T172600Z,data/unique_hard.txt,unique,hard,83,.3..8........3.2.64...59...8......9....7.......2..5..7..1..6.49.47.....1.....36..,23,classify_up_to_two,classify,true,classify_up_to_two,Unique,Unique,1,0,0,0,0,0,0,153425
20260421T172600Z,data/unique_hard.txt,unique,hard,83,.3..8........3.2.64...59...8......9....7.......2..5..7..1..6.49.47.....1.....36..,23,solve_one,first,true,classify_up_to_two,Unique,Unique,1,0,0,0,0,0,0,129062
20260421T172600Z,data/unique_hard.txt,unique,hard,83,.3..8........3.2.64...59...8......9....7.......2..5..7..1..6.49.47.....1.....36..,23,full_solve_stats,enumerate_all,true,full_solve_stats,Unique,Unique,1,293,11890,20213,57823,37539,902,167494
20260421T172600Z,data/unique_hard.txt,unique,hard,84,3.2......7...9...6..8..6.12....5.3.9.......8....7.31..83.5..2....76.....5.......7,24,classify_up_to_two,classify,true,classify_up_to_two,Unique,Unique,1,0,0,0,0,0,0,185334
20260421T172600Z,data/unique_hard.txt,unique,hard,84,3.2......7...9...6..8..6.12....5.3.9.......8....7.31..83.5..2....76.....5.......7,24,solve_one,first,true,classify_up_to_two,Unique,Unique,1,0,0,0,0,0,0,161432
20260421T172600Z,data/unique_hard.txt,unique,hard,84,3.2......7...9...6..8..6.12....5.3.9.......8....7.31..83.5..2....76.....5.......7,24,full_solve_stats,enumerate_all,true,full_solve_stats,Unique,Unique,1,279,9773,28006,73348,47535,863,193157
20260421T172600Z,data/unique_hard.txt,unique,hard,85,.....1.3....4....7.79.........6.8....2.94....4......1.......1....8..725.2.6.3..79,23,classify_up_to_two,classify,true,classify_up_to_two,Unique,Unique,1,0,0,0,0,0,0,265232
20260421T172600Z,data/unique_hard.txt,unique,hard,85,.....1.3....4....7.79.........6.8....2.94....4......1.......1....8..725.2.6.3..79,23,solve_one,first,true,classify_up_to_two,Unique,Unique,1,0,0,0,0,0,0,257444
20260421T172600Z,data/unique_hard.txt,unique,hard,85,.....1.3....4....7.79.........6.8....2.94....4......1.......1....8..725.2.6.3..79,23,full_solve_stats,enumerate_all,true,full_solve_stats,Unique,Unique,1,292,9004,27335,145126,72652,897,304324
20260421T172600Z,data/unique_hard.txt,unique,hard,86,8...3.4.1.752......1...9..........47.....3..978....52.5...........5...32.36.4..5.,25,classify_up_to_two,classify,true,classify_up_to_two,Unique,Unique,1,0,0,0,0,0,0,264495
20260421T172600Z,data/unique_hard.txt,unique,hard,86,8...3.4.1.752......1...9..........47.....3..978....52.5...........5...32.36.4..5.,25,solve_one,first,true,classify_up_to_two,Unique,Unique,1,0,0,0,0,0,0,232108
20260421T172600Z,data/unique_hard.txt,unique,hard,86,8...3.4.1.752......1...9..........47.....3..978....52.5...........5...32.36.4..5.,25,full_solve_stats,enumerate_all,true,full_solve_stats,Unique,Unique,1,319,9237,23777,86246,124292,1197,283220
20260421T172600Z,data/unique_hard.txt,unique,hard,87,..5.....8.1.6.9.....2.1.......7...46.39....7.....2.3.....8...514.3.7......6......,22,classify_up_to_two,classify,true,classify_up_to_two,Unique,Unique,1,0,0,0,0,0,0,382964
20260421T172600Z,data/unique_hard.txt,unique,hard,87,..5.....8.1.6.9.....2.1.......7...46.39....7.....2.3.....8...514.3.7......6......,22,solve_one,first,true,classify_up_to_two,Unique,Unique,1,0,0,0,0,0,0,356417
20260421T172600Z,data/unique_hard.txt,unique,hard,87,..5.....8.1.6.9.....2.1.......7...46.39....7.....2.3.....8...514.3.7......6......,22,full_solve_stats,enumerate_all,true,full_solve_stats,Unique,Unique,1,270,10513,47478,171555,142716,1065,427227
20260421T172600Z,data/unique_hard.txt,unique,hard,88,.....92.58...32..15...87.9.6....3..89.......6....7..5...4........13....9.6..41...,25,classify_up_to_two,classify,true,classify_up_to_two,Unique,Unique,1,0,0,0,0,0,0,381107
20260421T172600Z,data/unique_hard.txt,unique,hard,88,.....92.58...32..15...87.9.6....3..89.......6....7..5...4........13....9.6..41...,25,solve_one,first,true,classify_up_to_two,Unique,Unique,1,0,0,0,0,0,0,347834
20260421T172600Z,data/unique_hard.txt,unique,hard,88,.....92.58...32..15...87.9.6....3..89.......6....7..5...4........13....9.6..41...,25,full_solve_stats,enumerate_all,true,full_solve_stats,Unique,Unique,1,344,11272,28867,134868,177480,952,376664
20260421T172600Z,data/unique_hard.txt,unique,hard,89,8.674...5..........12....47...5.....5.9.6.........1.2....1...5...78....945...93..,24,classify_up_to_two,classify,true,classify_up_to_two,Unique,Unique,1,0,0,0,0,0,0,346182
20260421T172600Z,data/unique_hard.txt,unique,hard,89,8.674...5..........12....47...5.....5.9.6.........1.2....1...5...78....945...93..,24,solve_one,first,true,classify_up_to_two,Unique,Unique,1,0,0,0,0,0,0,338918
20260421T172600Z,data/unique_hard.txt,unique,hard,89,8.674...5..........12....47...5.....5.9.6.........1.2....1...5...78....945...93..,24,full_solve_stats,enumerate_all,true,full_solve_stats,Unique,Unique,1,308,14474,25641,123015,169457,945,375182
20260421T172600Z,data/unique_hard.txt,unique,hard,90,...92...4...5..92.....6..3.8..4....66......72.5.....8..86..9...51.3.4.....9.....7,25,classify_up_to_two,classify,true,classify_up_to_two,Unique,Unique,1,0,0,0,0,0,0,197553
20260421T172600Z,data/unique_hard.txt,unique,hard,90,...92...4...5..92.....6..3.8..4....66......72.5.....8..86..9...51.3.4.....9.....7,25,solve_one,first,true,classify_up_to_two,Unique,Unique,1,0,0,0,0,0,0,166563
20260421T172600Z,data/unique_hard.txt,unique,hard,90,...92...4...5..92.....6..3.8..4....66......72.5.....8..86..9...51.3.4.....9.....7,25,full_solve_stats,enumerate_all,true,full_solve_stats,Unique,Unique,1,255,8464,21330,86598,56534,891,207000
20260421T172600Z,data/unique_hard.txt,unique,hard,91,....839.........5.9.65..2.3....6.8.4.1..7...6.2.9........8.7.....4.....95......6.,23,classify_up_to_two,classify,true,classify_up_to_two,Unique,Unique,1,0,0,0,0,0,0,154960
20260421T172600Z,data/unique_hard.txt,unique,hard,91,....839.........5.9.65..2.3....6.8.4.1..7...6.2.9........8.7.....4.....95......6.,23,solve_one,first,true,classify_up_to_two,Unique,Unique,1,0,0,0,0,0,0,127339
20260421T172600Z,data/unique_hard.txt,unique,hard,91,....839.........5.9.65..2.3....6.8.4.1..7...6.2.9........8.7.....4.....95......6.,23,full_solve_stats,enumerate_all,true,full_solve_stats,Unique,Unique,1,316,11474,16567,39402,46743,856,139539
20260421T172600Z,data/unique_hard.txt,unique,hard,92,........8..1.4.7...58.71...93.2.......7..5.86.......9....958.7......3....96.....3,24,classify_up_to_two,classify,true,classify_up_to_two,Unique,Unique,1,0,0,0,0,0,0,126909
20260421T172600Z,data/unique_hard.txt,unique,hard,92,........8..1.4.7...58.71...93.2.......7..5.86.......9....958.7......3....96.....3,24,solve_one,first,true,classify_up_to_two,Unique,Unique,1,0,0,0,0,0,0,107085
20260421T172600Z,data/unique_hard.txt,unique,hard,92,........8..1.4.7...58.71...93.2.......7..5.86.......9....958.7......3....96.....3,24,full_solve_stats,enumerate_all,true,full_solve_stats,Unique,Unique,1,211,8239,17602,34439,39809,859,124163
20260421T172600Z,data/unique_hard.txt,unique,hard,93,.......651.....7....7.5.9...8.2.1379.....912...........23......6..7...9.....9653.,25,classify_up_to_two,classify,true,classify_up_to_two,Unique,Unique,1,0,0,0,0,0,0,159818
20260421T172600Z,data/unique_hard.txt,unique,hard,93,.......651.....7....7.5.9...8.2.1379.....912...........23......6..7...9.....9653.,25,solve_one,first,true,classify_up_to_two,Unique,Unique,1,0,0,0,0,0,0,128963
20260421T172600Z,data/unique_hard.txt,unique,hard,93,.......651.....7....7.5.9...8.2.1379.....912...........23......6..7...9.....9653.,25,full_solve_stats,enumerate_all,true,full_solve_stats,Unique,Unique,1,256,10765,36329,51698,32297,836,148206
20260421T172600Z,data/unique_hard.txt,unique,hard,94,....5..4...3.4.2.....6..5..2.5.....64...7.3.97.9..1...6.......89.21...5......9...,24,classify_up_to_two,classify,true,classify_up_to_two,Unique,Unique,1,0,0,0,0,0,0,137961
20260421T172600Z,data/unique_hard.txt,unique,hard,94,....5..4...3.4.2.....6..5..2.5.....64...7.3.97.9..1...6.......89.21...5......9...,24,solve_one,first,true,classify_up_to_two,Unique,Unique,1,0,0,0,0,0,0,110951
20260421T172600Z,data/unique_hard.txt,unique,hard,94,....5..4...3.4.2.....6..5..2.5.....64...7.3.97.9..1...6.......89.21...5......9...,24,full_solve_stats,enumerate_all,true,full_solve_stats,Unique,Unique,1,273,11898,17328,16857,57097,840,120625
20260421T172600Z,data/unique_hard.txt,unique,hard,95,2.....69......9....3...57..4.8.5......73.61..39.4..5.6....4...18.6..........72...,25,classify_up_to_two,classify,true,classify_up_to_two,Unique,Unique,1,0,0,0,0,0,0,176116
20260421T172600Z,data/unique_hard.txt,unique,hard,95,2.....69......9....3...57..4.8.5......73.61..39.4..5.6....4...18.6..........72...,25,solve_one,first,true,classify_up_to_two,Unique,Unique,1,0,0,0,0,0,0,157853
20260421T172600Z,data/unique_hard.txt,unique,hard,95,2.....69......9....3...57..4.8.5......73.61..39.4..5.6....4...18.6..........72...,25,full_solve_stats,enumerate_all,true,full_solve_stats,Unique,Unique,1,290,13372,29383,40734,63628,940,173124
20260421T172600Z,data/unique_hard.txt,unique,hard,96,.19....3......7....68.9.....762....39..3...2.....1679...3.4.9.........1.6.7....85,26,classify_up_to_two,classify,true,classify_up_to_two,Unique,Unique,1,0,0,0,0,0,0,160955
20260421T172600Z,data/unique_hard.txt,unique,hard,96,.19....3......7....68.9.....762....39..3...2.....1679...3.4.9.........1.6.7....85,26,solve_one,first,true,classify_up_to_two,Unique,Unique,1,0,0,0,0,0,0,142363
20260421T172600Z,data/unique_hard.txt,unique,hard,96,.19....3......7....68.9.....762....39..3...2.....1679...3.4.9.........1.6.7....85,26,full_solve_stats,enumerate_all,true,full_solve_stats,Unique,Unique,1,239,11056,17046,34559,63289,879,150751
20260421T172600Z,data/unique_hard.txt,unique,hard,97,...16.32..59.3..87....7....4......9.1....9.7.5.6...4......9..16......8...3.8...5.,25,classify_up_to_two,classify,true,classify_up_to_two,Unique,Unique,1,0,0,0,0,0,0,81635
20260421T172600Z,data/unique_hard.txt,unique,hard,97,...16.32..59.3..87....7....4......9.1....9.7.5.6...4......9..16......8...3.8...5.,25,solve_one,first,true,classify_up_to_two,Unique,Unique,1,0,0,0,0,0,0,62532
20260421T172600Z,data/unique_hard.txt,unique,hard,97,...16.32..59.3..87....7....4......9.1....9.7.5.6...4......9..16......8...3.8...5.,25,full_solve_stats,enumerate_all,true,full_solve_stats,Unique,Unique,1,243,14663,15669,7531,15697,797,71605
20260421T172600Z,data/unique_hard.txt,unique,hard,98,6....519....4...78..8.1.5...7.......5....26...1.5.3.2...1.682..4...........3.1...,25,classify_up_to_two,classify,true,classify_up_to_two,Unique,Unique,1,0,0,0,0,0,0,125191
20260421T172600Z,data/unique_hard.txt,unique,hard,98,6....519....4...78..8.1.5...7.......5....26...1.5.3.2...1.682..4...........3.1...,25,solve_one,first,true,classify_up_to_two,Unique,Unique,1,0,0,0,0,0,0,109887
20260421T172600Z,data/unique_hard.txt,unique,hard,98,6....519....4...78..8.1.5...7.......5....26...1.5.3.2...1.682..4...........3.1...,25,full_solve_stats,enumerate_all,true,full_solve_stats,Unique,Unique,1,254,9421,25035,36857,27175,839,120451
20260421T172600Z,data/unique_hard.txt,unique,hard,99,...........6.3.1.8..8.54..7.1...3......47...97...8.3.63.1..7.9..5.......9..6.25..,26,classify_up_to_two,classify,true,classify_up_to_two,Unique,Unique,1,0,0,0,0,0,0,143319
20260421T172600Z,data/unique_hard.txt,unique,hard,99,...........6.3.1.8..8.54..7.1...3......47...97...8.3.63.1..7.9..5.......9..6.25..,26,solve_one,first,true,classify_up_to_two,Unique,Unique,1,0,0,0,0,0,0,127541
20260421T172600Z,data/unique_hard.txt,unique,hard,99,...........6.3.1.8..8.54..7.1...3......47...97...8.3.63.1..7.9..5.......9..6.25..,26,full_solve_stats,enumerate_all,true,full_solve_stats,Unique,Unique,1,248,11728,21233,29917,52105,854,137634
20260421T172600Z,data/ambiguous_easy.txt,ambiguous,easy,0,...81..............1.9......7..25.934.2................975.....563.....4......68.,20,classify_up_to_two,classify,true,classify_up_to_two,Ambiguous,Ambiguous(2),2,0,0,0,0,0,0,4784622
20260421T172600Z,data/ambiguous_easy.txt,ambiguous,easy,0,...81..............1.9......7..25.934.2................975.....563.....4......68.,20,solve_one,first,true,classify_up_to_two,Ambiguous,Ambiguous(2),1,0,0,0,0,0,0,4737850
20260421T172600Z,data/ambiguous_easy.txt,ambiguous,easy,0,...81..............1.9......7..25.934.2................975.....563.....4......68.,20,full_solve_stats,enumerate_all,true,full_solve_stats,Ambiguous,Ambiguous(32735),32735,712,15844,248956,2159668,73544734,26613211,102833806
20260421T172600Z,data/ambiguous_easy.txt,ambiguous,easy,1,5...63......7.........5.83.....18..7..69......43...9...............7..2.3..64.5..,21,classify_up_to_two,classify,true,classify_up_to_two,Ambiguous,Ambiguous(2),2,0,0,0,0,0,0,2996526
20260421T172600Z,data/ambiguous_easy.txt,ambiguous,easy,1,5...63......7.........5.83.....18..7..69......43...9...............7..2.3..64.5..,21,solve_one,first,true,classify_up_to_two,Ambiguous,Ambiguous(2),1,0,0,0,0,0,0,2875526
20260421T172600Z,data/ambiguous_easy.txt,ambiguous,easy,1,5...63......7.........5.83.....18..7..69......43...9...............7..2.3..64.5..,21,full_solve_stats,enumerate_all,true,full_solve_stats,Ambiguous,Ambiguous(3013),3013,538,21464,102686,1700350,6195234,2343274,10500486
20260421T172600Z,data/ambiguous_easy.txt,ambiguous,easy,2,..346..2...8.2...1.2.9.......1....9.2..783.........3....9.............56.6..7.21.,23,classify_up_to_two,classify,true,classify_up_to_two,Ambiguous,Ambiguous(2),2,0,0,0,0,0,0,507717
20260421T172600Z,data/ambiguous_easy.txt,ambiguous,easy,2,..346..2...8.2...1.2.9.......1....9.2..783.........3....9.............56.6..7.21.,23,solve_one,first,true,classify_up_to_two,Ambiguous,Ambiguous(2),1,0,0,0,0,0,0,481658
20260421T172600Z,data/ambiguous_easy.txt,ambiguous,easy,2,..346..2...8.2...1.2.9.......1....9.2..783.........3....9.............56.6..7.21.,23,full_solve_stats,enumerate_all,true,full_solve_stats,Ambiguous,Ambiguous(548),548,301,10438,33950,173758,1789488,421156,2460072
20260421T172600Z,data/ambiguous_easy.txt,ambiguous,easy,3,...........75...9.6....4........7....25..61..9......83...6..85.....1.....4.32....,20,classify_up_to_two,classify,true,classify_up_to_two,Ambiguous,Ambiguous(2),2,0,0,0,0,0,0,2784604
20260421T172600Z,data/ambiguous_easy.txt,ambiguous,easy,3,...........75...9.6....4........7....25..61..9......83...6..85.....1.....4.32....,20,solve_one,first,true,classify_up_to_two,Ambiguous,Ambiguous(2),1,0,0,0,0,0,0,2810884
20260421T172600Z,data/ambiguous_easy.txt,ambiguous,easy,3,...........75...9.6....4........7....25..61..9......83...6..85.....1.....4.32....,20,full_solve_stats,enumerate_all,true,full_solve_stats,Ambiguous,Ambiguous(9077),9077,450,7886,57834,1400911,23830852,7295218,32709619
20260421T172600Z,data/ambiguous_easy.txt,ambiguous,easy,4,7.98.5...6..1..8.........9....4...1.....5....2.......5..6...789.2.9..........3.6.,21,classify_up_to_two,classify,true,classify_up_to_two,Ambiguous,Ambiguous(2),2,0,0,0,0,0,0,3166339
20260421T172600Z,data/ambiguous_easy.txt,ambiguous,easy,4,7.98.5...6..1..8.........9....4...1.....5....2.......5..6...789.2.9..........3.6.,21,solve_one,first,true,classify_up_to_two,Ambiguous,Ambiguous(2),1,0,0,0,0,0,0,3332617
20260421T172600Z,data/ambiguous_easy.txt,ambiguous,easy,4,7.98.5...6..1..8.........9....4...1.....5....2.......5..6...789.2.9..........3.6.,21,full_solve_stats,enumerate_all,true,full_solve_stats,Ambiguous,Ambiguous(57362),57362,414,8906,96531,1351355,154875072,43866256,200334737
20260421T172600Z,data/ambiguous_easy.txt,ambiguous,easy,5,.....48..79.58........9.....75....4.1.62.............751.3..2.....8.......24..5..,22,classify_up_to_two,classify,true,classify_up_to_two,Ambiguous,Ambiguous(2),2,0,0,0,0,0,0,1858488
20260421T172600Z,data/ambiguous_easy.txt,ambiguous,easy,5,.....48..79.58........9.....75....4.1.62.............751.3..2.....8.......24..5..,22,solve_one,first,true,classify_up_to_two,Ambiguous,Ambiguous(2),1,0,0,0,0,0,0,1393856
20260421T172600Z,data/ambiguous_easy.txt,ambiguous,easy,5,.....48..79.58........9.....75....4.1.62.............751.3..2.....8.......24..5..,22,full_solve_stats,enumerate_all,true,full_solve_stats,Ambiguous,Ambiguous(1811),1811,375,6833,77800,723553,5368988,1343137,7587799
20260421T172600Z,data/ambiguous_easy.txt,ambiguous,easy,6,...8.....86....9..3.9..24.8.....132.6.......52...................19.3.....2..4...,20,classify_up_to_two,classify,true,classify_up_to_two,Ambiguous,Ambiguous(2),2,0,0,0,0,0,0,3017397
20260421T172600Z,data/ambiguous_easy.txt,ambiguous,easy,6,...8.....86....9..3.9..24.8.....132.6.......52...................19.3.....2..4...,20,solve_one,first,true,classify_up_to_two,Ambiguous,Ambiguous(2),1,0,0,0,0,0,0,2890998
20260421T172600Z,data/ambiguous_easy.txt,ambiguous,easy,6,...8.....86....9..3.9..24.8.....132.6.......52...................19.3.....2..4...,20,full_solve_stats,enumerate_all,true,full_solve_stats,Ambiguous,Ambiguous(15665),15665,368,10610,164846,1392970,26678337,12036735,40434182
20260421T172600Z,data/ambiguous_easy.txt,ambiguous,easy,7,....6..4......5....61.......8...7..67...2.1.5.9....3......13...5....6.93..74.....,22,classify_up_to_two,classify,true,classify_up_to_two,Ambiguous,Ambiguous(2),2,0,0,0,0,0,0,351955
20260421T172600Z,data/ambiguous_easy.txt,ambiguous,easy,7,....6..4......5....61.......8...7..67...2.1.5.9....3......13...5....6.93..74.....,22,solve_one,first,true,classify_up_to_two,Ambiguous,Ambiguous(2),1,0,0,0,0,0,0,349608
20260421T172600Z,data/ambiguous_easy.txt,ambiguous,easy,7,....6..4......5....61.......8...7..67...2.1.5.9....3......13...5....6.93..74.....,22,full_solve_stats,enumerate_all,true,full_solve_stats,Ambiguous,Ambiguous(68),68,355,18881,21163,116748,352080,56778,620303
20260421T172600Z,data/ambiguous_easy.txt,ambiguous,easy,8,6.....2...713.....39.4...7...3..2.9.....8...4...5..1...6...854............82.....,22,classify_up_to_two,classify,true,classify_up_to_two,Ambiguous,Ambiguous(2),2,0,0,0,0,0,0,1089846
20260421T172600Z,data/ambiguous_easy.txt,ambiguous,easy,8,6.....2...713.....39.4...7...3..2.9.....8...4...5..1...6...854............82.....,22,solve_one,first,true,classify_up_to_two,Ambiguous,Ambiguous(2),1,0,0,0,0,0,0,1014188
20260421T172600Z,data/ambiguous_easy.txt,ambiguous,easy,8,6.....2...713.....39.4...7...3..2.9.....8...4...5..1...6...854............82.....,22,full_solve_stats,enumerate_all,true,full_solve_stats,Ambiguous,Ambiguous(2146),2146,322,13686,47588,419486,5771970,1650043,7957452
20260421T172600Z,data/ambiguous_easy.txt,ambiguous,easy,9,5..6..7..38.....4.1..3.4....6.8..2...5.2..........157.6...1.................4.137,23,classify_up_to_two,classify,true,classify_up_to_two,Ambiguous,Ambiguous(2),2,0,0,0,0,0,0,234729
20260421T172600Z,data/ambiguous_easy.txt,ambiguous,easy,9,5..6..7..38.....4.1..3.4....6.8..2...5.2..........157.6...1.................4.137,23,solve_one,first,true,classify_up_to_two,Ambiguous,Ambiguous(2),1,0,0,0,0,0,0,250532
20260421T172600Z,data/ambiguous_easy.txt,ambiguous,easy,9,5..6..7..38.....4.1..3.4....6.8..2...5.2..........157.6...1.................4.137,23,full_solve_stats,enumerate_all,true,full_solve_stats,Ambiguous,Ambiguous(508),508,377,15485,26401,69163,782198,388801,1315368
20260421T172600Z,data/ambiguous_easy.txt,ambiguous,easy,10,..6...5...5..7......7.1.....8.....5.7....2698..4..7.....926........9.3........16.,22,classify_up_to_two,classify,true,classify_up_to_two,Ambiguous,Ambiguous(2),2,0,0,0,0,0,0,843216
20260421T172600Z,data/ambiguous_easy.txt,ambiguous,easy,10,..6...5...5..7......7.1.....8.....5.7....2698..4..7.....926........9.3........16.,22,solve_one,first,true,classify_up_to_two,Ambiguous,Ambiguous(2),1,0,0,0,0,0,0,831311
20260421T172600Z,data/ambiguous_easy.txt,ambiguous,easy,10,..6...5...5..7......7.1.....8.....5.7....2698..4..7.....926........9.3........16.,22,full_solve_stats,enumerate_all,true,full_solve_stats,Ambiguous,Ambiguous(2405),2405,317,10603,45375,396395,4519755,1859970,6882383
20260421T172600Z,data/ambiguous_easy.txt,ambiguous,easy,11,......27..9.2......4.9.6..............16.53..2...9....75..6......8...1.....3....7,20,classify_up_to_two,classify,true,classify_up_to_two,Ambiguous,Ambiguous(2),2,0,0,0,0,0,0,1695805
20260421T172600Z,data/ambiguous_easy.txt,ambiguous,easy,11,......27..9.2......4.9.6..............16.53..2...9....75..6......8...1.....3....7,20,solve_one,first,true,classify_up_to_two,Ambiguous,Ambiguous(2),1,0,0,0,0,0,0,1684798
20260421T172600Z,data/ambiguous_easy.txt,ambiguous,easy,11,......27..9.2......4.9.6..............16.53..2...9....75..6......8...1.....3....7,20,full_solve_stats,enumerate_all,true,full_solve_stats,Ambiguous,Ambiguous(9586),9586,334,11936,47441,646033,18283296,7352350,26410027
20260421T172600Z,data/ambiguous_easy.txt,ambiguous,easy,12,...86.9.5.8.....217....4..86....543..............4.6......92.8..61...5...........,22,classify_up_to_two,classify,true,classify_up_to_two,Ambiguous,Ambiguous(2),2,0,0,0,0,0,0,694218
20260421T172600Z,data/ambiguous_easy.txt,ambiguous,easy,12,...86.9.5.8.....217....4..86....543..............4.6......92.8..61...5...........,22,solve_one,first,true,classify_up_to_two,Ambiguous,Ambiguous(2),1,0,0,0,0,0,0,645875
20260421T172600Z,data/ambiguous_easy.txt,ambiguous,easy,12,...86.9.5.8.....217....4..86....543..............4.6......92.8..61...5...........,22,full_solve_stats,enumerate_all,true,full_solve_stats,Ambiguous,Ambiguous(1027),1027,327,18720,73636,284667,1685208,791811,2903176
20260421T172600Z,data/ambiguous_easy.txt,ambiguous,easy,13,39........6...347..7.6.2..3.2.........52.....6....5.....2..7.....9.4.5.....8.....,21,classify_up_to_two,classify,true,classify_up_to_two,Ambiguous,Ambiguous(2),2,0,0,0,0,0,0,17759045
20260421T172600Z,data/ambiguous_easy.txt,ambiguous,easy,13,39........6...347..7.6.2..3.2.........52.....6....5.....2..7.....9.4.5.....8.....,21,solve_one,first,true,classify_up_to_two,Ambiguous,Ambiguous(2),1,0,0,0,0,0,0,17397623
20260421T172600Z,data/ambiguous_easy.txt,ambiguous,easy,13,39........6...347..7.6.2..3.2.........52.....6....5.....2..7.....9.4.5.....8.....,21,full_solve_stats,enumerate_all,true,full_solve_stats,Ambiguous,Ambiguous(11426),11426,566,14419,841796,10038212,32724023,8777695,52882579
20260421T172600Z,data/ambiguous_easy.txt,ambiguous,easy,14,...82.4..52.......6.......7.4...9.2...25.....9.3.....6..8.1.......2...3.........5,20,classify_up_to_two,classify,true,classify_up_to_two,Ambiguous,Ambiguous(2),2,0,0,0,0,0,0,1713137
20260421T172600Z,data/ambiguous_easy.txt,ambiguous,easy,14,...82.4..52.......6.......7.4...9.2...25.....9.3.....6..8.1.......2...3.........5,20,solve_one,first,true,classify_up_to_two,Ambiguous,Ambiguous(2),1,0,0,0,0,0,0,1677565
20260421T172600Z,data/ambiguous_easy.txt,ambiguous,easy,14,...82.4..52.......6.......7.4...9.2...25.....9.3.....6..8.1.......2...3.........5,20,full_solve_stats,enumerate_all,true,full_solve_stats,Ambiguous,Ambiguous(3784),3784,393,14090,142655,748753,14979891,2883914,18849428
20260421T172600Z,data/ambiguous_easy.txt,ambiguous,easy,15,.8.....9.....8....7....9..4.16.42....3..9.1.78...3....4.....5...2.5.........1.9..,22,classify_up_to_two,classify,true,classify_up_to_two,Ambiguous,Ambiguous(2),2,0,0,0,0,0,0,1310709
20260421T172600Z,data/ambiguous_easy.txt,ambiguous,easy,15,.8.....9.....8....7....9..4.16.42....3..9.1.78...3....4.....5...2.5.........1.9..,22,solve_one,first,true,classify_up_to_two,Ambiguous,Ambiguous(2),1,0,0,0,0,0,0,1292497
20260421T172600Z,data/ambiguous_easy.txt,ambiguous,easy,15,.8.....9.....8....7....9..4.16.42....3..9.1.78...3....4.....5...2.5.........1.9..,22,full_solve_stats,enumerate_all,true,full_solve_stats,Ambiguous,Ambiguous(1117),1117,401,11371,72216,571953,4162769,852739,5729405
20260421T172600Z,data/ambiguous_easy.txt,ambiguous,easy,16,....2...1....5....9..3.6.42.9217...4.3........6.......4...3....6....8....27...6..,22,classify_up_to_two,classify,true,classify_up_to_two,Ambiguous,Ambiguous(2),2,0,0,0,0,0,0,1027196
20260421T172600Z,data/ambiguous_easy.txt,ambiguous,easy,16,....2...1....5....9..3.6.42.9217...4.3........6.......4...3....6....8....27...6..,22,solve_one,first,true,classify_up_to_two,Ambiguous,Ambiguous(2),1,0,0,0,0,0,0,1038515
20260421T172600Z,data/ambiguous_easy.txt,ambiguous,easy,16,....2...1....5....9..3.6.42.9217...4.3........6.......4...3....6....8....27...6..,22,full_solve_stats,enumerate_all,true,full_solve_stats,Ambiguous,Ambiguous(418),418,283,11809,67557,524751,1438541,322378,2415114
20260421T172600Z,data/ambiguous_easy.txt,ambiguous,easy,17,...2.1.3...1...4.........95....4.91...43.7.....69.....6...2...7.5...9......6...5.,22,classify_up_to_two,classify,true,classify_up_to_two,Ambiguous,Ambiguous(2),2,0,0,0,0,0,0,842646
20260421T172600Z,data/ambiguous_easy.txt,ambiguous,easy,17,...2.1.3...1...4.........95....4.91...43.7.....69.....6...2...7.5...9......6...5.,22,solve_one,first,true,classify_up_to_two,Ambiguous,Ambiguous(2),1,0,0,0,0,0,0,845041
20260421T172600Z,data/ambiguous_easy.txt,ambiguous,easy,17,...2.1.3...1...4.........95....4.91...43.7.....69.....6...2...7.5...9......6...5.,22,full_solve_stats,enumerate_all,true,full_solve_stats,Ambiguous,Ambiguous(594),594,296,22298,60289,422751,1884261,463989,2915442
20260421T172600Z,data/ambiguous_easy.txt,ambiguous,easy,18,....2..6...2......6....89......45..9.4.6.......7.....8.5.......7......2...9..78..,19,classify_up_to_two,classify,true,classify_up_to_two,Ambiguous,Ambiguous(2),2,0,0,0,0,0,0,3281737
20260421T172600Z,data/ambiguous_easy.txt,ambiguous,easy,18,....2..6...2......6....89......45..9.4.6.......7.....8.5.......7......2...9..78..,19,solve_one,first,true,classify_up_to_two,Ambiguous,Ambiguous(2),1,0,0,0,0,0,0,3214551
20260421T172600Z,data/ambiguous_easy.txt,ambiguous,easy,18,....2..6...2......6....89......45..9.4.6.......7.....8.5.......7......2...9..78..,19,full_solve_stats,enumerate_all,true,full_solve_stats,Ambiguous,Ambiguous(48852),48852,323,11451,84679,1226801,169077559,37775737,208304931
20260421T172600Z,data/ambiguous_easy.txt,ambiguous,easy,19,.4.1...39..........6....2..8..46.........847.......9..38...4.1....3.......72.....,20,classify_up_to_two,classify,true,classify_up_to_two,Ambiguous,Ambiguous(2),2,0,0,0,0,0,0,2395291
20260421T172600Z,data/ambiguous_easy.txt,ambiguous,easy,19,.4.1...39..........6....2..8..46.........847.......9..38...4.1....3.......72.....,20,solve_one,first,true,classify_up_to_two,Ambiguous,Ambiguous(2),1,0,0,0,0,0,0,2415472
20260421T172600Z,data/ambiguous_easy.txt,ambiguous,easy,19,.4.1...39..........6....2..8..46.........847.......9..38...4.1....3.......72.....,20,full_solve_stats,enumerate_all,true,full_solve_stats,Ambiguous,Ambiguous(24287),24287,341,7216,73887,1087164,63291866,18614340,83187874
20260421T172600Z,data/ambiguous_easy.txt,ambiguous,easy,20,95..6...4...8.........5..1...6..1..92........4....98...1....7..67...2..........3.,20,classify_up_to_two,classify,true,classify_up_to_two,Ambiguous,Ambiguous(2),2,0,0,0,0,0,0,1217589
20260421T172600Z,data/ambiguous_easy.txt,ambiguous,easy,20,95..6...4...8.........5..1...6..1..92........4....98...1....7..67...2..........3.,20,solve_one,first,true,classify_up_to_two,Ambiguous,Ambiguous(2),1,0,0,0,0,0,0,1237983
20260421T172600Z,data/ambiguous_easy.txt,ambiguous,easy,20,95..6...4...8.........5..1...6..1..92........4....98...1....7..67...2..........3.,20,full_solve_stats,enumerate_all,true,full_solve_stats,Ambiguous,Ambiguous(2574),2574,349,10830,74971,599050,6667762,1981731,9398496
20260421T172600Z,data/ambiguous_easy.txt,ambiguous,easy,21,7....1..3..5...9..3.9....7..........968..2.........6.8....83.1..7.4.....581......,22,classify_up_to_two,classify,true,classify_up_to_two,Ambiguous,Ambiguous(2),2,0,0,0,0,0,0,1345652
20260421T172600Z,data/ambiguous_easy.txt,ambiguous,easy,21,7....1..3..5...9..3.9....7..........968..2.........6.8....83.1..7.4.....581......,22,solve_one,first,true,classify_up_to_two,Ambiguous,Ambiguous(2),1,0,0,0,0,0,0,1335670
20260421T172600Z,data/ambiguous_easy.txt,ambiguous,easy,21,7....1..3..5...9..3.9....7..........968..2.........6.8....83.1..7.4.....581......,22,full_solve_stats,enumerate_all,true,full_solve_stats,Ambiguous,Ambiguous(7441),7441,376,15093,59477,538624,17686310,5708162,24074758
20260421T172600Z,data/ambiguous_easy.txt,ambiguous,easy,22,.98...3.2..7.9.....6.32..7............6.8...48....4....8....15....4..7.......74..,22,classify_up_to_two,classify,true,classify_up_to_two,Ambiguous,Ambiguous(2),2,0,0,0,0,0,0,1163762
20260421T172600Z,data/ambiguous_easy.txt,ambiguous,easy,22,.98...3.2..7.9.....6.32..7............6.8...48....4....8....15....4..7.......74..,22,solve_one,first,true,classify_up_to_two,Ambiguous,Ambiguous(2),1,0,0,0,0,0,0,1143265
20260421T172600Z,data/ambiguous_easy.txt,ambiguous,easy,22,.98...3.2..7.9.....6.32..7............6.8...48....4....8....15....4..7.......74..,22,full_solve_stats,enumerate_all,true,full_solve_stats,Ambiguous,Ambiguous(6042),6042,348,14910,67920,690351,10677723,4621673,16146268
20260421T172600Z,data/ambiguous_easy.txt,ambiguous,easy,23,...5...2...84..6...1..6....6.....7...81........7..85..2..8...5..............21.3.,20,classify_up_to_two,classify,true,classify_up_to_two,Ambiguous,Ambiguous(2),2,0,0,0,0,0,0,995023
20260421T172600Z,data/ambiguous_easy.txt,ambiguous,easy,23,...5...2...84..6...1..6....6.....7...81........7..85..2..8...5..............21.3.,20,solve_one,first,true,classify_up_to_two,Ambiguous,Ambiguous(2),1,0,0,0,0,0,0,960746
20260421T172600Z,data/ambiguous_easy.txt,ambiguous,easy,23,...5...2...84..6...1..6....6.....7...81........7..85..2..8...5..............21.3.,20,full_solve_stats,enumerate_all,true,full_solve_stats,Ambiguous,Ambiguous(7292),7292,326,13795,27703,370332,17064086,5602540,23150775
20260421T172600Z,data/ambiguous_easy.txt,ambiguous,easy,24,2.9....8.........6..........5.7..3.4.8......2.1.6.37...9.26..5.3..........1..7...,21,classify_up_to_two,classify,true,classify_up_to_two,Ambiguous,Ambiguous(2),2,0,0,0,0,0,0,1548436
20260421T172600Z,data/ambiguous_easy.txt,ambiguous,easy,24,2.9....8.........6..........5.7..3.4.8......2.1.6.37...9.26..5.3..........1..7...,21,solve_one,first,true,classify_up_to_two,Ambiguous,Ambiguous(2),1,0,0,0,0,0,0,1513465
20260421T172600Z,data/ambiguous_easy.txt,ambiguous,easy,24,2.9....8.........6..........5.7..3.4.8......2.1.6.37...9.26..5.3..........1..7...,21,full_solve_stats,enumerate_all,true,full_solve_stats,Ambiguous,Ambiguous(406),406,357,21675,123056,736020,1098890,312050,2438671
20260421T172600Z,data/ambiguous_easy.txt,ambiguous,easy,25,.............8..2..8.3.69.1...2......6.....72...1....5..97.....2..5...4......9...,19,classify_up_to_two,classify,true,classify_up_to_two,Ambiguous,Ambiguous(2),2,0,0,0,0,0,0,6080141
20260421T172600Z,data/ambiguous_easy.txt,ambiguous,easy,25,.............8..2..8.3.69.1...2......6.....72...1....5..97.....2..5...4......9...,19,solve_one,first,true,classify_up_to_two,Ambiguous,Ambiguous(2),1,0,0,0,0,0,0,6091303
20260421T172600Z,data/ambiguous_easy.txt,ambiguous,easy,25,.............8..2..8.3.69.1...2......6.....72...1....5..97.....2..5...4......9...,19,full_solve_stats,enumerate_all,true,full_solve_stats,Ambiguous,Ambiguous(41972),41972,315,11572,97745,3665762,71013000,31882891,106876306
20260421T172600Z,data/ambiguous_easy.txt,ambiguous,easy,26,....3....1...........1..........94..42..8..6.7.....5.2..18..6....95....7....63.4.,21,classify_up_to_two,classify,true,classify_up_to_two,Ambiguous,Ambiguous(2),2,0,0,0,0,0,0,21241322
20260421T172600Z,data/ambiguous_easy.txt,ambiguous,easy,26,....3....1...........1..........94..42..8..6.7.....5.2..18..6....95....7....63.4.,21,solve_one,first,true,classify_up_to_two,Ambiguous,Ambiguous(2),1,0,0,0,0,0,0,24293124
20260421T172600Z,data/ambiguous_easy.txt,ambiguous,easy,26,....3....1...........1..........94..42..8..6.7.....5.2..18..6....95....7....63.4.,21,full_solve_stats,enumerate_all,true,full_solve_stats,Ambiguous,Ambiguous(5658),5658,444,16898,392828,15096521,16030689,4156036,36296531
20260421T172600Z,data/ambiguous_easy.txt,ambiguous,easy,27,.4...3...86....7.37...1.........19.......2.5.......6..6...7.824.........23......6,21,classify_up_to_two,classify,true,classify_up_to_two,Ambiguous,Ambiguous(2),2,0,0,0,0,0,0,1127371
20260421T172600Z,data/ambiguous_easy.txt,ambiguous,easy,27,.4...3...86....7.37...1.........19.......2.5.......6..6...7.824.........23......6,21,solve_one,first,true,classify_up_to_two,Ambiguous,Ambiguous(2),1,0,0,0,0,0,0,1106616
20260421T172600Z,data/ambiguous_easy.txt,ambiguous,easy,27,.4...3...86....7.37...1.........19.......2.5.......6..6...7.824.........23......6,21,full_solve_stats,enumerate_all,true,full_solve_stats,Ambiguous,Ambiguous(2267),2267,339,11943,141125,386354,4558718,1677334,6834419
20260421T172600Z,data/ambiguous_easy.txt,ambiguous,easy,28,..95....23.......5..5..41....3..649.6..........72........7.....1...6.......48..6.,21,classify_up_to_two,classify,true,classify_up_to_two,Ambiguous,Ambiguous(2),2,0,0,0,0,0,0,1534034
20260421T172600Z,data/ambiguous_easy.txt,ambiguous,easy,28,..95....23.......5..5..41....3..649.6..........72........7.....1...6.......48..6.,21,solve_one,first,true,classify_up_to_two,Ambiguous,Ambiguous(2),1,0,0,0,0,0,0,1566841
20260421T172600Z,data/ambiguous_easy.txt,ambiguous,easy,28,..95....23.......5..5..41....3..649.6..........72........7.....1...6.......48..6.,21,full_solve_stats,enumerate_all,true,full_solve_stats,Ambiguous,Ambiguous(5286),5286,360,7012,124504,707673,16135316,4073740,21145794
20260421T172600Z,data/ambiguous_easy.txt,ambiguous,easy,29,4.6..5.7...736...4..2.1....1...574.9....8...18.....2..........6..8........1..9...,23,classify_up_to_two,classify,true,classify_up_to_two,Ambiguous,Ambiguous(2),2,0,0,0,0,0,0,3095807
20260421T172600Z,data/ambiguous_easy.txt,ambiguous,easy,29,4.6..5.7...736...4..2.1....1...574.9....8...18.....2..........6..8........1..9...,23,solve_one,first,true,classify_up_to_two,Ambiguous,Ambiguous(2),1,0,0,0,0,0,0,3082822
20260421T172600Z,data/ambiguous_easy.txt,ambiguous,easy,29,4.6..5.7...736...4..2.1....1...574.9....8...18.....2..........6..8........1..9...,23,full_solve_stats,enumerate_all,true,full_solve_stats,Ambiguous,Ambiguous(4588),4588,315,13818,202945,1777887,11652980,3369258,17122352
20260421T172600Z,data/ambiguous_easy.txt,ambiguous,easy,30,...9........3.458.5.......1..71.3.....5.9...6...48..3.......84.1.3....6......8...,22,classify_up_to_two,classify,true,classify_up_to_two,Ambiguous,Ambiguous(2),2,0,0,0,0,0,0,291810
20260421T172600Z,data/ambiguous_easy.txt,ambiguous,easy,30,...9........3.458.5.......1..71.3.....5.9...6...48..3.......84.1.3....6......8...,22,solve_one,first,true,classify_up_to_two,Ambiguous,Ambiguous(2),1,0,0,0,0,0,0,249216
20260421T172600Z,data/ambiguous_easy.txt,ambiguous,easy,30,...9........3.458.5.......1..71.3.....5.9...6...48..3.......84.1.3....6......8...,22,full_solve_stats,enumerate_all,true,full_solve_stats,Ambiguous,Ambiguous(318),318,321,19603,26231,67415,528188,236288,909438
20260421T172600Z,data/ambiguous_easy.txt,ambiguous,easy,31,2.....54....81.....83.......6...3..5..4....6.3..7.........6.7.3...27....5.......4,21,classify_up_to_two,classify,true,classify_up_to_two,Ambiguous,Ambiguous(2),2,0,0,0,0,0,0,604881
20260421T172600Z,data/ambiguous_easy.txt,ambiguous,easy,31,2.....54....81.....83.......6...3..5..4....6.3..7.........6.7.3...27....5.......4,21,solve_one,first,true,classify_up_to_two,Ambiguous,Ambiguous(2),1,0,0,0,0,0,0,664195
20260421T172600Z,data/ambiguous_easy.txt,ambiguous,easy,31,2.....54....81.....83.......6...3..5..4....6.3..7.........6.7.3...27....5.......4,21,full_solve_stats,enumerate_all,true,full_solve_stats,Ambiguous,Ambiguous(3486),3486,323,11067,22367,196877,10273846,2582444,13142530
20260421T172600Z,data/ambiguous_easy.txt,ambiguous,easy,32,43.........5.3...9..19.......4...1......7.4....84....7....5..9..9...321.3........,21,classify_up_to_two,classify,true,classify_up_to_two,Ambiguous,Ambiguous(2),2,0,0,0,0,0,0,901144
20260421T172600Z,data/ambiguous_easy.txt,ambiguous,easy,32,43.........5.3...9..19.......4...1......7.4....84....7....5..9..9...321.3........,21,solve_one,first,true,classify_up_to_two,Ambiguous,Ambiguous(2),1,0,0,0,0,0,0,888322
20260421T172600Z,data/ambiguous_easy.txt,ambiguous,easy,32,43.........5.3...9..19.......4...1......7.4....84....7....5..9..9...321.3........,21,full_solve_stats,enumerate_all,true,full_solve_stats,Ambiguous,Ambiguous(14738),14738,297,13062,71734,284168,38541463,10902623,49870572
20260421T172600Z,data/ambiguous_easy.txt,ambiguous,easy,33,9...6......3...4...4.7..39..7..8..59....2...14..6.....6..5..........9.......4..3.,21,classify_up_to_two,classify,true,classify_up_to_two,Ambiguous,Ambiguous(2),2,0,0,0,0,0,0,2386893
20260421T172600Z,data/ambiguous_easy.txt,ambiguous,easy,33,9...6......3...4...4.7..39..7..8..59....2...14..6.....6..5..........9.......4..3.,21,solve_one,first,true,classify_up_to_two,Ambiguous,Ambiguous(2),1,0,0,0,0,0,0,2407285
20260421T172600Z,data/ambiguous_easy.txt,ambiguous,easy,33,9...6......3...4...4.7..39..7..8..59....2...14..6.....6..5..........9.......4..3.,21,full_solve_stats,enumerate_all,true,full_solve_stats,Ambiguous,Ambiguous(6884),6884,379,10803,129768,1029717,16723787,5097044,23091074
20260421T172600Z,data/ambiguous_easy.txt,ambiguous,easy,34,...34.....9..2...3........454......9.....2.8....5......2..8.93.6.4....7....7.....,20,classify_up_to_two,classify,true,classify_up_to_two,Ambiguous,Ambiguous(2),2,0,0,0,0,0,0,3816334
20260421T172600Z,data/ambiguous_easy.txt,ambiguous,easy,34,...34.....9..2...3........454......9.....2.8....5......2..8.93.6.4....7....7.....,20,solve_one,first,true,classify_up_to_two,Ambiguous,Ambiguous(2),1,0,0,0,0,0,0,5655700
20260421T172600Z,data/ambiguous_easy.txt,ambiguous,easy,34,...34.....9..2...3........454......9.....2.8....5......2..8.93.6.4....7....7.....,20,full_solve_stats,enumerate_all,true,full_solve_stats,Ambiguous,Ambiguous(85452),85452,379,11288,86411,1280003,151975149,65070535,218573739
20260421T172600Z,data/ambiguous_easy.txt,ambiguous,easy,35,......76.3.4....98.69........3.8.6......2.....7.........7..9.84...3.....8...15...,21,classify_up_to_two,classify,true,classify_up_to_two,Ambiguous,Ambiguous(2),2,0,0,0,0,0,0,3111934
20260421T172600Z,data/ambiguous_easy.txt,ambiguous,easy,35,......76.3.4....98.69........3.8.6......2.....7.........7..9.84...3.....8...15...,21,solve_one,first,true,classify_up_to_two,Ambiguous,Ambiguous(2),1,0,0,0,0,0,0,3139106
20260421T172600Z,data/ambiguous_easy.txt,ambiguous,easy,35,......76.3.4....98.69........3.8.6......2.....7.........7..9.84...3.....8...15...,21,full_solve_stats,enumerate_all,true,full_solve_stats,Ambiguous,Ambiguous(5877),5877,421,19139,163858,1500400,12407511,4539207,18761876
20260421T172600Z,data/ambiguous_easy.txt,ambiguous,easy,36,.57..8....9............4.........74.......9..37....5.87.49.......1....3....23.6..,20,classify_up_to_two,classify,true,classify_up_to_two,Ambiguous,Ambiguous(2),2,0,0,0,0,0,0,2360881
20260421T172600Z,data/ambiguous_easy.txt,ambiguous,easy,36,.57..8....9............4.........74.......9..37....5.87.49.......1....3....23.6..,20,solve_one,first,true,classify_up_to_two,Ambiguous,Ambiguous(2),1,0,0,0,0,0,0,2459574
20260421T172600Z,data/ambiguous_easy.txt,ambiguous,easy,36,.57..8....9............4.........74.......9..37....5.87.49.......1....3....23.6..,20,full_solve_stats,enumerate_all,true,full_solve_stats,Ambiguous,Ambiguous(5736),5736,358,12250,116207,1555750,10018022,4444826,16425966
20260421T172600Z,data/ambiguous_easy.txt,ambiguous,easy,37,..7.9....3.6.4...7.........9.567.1...3...1..6........4.4..........1.....5.8..3..2,21,classify_up_to_two,classify,true,classify_up_to_two,Ambiguous,Ambiguous(2),2,0,0,0,0,0,0,3282350
20260421T172600Z,data/ambiguous_easy.txt,ambiguous,easy,37,..7.9....3.6.4...7.........9.567.1...3...1..6........4.4..........1.....5.8..3..2,21,solve_one,first,true,classify_up_to_two,Ambiguous,Ambiguous(2),1,0,0,0,0,0,0,3157396
20260421T172600Z,data/ambiguous_easy.txt,ambiguous,easy,37,..7.9....3.6.4...7.........9.567.1...3...1..6........4.4..........1.....5.8..3..2,21,full_solve_stats,enumerate_all,true,full_solve_stats,Ambiguous,Ambiguous(4371),4371,360,10843,157087,1605570,17233169,3386923,22504231
20260421T172600Z,data/ambiguous_easy.txt,ambiguous,easy,38,6..3..5....9.5...8....8.....61...74....4..3.......6.2.1...6....8.4.....77....1...,22,classify_up_to_two,classify,true,classify_up_to_two,Ambiguous,Ambiguous(2),2,0,0,0,0,0,0,784133
20260421T172600Z,data/ambiguous_easy.txt,ambiguous,easy,38,6..3..5....9.5...8....8.....61...74....4..3.......6.2.1...6....8.4.....77....1...,22,solve_one,first,true,classify_up_to_two,Ambiguous,Ambiguous(2),1,0,0,0,0,0,0,833589
20260421T172600Z,data/ambiguous_easy.txt,ambiguous,easy,38,6..3..5....9.5...8....8.....61...74....4..3.......6.2.1...6....8.4.....77....1...,22,full_solve_stats,enumerate_all,true,full_solve_stats,Ambiguous,Ambiguous(4445),4445,375,10832,99018,289181,10222249,3411431,14109802
20260421T172600Z,data/ambiguous_easy.txt,ambiguous,easy,39,8..6.....716.5.4..4.......1....7.....35..4.7....9.6.1....1........2...........32.,21,classify_up_to_two,classify,true,classify_up_to_two,Ambiguous,Ambiguous(2),2,0,0,0,0,0,0,1531838
20260421T172600Z,data/ambiguous_easy.txt,ambiguous,easy,39,8..6.....716.5.4..4.......1....7.....35..4.7....9.6.1....1........2...........32.,21,solve_one,first,true,classify_up_to_two,Ambiguous,Ambiguous(2),1,0,0,0,0,0,0,1588186
20260421T172600Z,data/ambiguous_easy.txt,ambiguous,easy,39,8..6.....716.5.4..4.......1....7.....35..4.7....9.6.1....1........2...........32.,21,full_solve_stats,enumerate_all,true,full_solve_stats,Ambiguous,Ambiguous(2194),2194,386,15087,191641,891208,2861540,1667526,5721014
20260421T172600Z,data/ambiguous_easy.txt,ambiguous,easy,40,5..42.87.64.........8.....5.7...3.41...2.......1...2.6.6....91....7..............,21,classify_up_to_two,classify,true,classify_up_to_two,Ambiguous,Ambiguous(2),2,0,0,0,0,0,0,3638534
20260421T172600Z,data/ambiguous_easy.txt,ambiguous,easy,40,5..42.87.64.........8.....5.7...3.41...2.......1...2.6.6....91....7..............,21,solve_one,first,true,classify_up_to_two,Ambiguous,Ambiguous(2),1,0,0,0,0,0,0,3649220
20260421T172600Z,data/ambiguous_easy.txt,ambiguous,easy,40,5..42.87.64.........8.....5.7...3.41...2.......1...2.6.6....91....7..............,21,full_solve_stats,enumerate_all,true,full_solve_stats,Ambiguous,Ambiguous(9672),9672,415,14640,122584,1686342,19562232,7460175,28980574
20260421T172600Z,data/ambiguous_easy.txt,ambiguous,easy,41,..43........5.62.9........73.9..8...51..............759.........2..47.1.7....3...,21,classify_up_to_two,classify,true,classify_up_to_two,Ambiguous,Ambiguous(2),2,0,0,0,0,0,0,497451
20260421T172600Z,data/ambiguous_easy.txt,ambiguous,easy,41,..43........5.62.9........73.9..8...51..............759.........2..47.1.7....3...,21,solve_one,first,true,classify_up_to_two,Ambiguous,Ambiguous(2),1,0,0,0,0,0,0,575155
20260421T172600Z,data/ambiguous_easy.txt,ambiguous,easy,41,..43........5.62.9........73.9..8...51..............759.........2..47.1.7....3...,21,full_solve_stats,enumerate_all,true,full_solve_stats,Ambiguous,Ambiguous(1195),1195,395,13987,69911,149393,2765729,904284,3969421
20260421T172600Z,data/ambiguous_easy.txt,ambiguous,easy,42,..9.6.....2.9...8..3...7.9.......154.1........7.........3.1.6.....35.9..89.......,21,classify_up_to_two,classify,true,classify_up_to_two,Ambiguous,Ambiguous(2),2,0,0,0,0,0,0,1716493
20260421T172600Z,data/ambiguous_easy.txt,ambiguous,easy,42,..9.6.....2.9...8..3...7.9.......154.1........7.........3.1.6.....35.9..89.......,21,solve_one,first,true,classify_up_to_two,Ambiguous,Ambiguous(2),1,0,0,0,0,0,0,1688117
20260421T172600Z,data/ambiguous_easy.txt,ambiguous,easy,42,..9.6.....2.9...8..3...7.9.......154.1........7.........3.1.6.....35.9..89.......,21,full_solve_stats,enumerate_all,true,full_solve_stats,Ambiguous,Ambiguous(20581),20581,355,10622,157007,769947,39254824,15228483,55541176
20260421T172600Z,data/ambiguous_easy.txt,ambiguous,easy,43,.6.3.21....47....37......8.2..5............7.....1.9.......379.........44..6.8.2.,22,classify_up_to_two,classify,true,classify_up_to_two,Ambiguous,Ambiguous(2),2,0,0,0,0,0,0,6143008
20260421T172600Z,data/ambiguous_easy.txt,ambiguous,easy,43,.6.3.21....47....37......8.2..5............7.....1.9.......379.........44..6.8.2.,22,solve_one,first,true,classify_up_to_two,Ambiguous,Ambiguous(2),1,0,0,0,0,0,0,6113456
20260421T172600Z,data/ambiguous_easy.txt,ambiguous,easy,43,.6.3.21....47....37......8.2..5............7.....1.9.......379.........44..6.8.2.,22,full_solve_stats,enumerate_all,true,full_solve_stats,Ambiguous,Ambiguous(2518),2518,297,10699,115938,3228887,8901450,1935174,14391860
20260421T172600Z,data/ambiguous_easy.txt,ambiguous,easy,44,4.9....85..7.....6.2.4.........4..5...5...7..8...9............9....321.72...1....,21,classify_up_to_two,classify,true,classify_up_to_two,Ambiguous,Ambiguous(2),2,0,0,0,0,0,0,1476177
20260421T172600Z,data/ambiguous_easy.txt,ambiguous,easy,44,4.9....85..7.....6.2.4.........4..5...5...7..8...9............9....321.72...1....,21,solve_one,first,true,classify_up_to_two,Ambiguous,Ambiguous(2),1,0,0,0,0,0,0,1447382
20260421T172600Z,data/ambiguous_easy.txt,ambiguous,easy,44,4.9....85..7.....6.2.4.........4..5...5...7..8...9............9....321.72...1....,21,full_solve_stats,enumerate_all,true,full_solve_stats,Ambiguous,Ambiguous(4117),4117,361,11158,91753,629861,9956954,3059216,13822261
20260421T172600Z,data/ambiguous_easy.txt,ambiguous,easy,45,.5..8......7...2.......2....8.....2.512...486........1....2..4..6.1.......46...3.,21,classify_up_to_two,classify,true,classify_up_to_two,Ambiguous,Ambiguous(2),2,0,0,0,0,0,0,1125923
20260421T172600Z,data/ambiguous_easy.txt,ambiguous,easy,45,.5..8......7...2.......2....8.....2.512...486........1....2..4..6.1.......46...3.,21,solve_one,first,true,classify_up_to_two,Ambiguous,Ambiguous(2),1,0,0,0,0,0,0,1124640
20260421T172600Z,data/ambiguous_easy.txt,ambiguous,easy,45,.5..8......7...2.......2....8.....2.512...486........1....2..4..6.1.......46...3.,21,full_solve_stats,enumerate_all,true,full_solve_stats,Ambiguous,Ambiguous(3828),3828,395,14487,36489,448655,6299756,2818381,9679254
20260421T172600Z,data/ambiguous_easy.txt,ambiguous,easy,46,1..83...5.5........6.....3..129........4....9...3.2..748.2.........1.....29..5...,22,classify_up_to_two,classify,true,classify_up_to_two,Ambiguous,Ambiguous(2),2,0,0,0,0,0,0,2108216
20260421T172600Z,data/ambiguous_easy.txt,ambiguous,easy,46,1..83...5.5........6.....3..129........4....9...3.2..748.2.........1.....29..5...,22,solve_one,first,true,classify_up_to_two,Ambiguous,Ambiguous(2),1,0,0,0,0,0,0,2230978
20260421T172600Z,data/ambiguous_easy.txt,ambiguous,easy,46,1..83...5.5........6.....3..129........4....9...3.2..748.2.........1.....29..5...,22,full_solve_stats,enumerate_all,true,full_solve_stats,Ambiguous,Ambiguous(2109),2109,332,13682,78732,1490655,3406808,1578568,6663483
20260421T172600Z,data/ambiguous_easy.txt,ambiguous,easy,47,8..2..........6.7.....9.5............954...2.38...79..7.....2641.............879.,22,classify_up_to_two,classify,true,classify_up_to_two,Ambiguous,Ambiguous(2),2,0,0,0,0,0,0,362732
20260421T172600Z,data/ambiguous_easy.txt,ambiguous,easy,47,8..2..........6.7.....9.5............954...2.38...79..7.....2641.............879.,22,solve_one,first,true,classify_up_to_two,Ambiguous,Ambiguous(2),1,0,0,0,0,0,0,363742
20260421T172600Z,data/ambiguous_easy.txt,ambiguous,easy,47,8..2..........6.7.....9.5............954...2.38...79..7.....2641.............879.,22,full_solve_stats,enumerate_all,true,full_solve_stats,Ambiguous,Ambiguous(221),221,320,15422,31200,144868,932984,175246,1372409
20260421T172600Z,data/ambiguous_easy.txt,ambiguous,easy,48,.....5...41.7...........2.71........9...245...73.8.....3..6.9....4.9......6......,20,classify_up_to_two,classify,true,classify_up_to_two,Ambiguous,Ambiguous(2),2,0,0,0,0,0,0,2026211
20260421T172600Z,data/ambiguous_easy.txt,ambiguous,easy,48,.....5...41.7...........2.71........9...245...73.8.....3..6.9....4.9......6......,20,solve_one,first,true,classify_up_to_two,Ambiguous,Ambiguous(2),1,0,0,0,0,0,0,1967163
20260421T172600Z,data/ambiguous_easy.txt,ambiguous,easy,48,.....5...41.7...........2.71........9...245...73.8.....3..6.9....4.9......6......,20,full_solve_stats,enumerate_all,true,full_solve_stats,Ambiguous,Ambiguous(1155),1155,375,12548,78505,1243516,2500761,886322,4812642
20260421T172600Z,data/ambiguous_easy.txt,ambiguous,easy,49,....62....3........6.....54....1.5.....3...9.91......8...2.36.58..5....3......8..,21,classify_up_to_two,classify,true,classify_up_to_two,Ambiguous,Ambiguous(2),2,0,0,0,0,0,0,1698331
20260421T172600Z,data/ambiguous_easy.txt,ambiguous,easy,49,....62....3........6.....54....1.5.....3...9.91......8...2.36.58..5....3......8..,21,solve_one,first,true,classify_up_to_two,Ambiguous,Ambiguous(2),1,0,0,0,0,0,0,1709148
20260421T172600Z,data/ambiguous_easy.txt,ambiguous,easy,49,....62....3........6.....54....1.5.....3...9.91......8...2.36.58..5....3......8..,21,full_solve_stats,enumerate_all,true,full_solve_stats,Ambiguous,Ambiguous(49898),49898,279,10836,53043,776096,87812224,36922647,125662252
20260421T172600Z,data/ambiguous_easy.txt,ambiguous,easy,50,.......8..2..7.3.4....32........4..9.8.........91....7256...1.......8..5.3.7.....,21,classify_up_to_two,classify,true,classify_up_to_two,Ambiguous,Ambiguous(2),2,0,0,0,0,0,0,891190
20260421T172600Z,data/ambiguous_easy.txt,ambiguous,easy,50,.......8..2..7.3.4....32........4..9.8.........91....7256...1.......8..5.3.7.....,21,solve_one,first,true,classify_up_to_two,Ambiguous,Ambiguous(2),1,0,0,0,0,0,0,905390
20260421T172600Z,data/ambiguous_easy.txt,ambiguous,easy,50,.......8..2..7.3.4....32........4..9.8.........91....7256...1.......8..5.3.7.....,21,full_solve_stats,enumerate_all,true,full_solve_stats,Ambiguous,Ambiguous(4018),4018,420,16370,48649,319792,7686230,2946149,11099120
20260421T172600Z,data/ambiguous_easy.txt,ambiguous,easy,51,29......11......39...1..7..3..7....5....63....7..9..2.7.6..........28.6......79..,23,classify_up_to_two,classify,true,classify_up_to_two,Ambiguous,Ambiguous(2),2,0,0,0,0,0,0,339085
20260421T172600Z,data/ambiguous_easy.txt,ambiguous,easy,51,29......11......39...1..7..3..7....5....63....7..9..2.7.6..........28.6......79..,23,solve_one,first,true,classify_up_to_two,Ambiguous,Ambiguous(2),1,0,0,0,0,0,0,402459
20260421T172600Z,data/ambiguous_easy.txt,ambiguous,easy,51,29......11......39...1..7..3..7....5....63....7..9..2.7.6..........28.6......79..,23,full_solve_stats,enumerate_all,true,full_solve_stats,Ambiguous,Ambiguous(345),345,403,21974,137247,70997,688688,258063,1223569
20260421T172600Z,data/ambiguous_easy.txt,ambiguous,easy,52,7..1.6.8..6.8..5...2.9.76...................4..5.....2..8........9...36.6...8....,20,classify_up_to_two,classify,true,classify_up_to_two,Ambiguous,Ambiguous(2),2,0,0,0,0,0,0,3928968
20260421T172600Z,data/ambiguous_easy.txt,ambiguous,easy,52,7..1.6.8..6.8..5...2.9.76...................4..5.....2..8........9...36.6...8....,20,solve_one,first,true,classify_up_to_two,Ambiguous,Ambiguous(2),1,0,0,0,0,0,0,3761230
20260421T172600Z,data/ambiguous_easy.txt,ambiguous,easy,52,7..1.6.8..6.8..5...2.9.76...................4..5.....2..8........9...36.6...8....,20,full_solve_stats,enumerate_all,true,full_solve_stats,Ambiguous,Ambiguous(39295),39295,354,16626,172869,3661842,45585897,28379054,78083421
20260421T172600Z,data/ambiguous_easy.txt,ambiguous,easy,53,......5...47...8.2.8...9.1......52977...3.......48..5...6......894............9..,22,classify_up_to_two,classify,true,classify_up_to_two,Ambiguous,Ambiguous(2),2,0,0,0,0,0,0,1910578
20260421T172600Z,data/ambiguous_easy.txt,ambiguous,easy,53,......5...47...8.2.8...9.1......52977...3.......48..5...6......894............9..,22,solve_one,first,true,classify_up_to_two,Ambiguous,Ambiguous(2),1,0,0,0,0,0,0,1919919
20260421T172600Z,data/ambiguous_easy.txt,ambiguous,easy,53,......5...47...8.2.8...9.1......52977...3.......48..5...6......894............9..,22,full_solve_stats,enumerate_all,true,full_solve_stats,Ambiguous,Ambiguous(4969),4969,401,15633,237669,839452,9147180,3771181,14105512
20260421T172600Z,data/ambiguous_easy.txt,ambiguous,easy,54,...2...7.....98.6.97......4........93...4.....9..5.4.....9.5..7.....78..8..3.....,21,classify_up_to_two,classify,true,classify_up_to_two,Ambiguous,Ambiguous(2),2,0,0,0,0,0,0,603225
20260421T172600Z,data/ambiguous_easy.txt,ambiguous,easy,54,...2...7.....98.6.97......4........93...4.....9..5.4.....9.5..7.....78..8..3.....,21,solve_one,first,true,classify_up_to_two,Ambiguous,Ambiguous(2),1,0,0,0,0,0,0,599651
20260421T172600Z,data/ambiguous_easy.txt,ambiguous,easy,54,...2...7.....98.6.97......4........93...4.....9..5.4.....9.5..7.....78..8..3.....,21,full_solve_stats,enumerate_all,true,full_solve_stats,Ambiguous,Ambiguous(2597),2597,382,21556,27603,213906,4912317,2249048,7488854
20260421T172600Z,data/ambiguous_easy.txt,ambiguous,easy,55,7..68......8..5...2...3..5..1.9...2.......543.75.....1........4......1..9..7.....,21,classify_up_to_two,classify,true,classify_up_to_two,Ambiguous,Ambiguous(2),2,0,0,0,0,0,0,1989968
20260421T172600Z,data/ambiguous_easy.txt,ambiguous,easy,55,7..68......8..5...2...3..5..1.9...2.......543.75.....1........4......1..9..7.....,21,solve_one,first,true,classify_up_to_two,Ambiguous,Ambiguous(2),1,0,0,0,0,0,0,2075886
20260421T172600Z,data/ambiguous_easy.txt,ambiguous,easy,55,7..68......8..5...2...3..5..1.9...2.......543.75.....1........4......1..9..7.....,21,full_solve_stats,enumerate_all,true,full_solve_stats,Ambiguous,Ambiguous(3444),3444,408,14024,109181,893479,11068911,3059811,15248633
20260421T172600Z,data/ambiguous_easy.txt,ambiguous,easy,56,.8.6.4.....21...4...1.3.......978..2......7.......2.5...64...2...5.8.9...3......4,23,classify_up_to_two,classify,true,classify_up_to_two,Ambiguous,Ambiguous(2),2,0,0,0,0,0,0,974037
20260421T172600Z,data/ambiguous_easy.txt,ambiguous,easy,56,.8.6.4.....21...4...1.3.......978..2......7.......2.5...64...2...5.8.9...3......4,23,solve_one,first,true,classify_up_to_two,Ambiguous,Ambiguous(2),1,0,0,0,0,0,0,948406
20260421T172600Z,data/ambiguous_easy.txt,ambiguous,easy,56,.8.6.4.....21...4...1.3.......978..2......7.......2.5...64...2...5.8.9...3......4,23,full_solve_stats,enumerate_all,true,full_solve_stats,Ambiguous,Ambiguous(978),978,386,14420,103105,349216,3557248,763371,4844375
20260421T172600Z,data/ambiguous_easy.txt,ambiguous,easy,57,..2.9...56...1.....1.......8.........56..4..2.7.1.658......9...7...4.....48....27,23,classify_up_to_two,classify,true,classify_up_to_two,Ambiguous,Ambiguous(2),2,0,0,0,0,0,0,2107226
20260421T172600Z,data/ambiguous_easy.txt,ambiguous,easy,57,..2.9...56...1.....1.......8.........56..4..2.7.1.658......9...7...4.....48....27,23,solve_one,first,true,classify_up_to_two,Ambiguous,Ambiguous(2),1,0,0,0,0,0,0,2090430
20260421T172600Z,data/ambiguous_easy.txt,ambiguous,easy,57,..2.9...56...1.....1.......8.........56..4..2.7.1.658......9...7...4.....48....27,23,full_solve_stats,enumerate_all,true,full_solve_stats,Ambiguous,Ambiguous(9661),9661,325,7286,58585,903605,20472979,7446191,28983856
20260421T172600Z,data/ambiguous_easy.txt,ambiguous,easy,58,..5..43...8.......2.3...95........2.....4.6.7...8.359....4.2.1...9..........5.4..,22,classify_up_to_two,classify,true,classify_up_to_two,Ambiguous,Ambiguous(2),2,0,0,0,0,0,0,1188821
20260421T172600Z,data/ambiguous_easy.txt,ambiguous,easy,58,..5..43...8.......2.3...95........2.....4.6.7...8.359....4.2.1...9..........5.4..,22,solve_one,first,true,classify_up_to_two,Ambiguous,Ambiguous(2),1,0,0,0,0,0,0,1222910
20260421T172600Z,data/ambiguous_easy.txt,ambiguous,easy,58,..5..43...8.......2.3...95........2.....4.6.7...8.359....4.2.1...9..........5.4..,22,full_solve_stats,enumerate_all,true,full_solve_stats,Ambiguous,Ambiguous(3684),3684,316,11031,53895,560992,8870286,2852508,12480559
20260421T172600Z,data/ambiguous_easy.txt,ambiguous,easy,59,........4.74....3961.5.......84.1...9.5..7......8.......793...8....8......6.759..,24,classify_up_to_two,classify,true,classify_up_to_two,Ambiguous,Ambiguous(2),2,0,0,0,0,0,0,1626684
20260421T172600Z,data/ambiguous_easy.txt,ambiguous,easy,59,........4.74....3961.5.......84.1...9.5..7......8.......793...8....8......6.759..,24,solve_one,first,true,classify_up_to_two,Ambiguous,Ambiguous(2),1,0,0,0,0,0,0,1597627
20260421T172600Z,data/ambiguous_easy.txt,ambiguous,easy,59,........4.74....3961.5.......84.1...9.5..7......8.......793...8....8......6.759..,24,full_solve_stats,enumerate_all,true,full_solve_stats,Ambiguous,Ambiguous(2802),2802,670,13766,115349,882050,6958435,2159581,10234328
20260421T172600Z,data/ambiguous_easy.txt,ambiguous,easy,60,9.3.5......6..2..........29...6.....8.2...34.79.............6.3...39...1......7..,20,classify_up_to_two,classify,true,classify_up_to_two,Ambiguous,Ambiguous(2),2,0,0,0,0,0,0,1299612
20260421T172600Z,data/ambiguous_easy.txt,ambiguous,easy,60,9.3.5......6..2..........29...6.....8.2...34.79.............6.3...39...1......7..,20,solve_one,first,true,classify_up_to_two,Ambiguous,Ambiguous(2),1,0,0,0,0,0,0,1296309
20260421T172600Z,data/ambiguous_easy.txt,ambiguous,easy,60,9.3.5......6..2..........29...6.....8.2...34.79.............6.3...39...1......7..,20,full_solve_stats,enumerate_all,true,full_solve_stats,Ambiguous,Ambiguous(3890),3890,391,14347,49354,604640,9754004,2860294,13347230
20260421T172600Z,data/ambiguous_easy.txt,ambiguous,easy,61,....2.3..4.3.9...7.....6..4.3...9.62214.......8...3..........1.....6....1..8.4...,22,classify_up_to_two,classify,true,classify_up_to_two,Ambiguous,Ambiguous(2),2,0,0,0,0,0,0,2254519
20260421T172600Z,data/ambiguous_easy.txt,ambiguous,easy,61,....2.3..4.3.9...7.....6..4.3...9.62214.......8...3..........1.....6....1..8.4...,22,solve_one,first,true,classify_up_to_two,Ambiguous,Ambiguous(2),1,0,0,0,0,0,0,2348819
20260421T172600Z,data/ambiguous_easy.txt,ambiguous,easy,61,....2.3..4.3.9...7.....6..4.3...9.62214.......8...3..........1.....6....1..8.4...,22,full_solve_stats,enumerate_all,true,full_solve_stats,Ambiguous,Ambiguous(293),293,361,12137,93613,1822054,931592,228298,3253774
20260421T172600Z,data/ambiguous_easy.txt,ambiguous,easy,62,..21...5......2..4.31....9.............6.92.8.4..1......4...6..7..9.....6.3...9..,21,classify_up_to_two,classify,true,classify_up_to_two,Ambiguous,Ambiguous(2),2,0,0,0,0,0,0,2609914
20260421T172600Z,data/ambiguous_easy.txt,ambiguous,easy,62,..21...5......2..4.31....9.............6.92.8.4..1......4...6..7..9.....6.3...9..,21,solve_one,first,true,classify_up_to_two,Ambiguous,Ambiguous(2),1,0,0,0,0,0,0,3161921
20260421T172600Z,data/ambiguous_easy.txt,ambiguous,easy,62,..21...5......2..4.31....9.............6.92.8.4..1......4...6..7..9.....6.3...9..,21,full_solve_stats,enumerate_all,true,full_solve_stats,Ambiguous,Ambiguous(41259),41259,348,10253,70239,1105934,87578389,30339144,119208600
20260421T172600Z,data/ambiguous_easy.txt,ambiguous,easy,63,...6.......617.....24....5.5.3..1....8......42....9.....1.....5....57..9......32.,21,classify_up_to_two,classify,true,classify_up_to_two,Ambiguous,Ambiguous(2),2,0,0,0,0,0,0,992500
20260421T172600Z,data/ambiguous_easy.txt,ambiguous,easy,63,...6.......617.....24....5.5.3..1....8......42....9.....1.....5....57..9......32.,21,solve_one,first,true,classify_up_to_two,Ambiguous,Ambiguous(2),1,0,0,0,0,0,0,1038288
20260421T172600Z,data/ambiguous_easy.txt,ambiguous,easy,63,...6.......617.....24....5.5.3..1....8......42....9.....1.....5....57..9......32.,21,full_solve_stats,enumerate_all,true,full_solve_stats,Ambiguous,Ambiguous(522),522,406,12102,48052,540768,1811516,408581,2930009
20260421T172600Z,data/ambiguous_easy.txt,ambiguous,easy,64,..14573....7.9.6.........2......9.4........8126..........3.67.......8.......75...,21,classify_up_to_two,classify,true,classify_up_to_two,Ambiguous,Ambiguous(2),2,0,0,0,0,0,0,1024445
20260421T172600Z,data/ambiguous_easy.txt,ambiguous,easy,64,..14573....7.9.6.........2......9.4........8126..........3.67.......8.......75...,21,solve_one,first,true,classify_up_to_two,Ambiguous,Ambiguous(2),1,0,0,0,0,0,0,963697
20260421T172600Z,data/ambiguous_easy.txt,ambiguous,easy,64,..14573....7.9.6.........2......9.4........8126..........3.67.......8.......75...,21,full_solve_stats,enumerate_all,true,full_solve_stats,Ambiguous,Ambiguous(740),740,360,14351,59032,477267,1617956,566796,2790000
20260421T172600Z,data/ambiguous_easy.txt,ambiguous,easy,65,.4...25.3......72......4.9..5....1....6813.5...46.....87..3.....6.5.....5...2....,24,classify_up_to_two,classify,true,classify_up_to_two,Ambiguous,Ambiguous(2),2,0,0,0,0,0,0,371395
20260421T172600Z,data/ambiguous_easy.txt,ambiguous,easy,65,.4...25.3......72......4.9..5....1....6813.5...46.....87..3.....6.5.....5...2....,24,solve_one,first,true,classify_up_to_two,Ambiguous,Ambiguous(2),1,0,0,0,0,0,0,572763
20260421T172600Z,data/ambiguous_easy.txt,ambiguous,easy,65,.4...25.3......72......4.9..5....1....6813.5...46.....87..3.....6.5.....5...2....,24,full_solve_stats,enumerate_all,true,full_solve_stats,Ambiguous,Ambiguous(399),399,419,18026,41544,132367,1039353,314121,1621585
20260421T172600Z,data/ambiguous_easy.txt,ambiguous,easy,66,.....4.519..7.........5..8....4.2..65...3..1.12...........6....29........8......5,20,classify_up_to_two,classify,true,classify_up_to_two,Ambiguous,Ambiguous(2),2,0,0,0,0,0,0,3837805
20260421T172600Z,data/ambiguous_easy.txt,ambiguous,easy,66,.....4.519..7.........5..8....4.2..65...3..1.12...........6....29........8......5,20,solve_one,first,true,classify_up_to_two,Ambiguous,Ambiguous(2),1,0,0,0,0,0,0,3810330
20260421T172600Z,data/ambiguous_easy.txt,ambiguous,easy,66,.....4.519..7.........5..8....4.2..65...3..1.12...........6....29........8......5,20,full_solve_stats,enumerate_all,true,full_solve_stats,Ambiguous,Ambiguous(58520),58520,310,10256,125835,1697334,137929668,43270266,183198816
20260421T172600Z,data/ambiguous_easy.txt,ambiguous,easy,67,.36..8.....1....285.2......42.......35...........459.....98.........71..1.3......,21,classify_up_to_two,classify,true,classify_up_to_two,Ambiguous,Ambiguous(2),2,0,0,0,0,0,0,2306621
20260421T172600Z,data/ambiguous_easy.txt,ambiguous,easy,67,.36..8.....1....285.2......42.......35...........459.....98.........71..1.3......,21,solve_one,first,true,classify_up_to_two,Ambiguous,Ambiguous(2),1,0,0,0,0,0,0,2165296
20260421T172600Z,data/ambiguous_easy.txt,ambiguous,easy,67,.36..8.....1....285.2......42.......35...........459.....98.........71..1.3......,21,full_solve_stats,enumerate_all,true,full_solve_stats,Ambiguous,Ambiguous(10060),10060,372,15528,79913,1095096,30634158,7098777,39029689
20260421T172600Z,data/ambiguous_easy.txt,ambiguous,easy,68,...1....44......7.6...39....2.....93.....8.........4......5.9......7..81...2...36,20,classify_up_to_two,classify,true,classify_up_to_two,Ambiguous,Ambiguous(2),2,0,0,0,0,0,0,18754401
20260421T172600Z,data/ambiguous_easy.txt,ambiguous,easy,68,...1....44......7.6...39....2.....93.....8.........4......5.9......7..81...2...36,20,solve_one,first,true,classify_up_to_two,Ambiguous,Ambiguous(2),1,0,0,0,0,0,0,18662696
20260421T172600Z,data/ambiguous_easy.txt,ambiguous,easy,68,...1....44......7.6...39....2.....93.....8.........4......5.9......7..81...2...36,20,full_solve_stats,enumerate_all,true,full_solve_stats,Ambiguous,Ambiguous(27153),27153,346,11612,327111,12453442,55434358,19652899,88488384
20260421T172600Z,data/ambiguous_easy.txt,ambiguous,easy,69,..1....38....57....6..........1..6....9.6.8.....54..7...5..14...3.....1...7.3..5.,22,classify_up_to_two,classify,true,classify_up_to_two,Ambiguous,Ambiguous(2),2,0,0,0,0,0,0,705563
20260421T172600Z,data/ambiguous_easy.txt,ambiguous,easy,69,..1....38....57....6..........1..6....9.6.8.....54..7...5..14...3.....1...7.3..5.,22,solve_one,first,true,classify_up_to_two,Ambiguous,Ambiguous(2),1,0,0,0,0,0,0,630032
20260421T172600Z,data/ambiguous_easy.txt,ambiguous,easy,69,..1....38....57....6..........1..6....9.6.8.....54..7...5..14...3.....1...7.3..5.,22,full_solve_stats,enumerate_all,true,full_solve_stats,Ambiguous,Ambiguous(1291),1291,280,12762,32932,235237,2983985,920212,4255129
20260421T172600Z,data/ambiguous_easy.txt,ambiguous,easy,70,.....61...7...8...6....4....56..7.2..9.8.5.4...7......1.8....94..5.....8........1,22,classify_up_to_two,classify,true,classify_up_to_two,Ambiguous,Ambiguous(2),2,0,0,0,0,0,0,631478
20260421T172600Z,data/ambiguous_easy.txt,ambiguous,easy,70,.....61...7...8...6....4....56..7.2..9.8.5.4...7......1.8....94..5.....8........1,22,solve_one,first,true,classify_up_to_two,Ambiguous,Ambiguous(2),1,0,0,0,0,0,0,607586
20260421T172600Z,data/ambiguous_easy.txt,ambiguous,easy,70,.....61...7...8...6....4....56..7.2..9.8.5.4...7......1.8....94..5.....8........1,22,full_solve_stats,enumerate_all,true,full_solve_stats,Ambiguous,Ambiguous(7397),7397,278,12669,24874,220145,10120708,5426164,15901578
20260421T172600Z,data/ambiguous_easy.txt,ambiguous,easy,71,......845....8....3..........721....6..7..9....5..9.1381...6.......7...8.......34,22,classify_up_to_two,classify,true,classify_up_to_two,Ambiguous,Ambiguous(2),2,0,0,0,0,0,0,1041671
20260421T172600Z,data/ambiguous_easy.txt,ambiguous,easy,71,......845....8....3..........721....6..7..9....5..9.1381...6.......7...8.......34,22,solve_one,first,true,classify_up_to_two,Ambiguous,Ambiguous(2),1,0,0,0,0,0,0,1030691
20260421T172600Z,data/ambiguous_easy.txt,ambiguous,easy,71,......845....8....3..........721....6..7..9....5..9.1381...6.......7...8.......34,22,full_solve_stats,enumerate_all,true,full_solve_stats,Ambiguous,Ambiguous(2397),2397,322,14541,45254,384517,4943917,1840932,7305062
20260421T172600Z,data/ambiguous_easy.txt,ambiguous,easy,72,...........3.9......64..7....9...2.37..1..9..5.....1.....8.1.37...7.......2.49...,21,classify_up_to_two,classify,true,classify_up_to_two,Ambiguous,Ambiguous(2),2,0,0,0,0,0,0,970220
20260421T172600Z,data/ambiguous_easy.txt,ambiguous,easy,72,...........3.9......64..7....9...2.37..1..9..5.....1.....8.1.37...7.......2.49...,21,solve_one,first,true,classify_up_to_two,Ambiguous,Ambiguous(2),1,0,0,0,0,0,0,942814
20260421T172600Z,data/ambiguous_easy.txt,ambiguous,easy,72,...........3.9......64..7....9...2.37..1..9..5.....1.....8.1.37...7.......2.49...,21,full_solve_stats,enumerate_all,true,full_solve_stats,Ambiguous,Ambiguous(2310),2310,275,16745,81201,479128,2225121,1770660,4640640
20260421T172600Z,data/ambiguous_easy.txt,ambiguous,easy,73,.9.3....6.....1.3.1.....59..64............2.....48......7..6..5....9..7.94.1.5...,22,classify_up_to_two,classify,true,classify_up_to_two,Ambiguous,Ambiguous(2),2,0,0,0,0,0,0,745441
20260421T172600Z,data/ambiguous_easy.txt,ambiguous,easy,73,.9.3....6.....1.3.1.....59..64............2.....48......7..6..5....9..7.94.1.5...,22,solve_one,first,true,classify_up_to_two,Ambiguous,Ambiguous(2),1,0,0,0,0,0,0,715464
20260421T172600Z,data/ambiguous_easy.txt,ambiguous,easy,73,.9.3....6.....1.3.1.....59..64............2.....48......7..6..5....9..7.94.1.5...,22,full_solve_stats,enumerate_all,true,full_solve_stats,Ambiguous,Ambiguous(151),151,372,13749,77318,250186,1177820,124033,1732708
20260421T172600Z,data/ambiguous_easy.txt,ambiguous,easy,74,...3.65.1........6..89...........7.....8....4296.1....9.2.....5.7..346.....1.....,22,classify_up_to_two,classify,true,classify_up_to_two,Ambiguous,Ambiguous(2),2,0,0,0,0,0,0,427406
20260421T172600Z,data/ambiguous_easy.txt,ambiguous,easy,74,...3.65.1........6..89...........7.....8....4296.1....9.2.....5.7..346.....1.....,22,solve_one,first,true,classify_up_to_two,Ambiguous,Ambiguous(2),1,0,0,0,0,0,0,437361
20260421T172600Z,data/ambiguous_easy.txt,ambiguous,easy,74,...3.65.1........6..89...........7.....8....4296.1....9.2.....5.7..346.....1.....,22,full_solve_stats,enumerate_all,true,full_solve_stats,Ambiguous,Ambiguous(947),947,310,14045,30759,156535,1832098,1052614,3137807
20260421T172600Z,data/ambiguous_easy.txt,ambiguous,easy,75,14.....3.8...4......3876.........3.....468.......9.54.........55...2.....7..81...,22,classify_up_to_two,classify,true,classify_up_to_two,Ambiguous,Ambiguous(2),2,0,0,0,0,0,0,2148085
20260421T172600Z,data/ambiguous_easy.txt,ambiguous,easy,75,14.....3.8...4......3876.........3.....468.......9.54.........55...2.....7..81...,22,solve_one,first,true,classify_up_to_two,Ambiguous,Ambiguous(2),1,0,0,0,0,0,0,2065478
20260421T172600Z,data/ambiguous_easy.txt,ambiguous,easy,75,14.....3.8...4......3876.........3.....468.......9.54.........55...2.....7..81...,22,full_solve_stats,enumerate_all,true,full_solve_stats,Ambiguous,Ambiguous(5843),5843,340,10877,99914,870375,12778172,4433118,18292849
20260421T172600Z,data/ambiguous_easy.txt,ambiguous,easy,76,.......85..........4..8....2..63...89...1....1....23...92.......5....4..8...61.5.,21,classify_up_to_two,classify,true,classify_up_to_two,Ambiguous,Ambiguous(2),2,0,0,0,0,0,0,1792845
20260421T172600Z,data/ambiguous_easy.txt,ambiguous,easy,76,.......85..........4..8....2..63...89...1....1....23...92.......5....4..8...61.5.,21,solve_one,first,true,classify_up_to_two,Ambiguous,Ambiguous(2),1,0,0,0,0,0,0,1739558
20260421T172600Z,data/ambiguous_easy.txt,ambiguous,easy,76,.......85..........4..8....2..63...89...1....1....23...92.......5....4..8...61.5.,21,full_solve_stats,enumerate_all,true,full_solve_stats,Ambiguous,Ambiguous(1389),1389,339,11469,157114,946178,2797083,1022569,5033087
20260421T172600Z,data/ambiguous_easy.txt,ambiguous,easy,77,9....8..3.4..5......216..8..........1..6.....8...21....8.....2.........4.39...5.7,21,classify_up_to_two,classify,true,classify_up_to_two,Ambiguous,Ambiguous(2),2,0,0,0,0,0,0,4120797
20260421T172600Z,data/ambiguous_easy.txt,ambiguous,easy,77,9....8..3.4..5......216..8..........1..6.....8...21....8.....2.........4.39...5.7,21,solve_one,first,true,classify_up_to_two,Ambiguous,Ambiguous(2),1,0,0,0,0,0,0,4007757
20260421T172600Z,data/ambiguous_easy.txt,ambiguous,easy,77,9....8..3.4..5......216..8..........1..6.....8...21....8.....2.........4.39...5.7,21,full_solve_stats,enumerate_all,true,full_solve_stats,Ambiguous,Ambiguous(7845),7845,483,15809,165043,2129926,15407911,5733605,23614715
20260421T172600Z,data/ambiguous_easy.txt,ambiguous,easy,78,..5....74....5....3...9...19......5.....6.18............9......1..42...6.7.8..21.,21,classify_up_to_two,classify,true,classify_up_to_two,Ambiguous,Ambiguous(2),2,0,0,0,0,0,0,5708006
20260421T172600Z,data/ambiguous_easy.txt,ambiguous,easy,78,..5....74....5....3...9...19......5.....6.18............9......1..42...6.7.8..21.,21,solve_one,first,true,classify_up_to_two,Ambiguous,Ambiguous(2),1,0,0,0,0,0,0,5756882
20260421T172600Z,data/ambiguous_easy.txt,ambiguous,easy,78,..5....74....5....3...9...19......5.....6.18............9......1..42...6.7.8..21.,21,full_solve_stats,enumerate_all,true,full_solve_stats,Ambiguous,Ambiguous(3351),3351,332,11588,161616,4032701,11756156,2526406,18710025
20260421T172600Z,data/ambiguous_easy.txt,ambiguous,easy,79,....4.25..3...6.84.4...3....8.3..9..72.........1...........9.....5.....9..75...3.,21,classify_up_to_two,classify,true,classify_up_to_two,Ambiguous,Ambiguous(2),2,0,0,0,0,0,0,2251246
20260421T172600Z,data/ambiguous_easy.txt,ambiguous,easy,79,....4.25..3...6.84.4...3....8.3..9..72.........1...........9.....5.....9..75...3.,21,solve_one,first,true,classify_up_to_two,Ambiguous,Ambiguous(2),1,0,0,0,0,0,0,2225516
20260421T172600Z,data/ambiguous_easy.txt,ambiguous,easy,79,....4.25..3...6.84.4...3....8.3..9..72.........1...........9.....5.....9..75...3.,21,full_solve_stats,enumerate_all,true,full_solve_stats,Ambiguous,Ambiguous(3612),3612,345,12099,100681,1252767,9076035,2689564,13232602
20260421T172600Z,data/ambiguous_easy.txt,ambiguous,easy,80,..8.......9...1.7.5.7..3..2..9.......4.1..3........28................1.7..346.8..,20,classify_up_to_two,classify,true,classify_up_to_two,Ambiguous,Ambiguous(2),2,0,0,0,0,0,0,1671961
20260421T172600Z,data/ambiguous_easy.txt,ambiguous,easy,80,..8.......9...1.7.5.7..3..2..9.......4.1..3........28................1.7..346.8..,20,solve_one,first,true,classify_up_to_two,Ambiguous,Ambiguous(2),1,0,0,0,0,0,0,1699592
20260421T172600Z,data/ambiguous_easy.txt,ambiguous,easy,80,..8.......9...1.7.5.7..3..2..9.......4.1..3........28................1.7..346.8..,20,full_solve_stats,enumerate_all,true,full_solve_stats,Ambiguous,Ambiguous(10599),10599,249,15185,233854,797677,23808897,7819641,32774330
20260421T172600Z,data/ambiguous_easy.txt,ambiguous,easy,81,3...2...7....8.....1.9.....4...7.1.......3....2.1..8.5......74........81.9..5....,20,classify_up_to_two,classify,true,classify_up_to_two,Ambiguous,Ambiguous(2),2,0,0,0,0,0,0,1153086
20260421T172600Z,data/ambiguous_easy.txt,ambiguous,easy,81,3...2...7....8.....1.9.....4...7.1.......3....2.1..8.5......74........81.9..5....,20,solve_one,first,true,classify_up_to_two,Ambiguous,Ambiguous(2),1,0,0,0,0,0,0,1073210
20260421T172600Z,data/ambiguous_easy.txt,ambiguous,easy,81,3...2...7....8.....1.9.....4...7.1.......3....2.1..8.5......74........81.9..5....,20,full_solve_stats,enumerate_all,true,full_solve_stats,Ambiguous,Ambiguous(8148),8148,268,11601,113317,460550,19367105,6102699,26125390
20260421T172600Z,data/ambiguous_easy.txt,ambiguous,easy,82,8..6..........12..3..5...7..7.....6..68.4..........4.7.......84......9..9...8.1.5,21,classify_up_to_two,classify,true,classify_up_to_two,Ambiguous,Ambiguous(2),2,0,0,0,0,0,0,1373776
20260421T172600Z,data/ambiguous_easy.txt,ambiguous,easy,82,8..6..........12..3..5...7..7.....6..68.4..........4.7.......84......9..9...8.1.5,21,solve_one,first,true,classify_up_to_two,Ambiguous,Ambiguous(2),1,0,0,0,0,0,0,1369624
20260421T172600Z,data/ambiguous_easy.txt,ambiguous,easy,82,8..6..........12..3..5...7..7.....6..68.4..........4.7.......84......9..9...8.1.5,21,full_solve_stats,enumerate_all,true,full_solve_stats,Ambiguous,Ambiguous(5596),5596,354,15885,178606,521820,12224971,4299767,17308923
20260421T172600Z,data/ambiguous_easy.txt,ambiguous,easy,83,...3..9.5..6.......8.2....3....3....2.........6.79....1..9.3.54.3..8...2...4.....,21,classify_up_to_two,classify,true,classify_up_to_two,Ambiguous,Ambiguous(2),2,0,0,0,0,0,0,3971541
20260421T172600Z,data/ambiguous_easy.txt,ambiguous,easy,83,...3..9.5..6.......8.2....3....3....2.........6.79....1..9.3.54.3..8...2...4.....,21,solve_one,first,true,classify_up_to_two,Ambiguous,Ambiguous(2),1,0,0,0,0,0,0,4019146
20260421T172600Z,data/ambiguous_easy.txt,ambiguous,easy,83,...3..9.5..6.......8.2....3....3....2.........6.79....1..9.3.54.3..8...2...4.....,21,full_solve_stats,enumerate_all,true,full_solve_stats,Ambiguous,Ambiguous(20635),20635,317,10659,228749,1728290,49184276,15382703,66700855
20260421T172600Z,data/ambiguous_easy.txt,ambiguous,easy,84,2.....1764....9...63.5........3.2..1.....1..........5....7..8...2..3...........4.,19,classify_up_to_two,classify,true,classify_up_to_two,Ambiguous,Ambiguous(2),2,0,0,0,0,0,0,13014510
20260421T172600Z,data/ambiguous_easy.txt,ambiguous,easy,84,2.....1764....9...63.5........3.2..1.....1..........5....7..8...2..3...........4.,19,solve_one,first,true,classify_up_to_two,Ambiguous,Ambiguous(2),1,0,0,0,0,0,0,12976488
20260421T172600Z,data/ambiguous_easy.txt,ambiguous,easy,84,2.....1764....9...63.5........3.2..1.....1..........5....7..8...2..3...........4.,19,full_solve_stats,enumerate_all,true,full_solve_stats,Ambiguous,Ambiguous(105164),105164,338,10445,258116,5644325,244538634,81417693,332357965
20260421T172600Z,data/ambiguous_easy.txt,ambiguous,easy,85,..1..3.........8.52..8941....82..4.........5...25..7........2..9.7.....4...7.6..3,23,classify_up_to_two,classify,true,classify_up_to_two,Ambiguous,Ambiguous(2),2,0,0,0,0,0,0,325702
20260421T172600Z,data/ambiguous_easy.txt,ambiguous,easy,85,..1..3.........8.52..8941....82..4.........5...25..7........2..9.7.....4...7.6..3,23,solve_one,first,true,classify_up_to_two,Ambiguous,Ambiguous(2),1,0,0,0,0,0,0,293654
20260421T172600Z,data/ambiguous_easy.txt,ambiguous,easy,85,..1..3.........8.52..8941....82..4.........5...25..7........2..9.7.....4...7.6..3,23,full_solve_stats,enumerate_all,true,full_solve_stats,Ambiguous,Ambiguous(69),69,234,16457,63216,114046,181038,55480,510025
20260421T172600Z,data/ambiguous_easy.txt,ambiguous,easy,86,......536....7.......6...8..9...8.6.....3......3794..19..8.....53......7..7..9.1.,23,classify_up_to_two,classify,true,classify_up_to_two,Ambiguous,Ambiguous(2),2,0,0,0,0,0,0,383166
20260421T172600Z,data/ambiguous_easy.txt,ambiguous,easy,86,......536....7.......6...8..9...8.6.....3......3794..19..8.....53......7..7..9.1.,23,solve_one,first,true,classify_up_to_two,Ambiguous,Ambiguous(2),1,0,0,0,0,0,0,341996
20260421T172600Z,data/ambiguous_easy.txt,ambiguous,easy,86,......536....7.......6...8..9...8.6.....3......3794..19..8.....53......7..7..9.1.,23,full_solve_stats,enumerate_all,true,full_solve_stats,Ambiguous,Ambiguous(358),358,311,16177,20482,116201,1225224,288816,1710969
20260421T172600Z,data/ambiguous_easy.txt,ambiguous,easy,87,4.5.6...713...4.............7823..........3....1....9..........21.67......6...53.,21,classify_up_to_two,classify,true,classify_up_to_two,Ambiguous,Ambiguous(2),2,0,0,0,0,0,0,782962
20260421T172600Z,data/ambiguous_easy.txt,ambiguous,easy,87,4.5.6...713...4.............7823..........3....1....9..........21.67......6...53.,21,solve_one,first,true,classify_up_to_two,Ambiguous,Ambiguous(2),1,0,0,0,0,0,0,819269
20260421T172600Z,data/ambiguous_easy.txt,ambiguous,easy,87,4.5.6...713...4.............7823..........3....1....9..........21.67......6...53.,21,full_solve_stats,enumerate_all,true,full_solve_stats,Ambiguous,Ambiguous(3736),3736,277,14110,24096,310329,7234608,2886283,10549351
20260421T172600Z,data/ambiguous_easy.txt,ambiguous,easy,88,..1.97..4......6........52.....1894.........3..........2...4.5...6....1..7.6..3.2,21,classify_up_to_two,classify,true,classify_up_to_two,Ambiguous,Ambiguous(2),2,0,0,0,0,0,0,21043423
20260421T172600Z,data/ambiguous_easy.txt,ambiguous,easy,88,..1.97..4......6........52.....1894.........3..........2...4.5...6....1..7.6..3.2,21,solve_one,first,true,classify_up_to_two,Ambiguous,Ambiguous(2),1,0,0,0,0,0,0,20590623
20260421T172600Z,data/ambiguous_easy.txt,ambiguous,easy,88,..1.97..4......6........52.....1894.........3..........2...4.5...6....1..7.6..3.2,21,full_solve_stats,enumerate_all,true,full_solve_stats,Ambiguous,Ambiguous(4002),4002,608,11602,238223,15439868,13354878,3038385,32676417
20260421T172600Z,data/ambiguous_easy.txt,ambiguous,easy,89,.6...95.2.......3.83...2.........2..9.....8......4....5.6....4...36.........7.3..,19,classify_up_to_two,classify,true,classify_up_to_two,Ambiguous,Ambiguous(2),2,0,0,0,0,0,0,6743034
20260421T172600Z,data/ambiguous_easy.txt,ambiguous,easy,89,.6...95.2.......3.83...2.........2..9.....8......4....5.6....4...36.........7.3..,19,solve_one,first,true,classify_up_to_two,Ambiguous,Ambiguous(2),1,0,0,0,0,0,0,6889463
20260421T172600Z,data/ambiguous_easy.txt,ambiguous,easy,89,.6...95.2.......3.83...2.........2..9.....8......4....5.6....4...36.........7.3..,19,full_solve_stats,enumerate_all,true,full_solve_stats,Ambiguous,Ambiguous(312371),312371,392,7456,107471,2942440,502244819,236920178,742487684
20260421T172600Z,data/ambiguous_easy.txt,ambiguous,easy,90,...3.......5...9..68.9.4.1.....6.7...2..9....1.3....2...415..6.............43....,21,classify_up_to_two,classify,true,classify_up_to_two,Ambiguous,Ambiguous(2),2,0,0,0,0,0,0,3143569
20260421T172600Z,data/ambiguous_easy.txt,ambiguous,easy,90,...3.......5...9..68.9.4.1.....6.7...2..9....1.3....2...415..6.............43....,21,solve_one,first,true,classify_up_to_two,Ambiguous,Ambiguous(2),1,0,0,0,0,0,0,3111376
20260421T172600Z,data/ambiguous_easy.txt,ambiguous,easy,90,...3.......5...9..68.9.4.1.....6.7...2..9....1.3....2...415..6.............43....,21,full_solve_stats,enumerate_all,true,full_solve_stats,Ambiguous,Ambiguous(6996),6996,325,11650,74242,1607913,19239172,5132371,26199119
20260421T172600Z,data/ambiguous_easy.txt,ambiguous,easy,91,.7.2...3...6...5......6.8....5872......1......3....7...13.....6.4.3.....5..9.....,21,classify_up_to_two,classify,true,classify_up_to_two,Ambiguous,Ambiguous(2),2,0,0,0,0,0,0,1005287
20260421T172600Z,data/ambiguous_easy.txt,ambiguous,easy,91,.7.2...3...6...5......6.8....5872......1......3....7...13.....6.4.3.....5..9.....,21,solve_one,first,true,classify_up_to_two,Ambiguous,Ambiguous(2),1,0,0,0,0,0,0,977353
20260421T172600Z,data/ambiguous_easy.txt,ambiguous,easy,91,.7.2...3...6...5......6.8....5872......1......3....7...13.....6.4.3.....5..9.....,21,full_solve_stats,enumerate_all,true,full_solve_stats,Ambiguous,Ambiguous(14728),14728,314,13436,54773,368288,26508819,11007188,38023898
20260421T172600Z,data/ambiguous_easy.txt,ambiguous,easy,92,..4...5...2..56....3...............7......2.9.712.4......3......1.57....4.....98.,20,classify_up_to_two,classify,true,classify_up_to_two,Ambiguous,Ambiguous(2),2,0,0,0,0,0,0,1001157
20260421T172600Z,data/ambiguous_easy.txt,ambiguous,easy,92,..4...5...2..56....3...............7......2.9.712.4......3......1.57....4.....98.,20,solve_one,first,true,classify_up_to_two,Ambiguous,Ambiguous(2),1,0,0,0,0,0,0,972662
20260421T172600Z,data/ambiguous_easy.txt,ambiguous,easy,92,..4...5...2..56....3...............7......2.9.712.4......3......1.57....4.....98.,20,full_solve_stats,enumerate_all,true,full_solve_stats,Ambiguous,Ambiguous(11310),11310,308,14914,63031,416607,19596008,8697946,28853658
20260421T172600Z,data/ambiguous_easy.txt,ambiguous,easy,93,..7..123..........83.5.........5......3..91...8....4.3....8....5...46.9...819....,22,classify_up_to_two,classify,true,classify_up_to_two,Ambiguous,Ambiguous(2),2,0,0,0,0,0,0,1374172
20260421T172600Z,data/ambiguous_easy.txt,ambiguous,easy,93,..7..123..........83.5.........5......3..91...8....4.3....8....5...46.9...819....,22,solve_one,first,true,classify_up_to_two,Ambiguous,Ambiguous(2),1,0,0,0,0,0,0,1277948
20260421T172600Z,data/ambiguous_easy.txt,ambiguous,easy,93,..7..123..........83.5.........5......3..91...8....4.3....8....5...46.9...819....,22,full_solve_stats,enumerate_all,true,full_solve_stats,Ambiguous,Ambiguous(540),540,374,11161,72195,612884,2953889,410179,4129067
20260421T172600Z,data/ambiguous_easy.txt,ambiguous,easy,94,....1.28.....7..1........536........2....85......4...8...3...26........9..4..23..,20,classify_up_to_two,classify,true,classify_up_to_two,Ambiguous,Ambiguous(2),2,0,0,0,0,0,0,1558070
20260421T172600Z,data/ambiguous_easy.txt,ambiguous,easy,94,....1.28.....7..1........536........2....85......4...8...3...26........9..4..23..,20,solve_one,first,true,classify_up_to_two,Ambiguous,Ambiguous(2),1,0,0,0,0,0,0,1541770
20260421T172600Z,data/ambiguous_easy.txt,ambiguous,easy,94,....1.28.....7..1........536........2....85......4...8...3...26........9..4..23..,20,full_solve_stats,enumerate_all,true,full_solve_stats,Ambiguous,Ambiguous(1506),1506,340,17780,69245,930459,3793888,1167000,6069519
20260421T172600Z,data/ambiguous_easy.txt,ambiguous,easy,95,.....95...............45.....5.2.36.........2.4..6...796.......8.19.....7......28,20,classify_up_to_two,classify,true,classify_up_to_two,Ambiguous,Ambiguous(2),2,0,0,0,0,0,0,2077287
20260421T172600Z,data/ambiguous_easy.txt,ambiguous,easy,95,.....95...............45.....5.2.36.........2.4..6...796.......8.19.....7......28,20,solve_one,first,true,classify_up_to_two,Ambiguous,Ambiguous(2),1,0,0,0,0,0,0,3265536
20260421T172600Z,data/ambiguous_easy.txt,ambiguous,easy,95,.....95...............45.....5.2.36.........2.4..6...796.......8.19.....7......28,20,full_solve_stats,enumerate_all,true,full_solve_stats,Ambiguous,Ambiguous(5431),5431,382,17127,46229,1016691,10843815,4155444,16192966
20260421T172600Z,data/ambiguous_easy.txt,ambiguous,easy,96,7.3....5.42....3.............614..8.............68...3.95..6.2.3.....5..2...9.4..,22,classify_up_to_two,classify,true,classify_up_to_two,Ambiguous,Ambiguous(2),2,0,0,0,0,0,0,828756
20260421T172600Z,data/ambiguous_easy.txt,ambiguous,easy,96,7.3....5.42....3.............614..8.............68...3.95..6.2.3.....5..2...9.4..,22,solve_one,first,true,classify_up_to_two,Ambiguous,Ambiguous(2),1,0,0,0,0,0,0,808518
20260421T172600Z,data/ambiguous_easy.txt,ambiguous,easy,96,7.3....5.42....3.............614..8.............68...3.95..6.2.3.....5..2...9.4..,22,full_solve_stats,enumerate_all,true,full_solve_stats,Ambiguous,Ambiguous(2325),2325,335,14776,29014,298112,5817481,1785344,8014243
20260421T172600Z,data/ambiguous_easy.txt,ambiguous,easy,97,........352....9.......65.....2...7..834.....6......41.1....4...6.3.......2.....5,20,classify_up_to_two,classify,true,classify_up_to_two,Ambiguous,Ambiguous(2),2,0,0,0,0,0,0,2547424
20260421T172600Z,data/ambiguous_easy.txt,ambiguous,easy,97,........352....9.......65.....2...7..834.....6......41.1....4...6.3.......2.....5,20,solve_one,first,true,classify_up_to_two,Ambiguous,Ambiguous(2),1,0,0,0,0,0,0,2545768
20260421T172600Z,data/ambiguous_easy.txt,ambiguous,easy,97,........352....9.......65.....2...7..834.....6......41.1....4...6.3.......2.....5,20,full_solve_stats,enumerate_all,true,full_solve_stats,Ambiguous,Ambiguous(12221),12221,386,17345,105955,1070809,24464770,9364764,35142240
20260421T172600Z,data/ambiguous_easy.txt,ambiguous,easy,98,.3..1...418.......2....36.....9...15....2...79....5.....64...8.3.........142.....,22,classify_up_to_two,classify,true,classify_up_to_two,Ambiguous,Ambiguous(2),2,0,0,0,0,0,0,446959
20260421T172600Z,data/ambiguous_easy.txt,ambiguous,easy,98,.3..1...418.......2....36.....9...15....2...79....5.....64...8.3.........142.....,22,solve_one,first,true,classify_up_to_two,Ambiguous,Ambiguous(2),1,0,0,0,0,0,0,437295
20260421T172600Z,data/ambiguous_easy.txt,ambiguous,easy,98,.3..1...418.......2....36.....9...15....2...79....5.....64...8.3.........142.....,22,full_solve_stats,enumerate_all,true,full_solve_stats,Ambiguous,Ambiguous(1543),1543,332,12365,47909,147149,2434338,1189276,3881208
20260421T172600Z,data/ambiguous_easy.txt,ambiguous,easy,99,....6.......8..7...4........3..9.2.7....5.14.........5...6.....71.3..4..8.2.7...9,21,classify_up_to_two,classify,true,classify_up_to_two,Ambiguous,Ambiguous(2),2,0,0,0,0,0,0,7203348
20260421T172600Z,data/ambiguous_easy.txt,ambiguous,easy,99,....6.......8..7...4........3..9.2.7....5.14.........5...6.....71.3..4..8.2.7...9,21,solve_one,first,true,classify_up_to_two,Ambiguous,Ambiguous(2),1,0,0,0,0,0,0,7187469
20260421T172600Z,data/ambiguous_easy.txt,ambiguous,easy,99,....6.......8..7...4........3..9.2.7....5.14.........5...6.....71.3..4..8.2.7...9,21,full_solve_stats,enumerate_all,true,full_solve_stats,Ambiguous,Ambiguous(5265),5265,423,12318,89616,4206323,16863280,4000465,25388081
20260421T172600Z,data/ambiguous_medium.txt,ambiguous,medium,0,1..5.37..6....8.9......98...1.......87.1..........6...........7.8.9.76.47...6.3.2,24,classify_up_to_two,classify,true,classify_up_to_two,Ambiguous,Ambiguous(2),2,0,0,0,0,0,0,603522
20260421T172600Z,data/ambiguous_medium.txt,ambiguous,medium,0,1..5.37..6....8.9......98...1.......87.1..........6...........7.8.9.76.47...6.3.2,24,solve_one,first,true,classify_up_to_two,Ambiguous,Ambiguous(2),1,0,0,0,0,0,0,639575
20260421T172600Z,data/ambiguous_medium.txt,ambiguous,medium,0,1..5.37..6....8.9......98...1.......87.1..........6...........7.8.9.76.47...6.3.2,24,full_solve_stats,enumerate_all,true,full_solve_stats,Ambiguous,Ambiguous(1738),1738,380,12508,60451,264331,4203795,1287920,5901753
20260421T172600Z,data/ambiguous_medium.txt,ambiguous,medium,1,........5.2...9....9..2...373..4.1.....3.....58....4.......358...42.......978...2,23,classify_up_to_two,classify,true,classify_up_to_two,Ambiguous,Ambiguous(2),2,0,0,0,0,0,0,344170
20260421T172600Z,data/ambiguous_medium.txt,ambiguous,medium,1,........5.2...9....9..2...373..4.1.....3.....58....4.......358...42.......978...2,23,solve_one,first,true,classify_up_to_two,Ambiguous,Ambiguous(2),1,0,0,0,0,0,0,270703
20260421T172600Z,data/ambiguous_medium.txt,ambiguous,medium,1,........5.2...9....9..2...373..4.1.....3.....58....4.......358...42.......978...2,23,full_solve_stats,enumerate_all,true,full_solve_stats,Ambiguous,Ambiguous(182),182,275,14433,101970,113737,460303,149616,886014
20260421T172600Z,data/ambiguous_medium.txt,ambiguous,medium,2,.4.1..............6.3.....1.8.9..74...24..91.......2.8...56.....1..7......4..1..3,22,classify_up_to_two,classify,true,classify_up_to_two,Ambiguous,Ambiguous(2),2,0,0,0,0,0,0,3060025
20260421T172600Z,data/ambiguous_medium.txt,ambiguous,medium,2,.4.1..............6.3.....1.8.9..74...24..91.......2.8...56.....1..7......4..1..3,22,solve_one,first,true,classify_up_to_two,Ambiguous,Ambiguous(2),1,0,0,0,0,0,0,3029563
20260421T172600Z,data/ambiguous_medium.txt,ambiguous,medium,2,.4.1..............6.3.....1.8.9..74...24..91.......2.8...56.....1..7......4..1..3,22,full_solve_stats,enumerate_all,true,full_solve_stats,Ambiguous,Ambiguous(8772),8772,354,11619,76096,1800786,19019317,6776941,27831196
20260421T172600Z,data/ambiguous_medium.txt,ambiguous,medium,3,.7......34......1....672.....9...6.....3......2.56...49.7.4......38.9............,20,classify_up_to_two,classify,true,classify_up_to_two,Ambiguous,Ambiguous(2),2,0,0,0,0,0,0,5507834
20260421T172600Z,data/ambiguous_medium.txt,ambiguous,medium,3,.7......34......1....672.....9...6.....3......2.56...49.7.4......38.9............,20,solve_one,first,true,classify_up_to_two,Ambiguous,Ambiguous(2),1,0,0,0,0,0,0,5226025
20260421T172600Z,data/ambiguous_medium.txt,ambiguous,medium,3,.7......34......1....672.....9...6.....3......2.56...49.7.4......38.9............,20,full_solve_stats,enumerate_all,true,full_solve_stats,Ambiguous,Ambiguous(1963),1963,330,12271,190967,3956453,6271195,1507183,12205529
20260421T172600Z,data/ambiguous_medium.txt,ambiguous,medium,4,..3.8.5...4.....9.7..15.4..98...1..5..2.7.83...5.6....1....6.5..................4,23,classify_up_to_two,classify,true,classify_up_to_two,Ambiguous,Ambiguous(2),2,0,0,0,0,0,0,1156653
20260421T172600Z,data/ambiguous_medium.txt,ambiguous,medium,4,..3.8.5...4.....9.7..15.4..98...1..5..2.7.83...5.6....1....6.5..................4,23,solve_one,first,true,classify_up_to_two,Ambiguous,Ambiguous(2),1,0,0,0,0,0,0,1195430
20260421T172600Z,data/ambiguous_medium.txt,ambiguous,medium,4,..3.8.5...4.....9.7..15.4..98...1..5..2.7.83...5.6....1....6.5..................4,23,full_solve_stats,enumerate_all,true,full_solve_stats,Ambiguous,Ambiguous(557),557,374,13341,92116,457058,1682968,430358,2727113
20260421T172600Z,data/ambiguous_medium.txt,ambiguous,medium,5,8..9........524.....5...67..2......45.17....3.......1.4....8.......6...7......89.,21,classify_up_to_two,classify,true,classify_up_to_two,Ambiguous,Ambiguous(2),2,0,0,0,0,0,0,395636
20260421T172600Z,data/ambiguous_medium.txt,ambiguous,medium,5,8..9........524.....5...67..2......45.17....3.......1.4....8.......6...7......89.,21,solve_one,first,true,classify_up_to_two,Ambiguous,Ambiguous(2),1,0,0,0,0,0,0,382447
20260421T172600Z,data/ambiguous_medium.txt,ambiguous,medium,5,8..9........524.....5...67..2......45.17....3.......1.4....8.......6...7......89.,21,full_solve_stats,enumerate_all,true,full_solve_stats,Ambiguous,Ambiguous(724),724,340,12635,55167,134010,2083012,557964,2882644
20260421T172600Z,data/ambiguous_medium.txt,ambiguous,medium,6,............86..79.....54............53.9......67..5..5....2.432..6.....8.94.....,21,classify_up_to_two,classify,true,classify_up_to_two,Ambiguous,Ambiguous(2),2,0,0,0,0,0,0,2292480
20260421T172600Z,data/ambiguous_medium.txt,ambiguous,medium,6,............86..79.....54............53.9......67..5..5....2.432..6.....8.94.....,21,solve_one,first,true,classify_up_to_two,Ambiguous,Ambiguous(2),1,0,0,0,0,0,0,2169071
20260421T172600Z,data/ambiguous_medium.txt,ambiguous,medium,6,............86..79.....54............53.9......67..5..5....2.432..6.....8.94.....,21,full_solve_stats,enumerate_all,true,full_solve_stats,Ambiguous,Ambiguous(9976),9976,385,11544,63432,944444,24537855,7344130,33020438
20260421T172600Z,data/ambiguous_medium.txt,ambiguous,medium,7,..61.4.9..5...9......25.........5.........2...324...71....9.3...95...7...4.7.1...,23,classify_up_to_two,classify,true,classify_up_to_two,Ambiguous,Ambiguous(2),2,0,0,0,0,0,0,773448
20260421T172600Z,data/ambiguous_medium.txt,ambiguous,medium,7,..61.4.9..5...9......25.........5.........2...324...71....9.3...95...7...4.7.1...,23,solve_one,first,true,classify_up_to_two,Ambiguous,Ambiguous(2),1,0,0,0,0,0,0,787593
20260421T172600Z,data/ambiguous_medium.txt,ambiguous,medium,7,..61.4.9..5...9......25.........5.........2...324...71....9.3...95...7...4.7.1...,23,full_solve_stats,enumerate_all,true,full_solve_stats,Ambiguous,Ambiguous(973),973,310,12986,75646,298621,2784415,725536,3986441
20260421T172600Z,data/ambiguous_medium.txt,ambiguous,medium,8,7.82...6...4..8..9..1.5...............6..1.4.3.....67..4............5.87..5.7...3,22,classify_up_to_two,classify,true,classify_up_to_two,Ambiguous,Ambiguous(2),2,0,0,0,0,0,0,773570
20260421T172600Z,data/ambiguous_medium.txt,ambiguous,medium,8,7.82...6...4..8..9..1.5...............6..1.4.3.....67..4............5.87..5.7...3,22,solve_one,first,true,classify_up_to_two,Ambiguous,Ambiguous(2),1,0,0,0,0,0,0,764738
20260421T172600Z,data/ambiguous_medium.txt,ambiguous,medium,8,7.82...6...4..8..9..1.5...............6..1.4.3.....67..4............5.87..5.7...3,22,full_solve_stats,enumerate_all,true,full_solve_stats,Ambiguous,Ambiguous(4036),4036,265,12871,79499,289131,9531683,2980486,12946183
20260421T172600Z,data/ambiguous_medium.txt,ambiguous,medium,9,....27.....3........9..57...8....3..5..9.........32...651....4...8....9.....4.6.5,21,classify_up_to_two,classify,true,classify_up_to_two,Ambiguous,Ambiguous(2),2,0,0,0,0,0,0,3021433
20260421T172600Z,data/ambiguous_medium.txt,ambiguous,medium,9,....27.....3........9..57...8....3..5..9.........32...651....4...8....9.....4.6.5,21,solve_one,first,true,classify_up_to_two,Ambiguous,Ambiguous(2),1,0,0,0,0,0,0,2974032
20260421T172600Z,data/ambiguous_medium.txt,ambiguous,medium,9,....27.....3........9..57...8....3..5..9.........32...651....4...8....9.....4.6.5,21,full_solve_stats,enumerate_all,true,full_solve_stats,Ambiguous,Ambiguous(12858),12858,313,10311,189693,1673945,17840589,9518229,29352977
20260421T172600Z,data/ambiguous_medium.txt,ambiguous,medium,10,.......8.5......96......4......4....9......2.2...6..17.1....8...6..17..97...95...,21,classify_up_to_two,classify,true,classify_up_to_two,Ambiguous,Ambiguous(2),2,0,0,0,0,0,0,6602497
20260421T172600Z,data/ambiguous_medium.txt,ambiguous,medium,10,.......8.5......96......4......4....9......2.2...6..17.1....8...6..17..97...95...,21,solve_one,first,true,classify_up_to_two,Ambiguous,Ambiguous(2),1,0,0,0,0,0,0,6530865
20260421T172600Z,data/ambiguous_medium.txt,ambiguous,medium,10,.......8.5......96......4......4....9......2.2...6..17.1....8...6..17..97...95...,21,full_solve_stats,enumerate_all,true,full_solve_stats,Ambiguous,Ambiguous(4143),4143,453,15825,276478,4138709,10618766,3172657,18485476
20260421T172600Z,data/ambiguous_medium.txt,ambiguous,medium,11,..7.....34...6.........37..1.8.57.......8..6......2............6...459....9....87,20,classify_up_to_two,classify,true,classify_up_to_two,Ambiguous,Ambiguous(2),2,0,0,0,0,0,0,1528866
20260421T172600Z,data/ambiguous_medium.txt,ambiguous,medium,11,..7.....34...6.........37..1.8.57.......8..6......2............6...459....9....87,20,solve_one,first,true,classify_up_to_two,Ambiguous,Ambiguous(2),1,0,0,0,0,0,0,1420397
20260421T172600Z,data/ambiguous_medium.txt,ambiguous,medium,11,..7.....34...6.........37..1.8.57.......8..6......2............6...459....9....87,20,full_solve_stats,enumerate_all,true,full_solve_stats,Ambiguous,Ambiguous(1586),1586,381,12183,132210,391777,7591384,1186184,9370052
20260421T172600Z,data/ambiguous_medium.txt,ambiguous,medium,12,1.........9.....6..2.4...9.......8..2...98....4.27.3.....7...15.....6.3..5....9..,21,classify_up_to_two,classify,true,classify_up_to_two,Ambiguous,Ambiguous(2),2,0,0,0,0,0,0,2056882
20260421T172600Z,data/ambiguous_medium.txt,ambiguous,medium,12,1.........9.....6..2.4...9.......8..2...98....4.27.3.....7...15.....6.3..5....9..,21,solve_one,first,true,classify_up_to_two,Ambiguous,Ambiguous(2),1,0,0,0,0,0,0,1953763
20260421T172600Z,data/ambiguous_medium.txt,ambiguous,medium,12,1.........9.....6..2.4...9.......8..2...98....4.27.3.....7...15.....6.3..5....9..,21,full_solve_stats,enumerate_all,true,full_solve_stats,Ambiguous,Ambiguous(9951),9951,333,6904,103490,921094,20552641,7352438,29023280
20260421T172600Z,data/ambiguous_medium.txt,ambiguous,medium,13,3....5.78.....7....6..1.4..6.......7...9...6.........442............8.51.13..67..,22,classify_up_to_two,classify,true,classify_up_to_two,Ambiguous,Ambiguous(2),2,0,0,0,0,0,0,1862441
20260421T172600Z,data/ambiguous_medium.txt,ambiguous,medium,13,3....5.78.....7....6..1.4..6.......7...9...6.........442............8.51.13..67..,22,solve_one,first,true,classify_up_to_two,Ambiguous,Ambiguous(2),1,0,0,0,0,0,0,1834411
20260421T172600Z,data/ambiguous_medium.txt,ambiguous,medium,13,3....5.78.....7....6..1.4..6.......7...9...6.........442............8.51.13..67..,22,full_solve_stats,enumerate_all,true,full_solve_stats,Ambiguous,Ambiguous(2880),2880,307,14122,172674,883826,6912995,2226724,10309800
20260421T172600Z,data/ambiguous_medium.txt,ambiguous,medium,14,1..7.8..6.45...2.......1.9...43...............3.1..........9.7..9...6..5.5.2.....,20,classify_up_to_two,classify,true,classify_up_to_two,Ambiguous,Ambiguous(2),2,0,0,0,0,0,0,19909223
20260421T172600Z,data/ambiguous_medium.txt,ambiguous,medium,14,1..7.8..6.45...2.......1.9...43...............3.1..........9.7..9...6..5.5.2.....,20,solve_one,first,true,classify_up_to_two,Ambiguous,Ambiguous(2),1,0,0,0,0,0,0,19347812
20260421T172600Z,data/ambiguous_medium.txt,ambiguous,medium,14,1..7.8..6.45...2.......1.9...43...............3.1..........9.7..9...6..5.5.2.....,20,full_solve_stats,enumerate_all,true,full_solve_stats,Ambiguous,Ambiguous(43030),43030,351,7902,841686,13132901,80006624,32505338,127103082
20260421T172600Z,data/ambiguous_medium.txt,ambiguous,medium,15,..........8.....49....7...51.8..6...367.........7......4.82..377.5.1..9........2.,22,classify_up_to_two,classify,true,classify_up_to_two,Ambiguous,Ambiguous(2),2,0,0,0,0,0,0,2290232
20260421T172600Z,data/ambiguous_medium.txt,ambiguous,medium,15,..........8.....49....7...51.8..6...367.........7......4.82..377.5.1..9........2.,22,solve_one,first,true,classify_up_to_two,Ambiguous,Ambiguous(2),1,0,0,0,0,0,0,2250251
20260421T172600Z,data/ambiguous_medium.txt,ambiguous,medium,15,..........8.....49....7...51.8..6...367.........7......4.82..377.5.1..9........2.,22,full_solve_stats,enumerate_all,true,full_solve_stats,Ambiguous,Ambiguous(8926),8926,408,13155,173755,1146547,15554850,6553202,23571852
20260421T172600Z,data/ambiguous_medium.txt,ambiguous,medium,16,.4..........3...9..3..7..5.5.2.4.7.88.....2................4...6.78..9....475...1,22,classify_up_to_two,classify,true,classify_up_to_two,Ambiguous,Ambiguous(2),2,0,0,0,0,0,0,687530
20260421T172600Z,data/ambiguous_medium.txt,ambiguous,medium,16,.4..........3...9..3..7..5.5.2.4.7.88.....2................4...6.78..9....475...1,22,solve_one,first,true,classify_up_to_two,Ambiguous,Ambiguous(2),1,0,0,0,0,0,0,603372
20260421T172600Z,data/ambiguous_medium.txt,ambiguous,medium,16,.4..........3...9..3..7..5.5.2.4.7.88.....2................4...6.78..9....475...1,22,full_solve_stats,enumerate_all,true,full_solve_stats,Ambiguous,Ambiguous(2946),2946,371,10409,22173,206415,6948712,2186614,9440277
20260421T172600Z,data/ambiguous_medium.txt,ambiguous,medium,17,...4...6...6....58.5...7..4......53159..8..........4.......3....4......2..21.....,20,classify_up_to_two,classify,true,classify_up_to_two,Ambiguous,Ambiguous(2),2,0,0,0,0,0,0,1498214
20260421T172600Z,data/ambiguous_medium.txt,ambiguous,medium,17,...4...6...6....58.5...7..4......53159..8..........4.......3....4......2..21.....,20,solve_one,first,true,classify_up_to_two,Ambiguous,Ambiguous(2),1,0,0,0,0,0,0,1497391
20260421T172600Z,data/ambiguous_medium.txt,ambiguous,medium,17,...4...6...6....58.5...7..4......53159..8..........4.......3....4......2..21.....,20,full_solve_stats,enumerate_all,true,full_solve_stats,Ambiguous,Ambiguous(6325),6325,335,11821,78228,696949,25534215,4688597,31089356
20260421T172600Z,data/ambiguous_medium.txt,ambiguous,medium,18,.649.....5....1...9...4.5......3.......7...2...8.1..5.735.....969..8..7.......6..,23,classify_up_to_two,classify,true,classify_up_to_two,Ambiguous,Ambiguous(2),2,0,0,0,0,0,0,1090434
20260421T172600Z,data/ambiguous_medium.txt,ambiguous,medium,18,.649.....5....1...9...4.5......3.......7...2...8.1..5.735.....969..8..7.......6..,23,solve_one,first,true,classify_up_to_two,Ambiguous,Ambiguous(2),1,0,0,0,0,0,0,1094808
20260421T172600Z,data/ambiguous_medium.txt,ambiguous,medium,18,.649.....5....1...9...4.5......3.......7...2...8.1..5.735.....969..8..7.......6..,23,full_solve_stats,enumerate_all,true,full_solve_stats,Ambiguous,Ambiguous(881),881,371,7383,86665,462995,3402536,645374,4695576
20260421T172600Z,data/ambiguous_medium.txt,ambiguous,medium,19,24..6..7.....91...........1...2......1..89...5.....3...5.62...4.7...865...65.....,23,classify_up_to_two,classify,true,classify_up_to_two,Ambiguous,Ambiguous(2),2,0,0,0,0,0,0,1076273
20260421T172600Z,data/ambiguous_medium.txt,ambiguous,medium,19,24..6..7.....91...........1...2......1..89...5.....3...5.62...4.7...865...65.....,23,solve_one,first,true,classify_up_to_two,Ambiguous,Ambiguous(2),1,0,0,0,0,0,0,992799
20260421T172600Z,data/ambiguous_medium.txt,ambiguous,medium,19,24..6..7.....91...........1...2......1..89...5.....3...5.62...4.7...865...65.....,23,full_solve_stats,enumerate_all,true,full_solve_stats,Ambiguous,Ambiguous(1533),1533,364,13960,43239,406738,3530645,1169485,5226042
20260421T172600Z,data/ambiguous_medium.txt,ambiguous,medium,20,..348.5........3.9...5...4.6...1.....87.......1..3..5........6...82..1.4.3..9....,22,classify_up_to_two,classify,true,classify_up_to_two,Ambiguous,Ambiguous(2),2,0,0,0,0,0,0,403799
20260421T172600Z,data/ambiguous_medium.txt,ambiguous,medium,20,..348.5........3.9...5...4.6...1.....87.......1..3..5........6...82..1.4.3..9....,22,solve_one,first,true,classify_up_to_two,Ambiguous,Ambiguous(2),1,0,0,0,0,0,0,401055
20260421T172600Z,data/ambiguous_medium.txt,ambiguous,medium,20,..348.5........3.9...5...4.6...1.....87.......1..3..5........6...82..1.4.3..9....,22,full_solve_stats,enumerate_all,true,full_solve_stats,Ambiguous,Ambiguous(960),960,393,15965,128483,120269,2824961,747093,3889223
20260421T172600Z,data/ambiguous_medium.txt,ambiguous,medium,21,....8....46..1.3.......7...94....2.3...9....1..8..4..7..3....7.6......5.15.......,21,classify_up_to_two,classify,true,classify_up_to_two,Ambiguous,Ambiguous(2),2,0,0,0,0,0,0,1420883
20260421T172600Z,data/ambiguous_medium.txt,ambiguous,medium,21,....8....46..1.3.......7...94....2.3...9....1..8..4..7..3....7.6......5.15.......,21,solve_one,first,true,classify_up_to_two,Ambiguous,Ambiguous(2),1,0,0,0,0,0,0,1435466
20260421T172600Z,data/ambiguous_medium.txt,ambiguous,medium,21,....8....46..1.3.......7...94....2.3...9....1..8..4..7..3....7.6......5.15.......,21,full_solve_stats,enumerate_all,true,full_solve_stats,Ambiguous,Ambiguous(1013),1013,350,12390,106921,804757,2431823,784037,4224274
20260421T172600Z,data/ambiguous_medium.txt,ambiguous,medium,22,6..1..2.............8...6..27.6.........47..6...95.8..15..3.4...6...9....3......7,22,classify_up_to_two,classify,true,classify_up_to_two,Ambiguous,Ambiguous(2),2,0,0,0,0,0,0,915875
20260421T172600Z,data/ambiguous_medium.txt,ambiguous,medium,22,6..1..2.............8...6..27.6.........47..6...95.8..15..3.4...6...9....3......7,22,solve_one,first,true,classify_up_to_two,Ambiguous,Ambiguous(2),1,0,0,0,0,0,0,898393
20260421T172600Z,data/ambiguous_medium.txt,ambiguous,medium,22,6..1..2.............8...6..27.6.........47..6...95.8..15..3.4...6...9....3......7,22,full_solve_stats,enumerate_all,true,full_solve_stats,Ambiguous,Ambiguous(988),988,393,13646,37876,351249,2584550,759435,3805375
20260421T172600Z,data/ambiguous_medium.txt,ambiguous,medium,23,..149.7.......79..3..........5...3.9..3.5............4...6.....1.2.......3.2.5.87,21,classify_up_to_two,classify,true,classify_up_to_two,Ambiguous,Ambiguous(2),2,0,0,0,0,0,0,3380644
20260421T172600Z,data/ambiguous_medium.txt,ambiguous,medium,23,..149.7.......79..3..........5...3.9..3.5............4...6.....1.2.......3.2.5.87,21,solve_one,first,true,classify_up_to_two,Ambiguous,Ambiguous(2),1,0,0,0,0,0,0,3340710
20260421T172600Z,data/ambiguous_medium.txt,ambiguous,medium,23,..149.7.......79..3..........5...3.9..3.5............4...6.....1.2.......3.2.5.87,21,full_solve_stats,enumerate_all,true,full_solve_stats,Ambiguous,Ambiguous(253808),253808,363,7375,65033,1301561,338173934,204819312,544521410
20260421T172600Z,data/ambiguous_medium.txt,ambiguous,medium,24,.3..8...54.7...62........8.....24.968...........6.14...........2.5.16....7.......,21,classify_up_to_two,classify,true,classify_up_to_two,Ambiguous,Ambiguous(2),2,0,0,0,0,0,0,1103462
20260421T172600Z,data/ambiguous_medium.txt,ambiguous,medium,24,.3..8...54.7...62........8.....24.968...........6.14...........2.5.16....7.......,21,solve_one,first,true,classify_up_to_two,Ambiguous,Ambiguous(2),1,0,0,0,0,0,0,1659398
20260421T172600Z,data/ambiguous_medium.txt,ambiguous,medium,24,.3..8...54.7...62........8.....24.968...........6.14...........2.5.16....7.......,21,full_solve_stats,enumerate_all,true,full_solve_stats,Ambiguous,Ambiguous(5150),5150,375,11422,88301,430197,9938062,3930868,14455440
20260421T172600Z,data/ambiguous_medium.txt,ambiguous,medium,25,...4.5...3....7.........92.....891....2...43.......8..43.7.....7.......6.......59,20,classify_up_to_two,classify,true,classify_up_to_two,Ambiguous,Ambiguous(2),2,0,0,0,0,0,0,435223
20260421T172600Z,data/ambiguous_medium.txt,ambiguous,medium,25,...4.5...3....7.........92.....891....2...43.......8..43.7.....7.......6.......59,20,solve_one,first,true,classify_up_to_two,Ambiguous,Ambiguous(2),1,0,0,0,0,0,0,394335
20260421T172600Z,data/ambiguous_medium.txt,ambiguous,medium,25,...4.5...3....7.........92.....891....2...43.......8..43.7.....7.......6.......59,20,full_solve_stats,enumerate_all,true,full_solve_stats,Ambiguous,Ambiguous(154),154,330,18398,87580,173162,356986,116612,814131
20260421T172600Z,data/ambiguous_medium.txt,ambiguous,medium,26,.......2.4...1...91................43.946......827.......9...6....3.25...2.......,19,classify_up_to_two,classify,true,classify_up_to_two,Ambiguous,Ambiguous(2),2,0,0,0,0,0,0,2222593
20260421T172600Z,data/ambiguous_medium.txt,ambiguous,medium,26,.......2.4...1...91................43.946......827.......9...6....3.25...2.......,19,solve_one,first,true,classify_up_to_two,Ambiguous,Ambiguous(2),1,0,0,0,0,0,0,2100211
20260421T172600Z,data/ambiguous_medium.txt,ambiguous,medium,26,.......2.4...1...91................43.946......827.......9...6....3.25...2.......,19,full_solve_stats,enumerate_all,true,full_solve_stats,Ambiguous,Ambiguous(12935),12935,362,11280,68448,970009,33390365,9573597,44144288
20260421T172600Z,data/ambiguous_medium.txt,ambiguous,medium,27,.8.....7....1.5.3..6..4.8..4.7..3...9...6...8.18...........61...3....6...4..5....,22,classify_up_to_two,classify,true,classify_up_to_two,Ambiguous,Ambiguous(2),2,0,0,0,0,0,0,629476
20260421T172600Z,data/ambiguous_medium.txt,ambiguous,medium,27,.8.....7....1.5.3..6..4.8..4.7..3...9...6...8.18...........61...3....6...4..5....,22,solve_one,first,true,classify_up_to_two,Ambiguous,Ambiguous(2),1,0,0,0,0,0,0,609980
20260421T172600Z,data/ambiguous_medium.txt,ambiguous,medium,27,.8.....7....1.5.3..6..4.8..4.7..3...9...6...8.18...........61...3....6...4..5....,22,full_solve_stats,enumerate_all,true,full_solve_stats,Ambiguous,Ambiguous(1215),1215,443,16594,40472,212651,2767307,896839,3989758
20260421T172600Z,data/ambiguous_medium.txt,ambiguous,medium,28,.......8..4.15.........6..5.3...91..7.4.3...9.....1.2......7...8...1..3.1.....67.,22,classify_up_to_two,classify,true,classify_up_to_two,Ambiguous,Ambiguous(2),2,0,0,0,0,0,0,859418
20260421T172600Z,data/ambiguous_medium.txt,ambiguous,medium,28,.......8..4.15.........6..5.3...91..7.4.3...9.....1.2......7...8...1..3.1.....67.,22,solve_one,first,true,classify_up_to_two,Ambiguous,Ambiguous(2),1,0,0,0,0,0,0,890605
20260421T172600Z,data/ambiguous_medium.txt,ambiguous,medium,28,.......8..4.15.........6..5.3...91..7.4.3...9.....1.2......7...8...1..3.1.....67.,22,full_solve_stats,enumerate_all,true,full_solve_stats,Ambiguous,Ambiguous(2759),2759,398,12357,34764,366877,5465874,2123093,8088428
20260421T172600Z,data/ambiguous_medium.txt,ambiguous,medium,29,...13....63....8.25.............5..1.4..2...62..9...4.8......9..57...3....2.7..5.,23,classify_up_to_two,classify,true,classify_up_to_two,Ambiguous,Ambiguous(2),2,0,0,0,0,0,0,656924
20260421T172600Z,data/ambiguous_medium.txt,ambiguous,medium,29,...13....63....8.25.............5..1.4..2...62..9...4.8......9..57...3....2.7..5.,23,solve_one,first,true,classify_up_to_two,Ambiguous,Ambiguous(2),1,0,0,0,0,0,0,661563
20260421T172600Z,data/ambiguous_medium.txt,ambiguous,medium,29,...13....63....8.25.............5..1.4..2...62..9...4.8......9..57...3....2.7..5.,23,full_solve_stats,enumerate_all,true,full_solve_stats,Ambiguous,Ambiguous(170),170,432,9054,76598,234078,853629,131608,1344793
20260421T172600Z,data/ambiguous_medium.txt,ambiguous,medium,30,9.2....1.....6...81.........1...........2.5....3.1..8.4..3.......54....63...98...,20,classify_up_to_two,classify,true,classify_up_to_two,Ambiguous,Ambiguous(2),2,0,0,0,0,0,0,2488238
20260421T172600Z,data/ambiguous_medium.txt,ambiguous,medium,30,9.2....1.....6...81.........1...........2.5....3.1..8.4..3.......54....63...98...,20,solve_one,first,true,classify_up_to_two,Ambiguous,Ambiguous(2),1,0,0,0,0,0,0,2449783
20260421T172600Z,data/ambiguous_medium.txt,ambiguous,medium,30,9.2....1.....6...81.........1...........2.5....3.1..8.4..3.......54....63...98...,20,full_solve_stats,enumerate_all,true,full_solve_stats,Ambiguous,Ambiguous(8355),8355,376,11318,64924,1186574,20606098,6448016,28442669
20260421T172600Z,data/ambiguous_medium.txt,ambiguous,medium,31,7...........1..96.....3..5....7....9.3.6.2.....9..1..619.......4.....1.82.......7,21,classify_up_to_two,classify,true,classify_up_to_two,Ambiguous,Ambiguous(2),2,0,0,0,0,0,0,1136497
20260421T172600Z,data/ambiguous_medium.txt,ambiguous,medium,31,7...........1..96.....3..5....7....9.3.6.2.....9..1..619.......4.....1.82.......7,21,solve_one,first,true,classify_up_to_two,Ambiguous,Ambiguous(2),1,0,0,0,0,0,0,1124254
20260421T172600Z,data/ambiguous_medium.txt,ambiguous,medium,31,7...........1..96.....3..5....7....9.3.6.2.....9..1..619.......4.....1.82.......7,21,full_solve_stats,enumerate_all,true,full_solve_stats,Ambiguous,Ambiguous(5037),5037,424,16806,98521,453782,9100155,3865483,13608788
20260421T172600Z,data/ambiguous_medium.txt,ambiguous,medium,32,.6.....72.92.....4...3.9...7.........5.94.........7...94.8..5...1...2..........43,21,classify_up_to_two,classify,true,classify_up_to_two,Ambiguous,Ambiguous(2),2,0,0,0,0,0,0,1506991
20260421T172600Z,data/ambiguous_medium.txt,ambiguous,medium,32,.6.....72.92.....4...3.9...7.........5.94.........7...94.8..5...1...2..........43,21,solve_one,first,true,classify_up_to_two,Ambiguous,Ambiguous(2),1,0,0,0,0,0,0,1506190
20260421T172600Z,data/ambiguous_medium.txt,ambiguous,medium,32,.6.....72.92.....4...3.9...7.........5.94.........7...94.8..5...1...2..........43,21,full_solve_stats,enumerate_all,true,full_solve_stats,Ambiguous,Ambiguous(5399),5399,326,12247,91050,595354,15042177,4130543,19945456
20260421T172600Z,data/ambiguous_medium.txt,ambiguous,medium,33,9...5..1....3......4.........8965.........3....51...8.....1..7.61.....2.7...34..9,22,classify_up_to_two,classify,true,classify_up_to_two,Ambiguous,Ambiguous(2),2,0,0,0,0,0,0,1075758
20260421T172600Z,data/ambiguous_medium.txt,ambiguous,medium,33,9...5..1....3......4.........8965.........3....51...8.....1..7.61.....2.7...34..9,22,solve_one,first,true,classify_up_to_two,Ambiguous,Ambiguous(2),1,0,0,0,0,0,0,1065851
20260421T172600Z,data/ambiguous_medium.txt,ambiguous,medium,33,9...5..1....3......4.........8965.........3....51...8.....1..7.61.....2.7...34..9,22,full_solve_stats,enumerate_all,true,full_solve_stats,Ambiguous,Ambiguous(1669),1669,306,10412,67591,495081,3762285,1281383,5676326
20260421T172600Z,data/ambiguous_medium.txt,ambiguous,medium,34,.......8....78...61........7..2......19.......6.4..8.765.8..79......4........1.6.,21,classify_up_to_two,classify,true,classify_up_to_two,Ambiguous,Ambiguous(2),2,0,0,0,0,0,0,1105773
20260421T172600Z,data/ambiguous_medium.txt,ambiguous,medium,34,.......8....78...61........7..2......19.......6.4..8.765.8..79......4........1.6.,21,solve_one,first,true,classify_up_to_two,Ambiguous,Ambiguous(2),1,0,0,0,0,0,0,983820
20260421T172600Z,data/ambiguous_medium.txt,ambiguous,medium,34,.......8....78...61........7..2......19.......6.4..8.765.8..79......4........1.6.,21,full_solve_stats,enumerate_all,true,full_solve_stats,Ambiguous,Ambiguous(2685),2685,308,11527,29589,389197,6904432,2065629,9495411
20260421T172600Z,data/ambiguous_medium.txt,ambiguous,medium,35,..5.......3......9...9.6..4.....5.4...8.1.63.........1...57.2...........9.28..5..,20,classify_up_to_two,classify,true,classify_up_to_two,Ambiguous,Ambiguous(2),2,0,0,0,0,0,0,759517
20260421T172600Z,data/ambiguous_medium.txt,ambiguous,medium,35,..5.......3......9...9.6..4.....5.4...8.1.63.........1...57.2...........9.28..5..,20,solve_one,first,true,classify_up_to_two,Ambiguous,Ambiguous(2),1,0,0,0,0,0,0,787751
20260421T172600Z,data/ambiguous_medium.txt,ambiguous,medium,35,..5.......3......9...9.6..4.....5.4...8.1.63.........1...57.2...........9.28..5..,20,full_solve_stats,enumerate_all,true,full_solve_stats,Ambiguous,Ambiguous(5249),5249,304,12691,27435,288380,11794459,4009141,16218014
20260421T172600Z,data/ambiguous_medium.txt,ambiguous,medium,36,...6...........5.2.3..916.....7....4.........4.7...35.3.1..4..86......2..8.2.....,21,classify_up_to_two,classify,true,classify_up_to_two,Ambiguous,Ambiguous(2),2,0,0,0,0,0,0,1376110
20260421T172600Z,data/ambiguous_medium.txt,ambiguous,medium,36,...6...........5.2.3..916.....7....4.........4.7...35.3.1..4..86......2..8.2.....,21,solve_one,first,true,classify_up_to_two,Ambiguous,Ambiguous(2),1,0,0,0,0,0,0,1361623
20260421T172600Z,data/ambiguous_medium.txt,ambiguous,medium,36,...6...........5.2.3..916.....7....4.........4.7...35.3.1..4..86......2..8.2.....,21,full_solve_stats,enumerate_all,true,full_solve_stats,Ambiguous,Ambiguous(4091),4091,307,9970,72161,647968,11635201,3147541,15585121
20260421T172600Z,data/ambiguous_medium.txt,ambiguous,medium,37,....13.......6..2...6.....8.4....7..39........5.....16..9.7.1...8.53......56.....,21,classify_up_to_two,classify,true,classify_up_to_two,Ambiguous,Ambiguous(2),2,0,0,0,0,0,0,448975
20260421T172600Z,data/ambiguous_medium.txt,ambiguous,medium,37,....13.......6..2...6.....8.4....7..39........5.....16..9.7.1...8.53......56.....,21,solve_one,first,true,classify_up_to_two,Ambiguous,Ambiguous(2),1,0,0,0,0,0,0,451613
20260421T172600Z,data/ambiguous_medium.txt,ambiguous,medium,37,....13.......6..2...6.....8.4....7..39........5.....16..9.7.1...8.53......56.....,21,full_solve_stats,enumerate_all,true,full_solve_stats,Ambiguous,Ambiguous(585),585,307,18063,58431,160368,1610441,456488,2362137
20260421T172600Z,data/ambiguous_medium.txt,ambiguous,medium,38,....7.24....5.......2.....597..52....6.3.....82.6......1..38.6..........6..1..7..,22,classify_up_to_two,classify,true,classify_up_to_two,Ambiguous,Ambiguous(2),2,0,0,0,0,0,0,2356933
20260421T172600Z,data/ambiguous_medium.txt,ambiguous,medium,38,....7.24....5.......2.....597..52....6.3.....82.6......1..38.6..........6..1..7..,22,solve_one,first,true,classify_up_to_two,Ambiguous,Ambiguous(2),1,0,0,0,0,0,0,2354432
20260421T172600Z,data/ambiguous_medium.txt,ambiguous,medium,38,....7.24....5.......2.....597..52....6.3.....82.6......1..38.6..........6..1..7..,22,full_solve_stats,enumerate_all,true,full_solve_stats,Ambiguous,Ambiguous(17048),17048,370,10580,63158,1101761,35329996,13066882,49694816
20260421T172600Z,data/ambiguous_medium.txt,ambiguous,medium,39,....9...4.3.....8....72...3......6.9..........72.....51....8......2.1..8.4695..1.,22,classify_up_to_two,classify,true,classify_up_to_two,Ambiguous,Ambiguous(2),2,0,0,0,0,0,0,522343
20260421T172600Z,data/ambiguous_medium.txt,ambiguous,medium,39,....9...4.3.....8....72...3......6.9..........72.....51....8......2.1..8.4695..1.,22,solve_one,first,true,classify_up_to_two,Ambiguous,Ambiguous(2),1,0,0,0,0,0,0,567917
20260421T172600Z,data/ambiguous_medium.txt,ambiguous,medium,39,....9...4.3.....8....72...3......6.9..........72.....51....8......2.1..8.4695..1.,22,full_solve_stats,enumerate_all,true,full_solve_stats,Ambiguous,Ambiguous(1018),1018,377,21029,45856,206827,2211468,791854,3342643
20260421T172600Z,data/ambiguous_medium.txt,ambiguous,medium,40,5...9.8....3..4......62.........2..91.83...2...7...4...........9....16......8.7..,20,classify_up_to_two,classify,true,classify_up_to_two,Ambiguous,Ambiguous(2),2,0,0,0,0,0,0,2507229
20260421T172600Z,data/ambiguous_medium.txt,ambiguous,medium,40,5...9.8....3..4......62.........2..91.83...2...7...4...........9....16......8.7..,20,solve_one,first,true,classify_up_to_two,Ambiguous,Ambiguous(2),1,0,0,0,0,0,0,2519778
20260421T172600Z,data/ambiguous_medium.txt,ambiguous,medium,40,5...9.8....3..4......62.........2..91.83...2...7...4...........9....16......8.7..,20,full_solve_stats,enumerate_all,true,full_solve_stats,Ambiguous,Ambiguous(7053),7053,397,13210,59628,1275530,14782361,5461190,21690174
20260421T172600Z,data/ambiguous_medium.txt,ambiguous,medium,41,.8.6..91.4.......5...81.....564....8........732..8..4........5.....76......3....4,22,classify_up_to_two,classify,true,classify_up_to_two,Ambiguous,Ambiguous(2),2,0,0,0,0,0,0,4768022
20260421T172600Z,data/ambiguous_medium.txt,ambiguous,medium,41,.8.6..91.4.......5...81.....564....8........732..8..4........5.....76......3....4,22,solve_one,first,true,classify_up_to_two,Ambiguous,Ambiguous(2),1,0,0,0,0,0,0,4844304
20260421T172600Z,data/ambiguous_medium.txt,ambiguous,medium,41,.8.6..91.4.......5...81.....564....8........732..8..4........5.....76......3....4,22,full_solve_stats,enumerate_all,true,full_solve_stats,Ambiguous,Ambiguous(1514),1514,432,13347,235724,2949833,8212634,1161822,12879434
20260421T172600Z,data/ambiguous_medium.txt,ambiguous,medium,42,7......58......92...........6..45...4..398..6.83.......3....2..64..7.8........5..,22,classify_up_to_two,classify,true,classify_up_to_two,Ambiguous,Ambiguous(2),2,0,0,0,0,0,0,5746343
20260421T172600Z,data/ambiguous_medium.txt,ambiguous,medium,42,7......58......92...........6..45...4..398..6.83.......3....2..64..7.8........5..,22,solve_one,first,true,classify_up_to_two,Ambiguous,Ambiguous(2),1,0,0,0,0,0,0,5483046
20260421T172600Z,data/ambiguous_medium.txt,ambiguous,medium,42,7......58......92...........6..45...4..398..6.83.......3....2..64..7.8........5..,22,full_solve_stats,enumerate_all,true,full_solve_stats,Ambiguous,Ambiguous(2399),2399,401,18729,243029,3913516,6199901,1838287,12500907
20260421T172600Z,data/ambiguous_medium.txt,ambiguous,medium,43,....7.61..471..95...6.....3........5......1.....4..........4...4.3..92.7.9.8.35..,23,classify_up_to_two,classify,true,classify_up_to_two,Ambiguous,Ambiguous(2),2,0,0,0,0,0,0,7784014
20260421T172600Z,data/ambiguous_medium.txt,ambiguous,medium,43,....7.61..471..95...6.....3........5......1.....4..........4...4.3..92.7.9.8.35..,23,solve_one,first,true,classify_up_to_two,Ambiguous,Ambiguous(2),1,0,0,0,0,0,0,7830233
20260421T172600Z,data/ambiguous_medium.txt,ambiguous,medium,43,....7.61..471..95...6.....3........5......1.....4..........4...4.3..92.7.9.8.35..,23,full_solve_stats,enumerate_all,true,full_solve_stats,Ambiguous,Ambiguous(2944),2944,483,12018,124532,5171336,10587098,2271361,18434064
20260421T172600Z,data/ambiguous_medium.txt,ambiguous,medium,44,.....3..41....5...75..14..8..3.4..9.......4......86......7..1.5..9.....7....6..4.,22,classify_up_to_two,classify,true,classify_up_to_two,Ambiguous,Ambiguous(2),2,0,0,0,0,0,0,663818
20260421T172600Z,data/ambiguous_medium.txt,ambiguous,medium,44,.....3..41....5...75..14..8..3.4..9.......4......86......7..1.5..9.....7....6..4.,22,solve_one,first,true,classify_up_to_two,Ambiguous,Ambiguous(2),1,0,0,0,0,0,0,779158
20260421T172600Z,data/ambiguous_medium.txt,ambiguous,medium,44,.....3..41....5...75..14..8..3.4..9.......4......86......7..1.5..9.....7....6..4.,22,full_solve_stats,enumerate_all,true,full_solve_stats,Ambiguous,Ambiguous(399),399,302,11011,128228,262359,1497477,313320,2258154
20260421T172600Z,data/ambiguous_medium.txt,ambiguous,medium,45,..2.54.3....6135......8......1......4.....7.....9..8.3.568.....81......6.....2...,22,classify_up_to_two,classify,true,classify_up_to_two,Ambiguous,Ambiguous(2),2,0,0,0,0,0,0,406052
20260421T172600Z,data/ambiguous_medium.txt,ambiguous,medium,45,..2.54.3....6135......8......1......4.....7.....9..8.3.568.....81......6.....2...,22,solve_one,first,true,classify_up_to_two,Ambiguous,Ambiguous(2),1,0,0,0,0,0,0,422316
20260421T172600Z,data/ambiguous_medium.txt,ambiguous,medium,45,..2.54.3....6135......8......1......4.....7.....9..8.3.568.....81......6.....2...,22,full_solve_stats,enumerate_all,true,full_solve_stats,Ambiguous,Ambiguous(326),326,324,16898,30076,141545,1136389,254837,1624884
20260421T172600Z,data/ambiguous_medium.txt,ambiguous,medium,46,.2.9...63.....39....6.8........2.5......9.1.61......3...1...6.9..9..4...5.......2,22,classify_up_to_two,classify,true,classify_up_to_two,Ambiguous,Ambiguous(2),2,0,0,0,0,0,0,543734
20260421T172600Z,data/ambiguous_medium.txt,ambiguous,medium,46,.2.9...63.....39....6.8........2.5......9.1.61......3...1...6.9..9..4...5.......2,22,solve_one,first,true,classify_up_to_two,Ambiguous,Ambiguous(2),1,0,0,0,0,0,0,514017
20260421T172600Z,data/ambiguous_medium.txt,ambiguous,medium,46,.2.9...63.....39....6.8........2.5......9.1.61......3...1...6.9..9..4...5.......2,22,full_solve_stats,enumerate_all,true,full_solve_stats,Ambiguous,Ambiguous(346),346,343,19124,29280,190337,1456661,272326,2020161
20260421T172600Z,data/ambiguous_medium.txt,ambiguous,medium,47,.28.....3.....9...6....178....6........3.4.5...1...8.....9...2..9.4.7.......6.3..,21,classify_up_to_two,classify,true,classify_up_to_two,Ambiguous,Ambiguous(2),2,0,0,0,0,0,0,3441230
20260421T172600Z,data/ambiguous_medium.txt,ambiguous,medium,47,.28.....3.....9...6....178....6........3.4.5...1...8.....9...2..9.4.7.......6.3..,21,solve_one,first,true,classify_up_to_two,Ambiguous,Ambiguous(2),1,0,0,0,0,0,0,2363865
20260421T172600Z,data/ambiguous_medium.txt,ambiguous,medium,47,.28.....3.....9...6....178....6........3.4.5...1...8.....9...2..9.4.7.......6.3..,21,full_solve_stats,enumerate_all,true,full_solve_stats,Ambiguous,Ambiguous(4014),4014,392,13601,56341,956278,11906819,3061621,16075545
20260421T172600Z,data/ambiguous_medium.txt,ambiguous,medium,48,..8..3......27...3.....984..8.3...........56.1.6.2........4..76..1........9..5..2,22,classify_up_to_two,classify,true,classify_up_to_two,Ambiguous,Ambiguous(2),2,0,0,0,0,0,0,899583
20260421T172600Z,data/ambiguous_medium.txt,ambiguous,medium,48,..8..3......27...3.....984..8.3...........56.1.6.2........4..76..1........9..5..2,22,solve_one,first,true,classify_up_to_two,Ambiguous,Ambiguous(2),1,0,0,0,0,0,0,905997
20260421T172600Z,data/ambiguous_medium.txt,ambiguous,medium,48,..8..3......27...3.....984..8.3...........56.1.6.2........4..76..1........9..5..2,22,full_solve_stats,enumerate_all,true,full_solve_stats,Ambiguous,Ambiguous(1410),1410,407,15877,32348,358242,3268312,1085199,4826457
20260421T172600Z,data/ambiguous_medium.txt,ambiguous,medium,49,......12..9....3...1..5...6.7.....5.15.3.6.8..46..5..74......9...........8.9..5.2,24,classify_up_to_two,classify,true,classify_up_to_two,Ambiguous,Ambiguous(2),2,0,0,0,0,0,0,2717952
20260421T172600Z,data/ambiguous_medium.txt,ambiguous,medium,49,......12..9....3...1..5...6.7.....5.15.3.6.8..46..5..74......9...........8.9..5.2,24,solve_one,first,true,classify_up_to_two,Ambiguous,Ambiguous(2),1,0,0,0,0,0,0,2709332
20260421T172600Z,data/ambiguous_medium.txt,ambiguous,medium,49,......12..9....3...1..5...6.7.....5.15.3.6.8..46..5..74......9...........8.9..5.2,24,full_solve_stats,enumerate_all,true,full_solve_stats,Ambiguous,Ambiguous(1497),1497,316,11307,94806,1738659,4352333,1150861,7441671
20260421T172600Z,data/ambiguous_medium.txt,ambiguous,medium,50,.....6....6..4..75..5..2..14......9.8..71..4...2...3.....42....914..........3..5.,23,classify_up_to_two,classify,true,classify_up_to_two,Ambiguous,Ambiguous(2),2,0,0,0,0,0,0,400461
20260421T172600Z,data/ambiguous_medium.txt,ambiguous,medium,50,.....6....6..4..75..5..2..14......9.8..71..4...2...3.....42....914..........3..5.,23,solve_one,first,true,classify_up_to_two,Ambiguous,Ambiguous(2),1,0,0,0,0,0,0,385119
20260421T172600Z,data/ambiguous_medium.txt,ambiguous,medium,50,.....6....6..4..75..5..2..14......9.8..71..4...2...3.....42....914..........3..5.,23,full_solve_stats,enumerate_all,true,full_solve_stats,Ambiguous,Ambiguous(174),174,316,10292,70059,147586,663440,138733,1085828
20260421T172600Z,data/ambiguous_medium.txt,ambiguous,medium,51,..........726..9....6.....8.1..9.2.....31.4.....8..3..5.7.28...4................6,20,classify_up_to_two,classify,true,classify_up_to_two,Ambiguous,Ambiguous(2),2,0,0,0,0,0,0,1739391
20260421T172600Z,data/ambiguous_medium.txt,ambiguous,medium,51,..........726..9....6.....8.1..9.2.....31.4.....8..3..5.7.28...4................6,20,solve_one,first,true,classify_up_to_two,Ambiguous,Ambiguous(2),1,0,0,0,0,0,0,1459610
20260421T172600Z,data/ambiguous_medium.txt,ambiguous,medium,51,..........726..9....6.....8.1..9.2.....31.4.....8..3..5.7.28...4................6,20,full_solve_stats,enumerate_all,true,full_solve_stats,Ambiguous,Ambiguous(28777),28777,348,11142,85881,681925,48732483,21167093,70769525
20260421T172600Z,data/ambiguous_medium.txt,ambiguous,medium,52,23.....5.75...........6....1....8.9......9..1.......7.8.19.72.....4......6...15..,21,classify_up_to_two,classify,true,classify_up_to_two,Ambiguous,Ambiguous(2),2,0,0,0,0,0,0,1298591
20260421T172600Z,data/ambiguous_medium.txt,ambiguous,medium,52,23.....5.75...........6....1....8.9......9..1.......7.8.19.72.....4......6...15..,21,solve_one,first,true,classify_up_to_two,Ambiguous,Ambiguous(2),1,0,0,0,0,0,0,1263739
20260421T172600Z,data/ambiguous_medium.txt,ambiguous,medium,52,23.....5.75...........6....1....8.9......9..1.......7.8.19.72.....4......6...15..,21,full_solve_stats,enumerate_all,true,full_solve_stats,Ambiguous,Ambiguous(2867),2867,750,10556,86432,711016,8341935,2206494,11532700
20260421T172600Z,data/ambiguous_medium.txt,ambiguous,medium,53,...9.8.....8.2175..1....4...4......7.........1.98..3..6...1.........9...83...596.,23,classify_up_to_two,classify,true,classify_up_to_two,Ambiguous,Ambiguous(2),2,0,0,0,0,0,0,498736
20260421T172600Z,data/ambiguous_medium.txt,ambiguous,medium,53,...9.8.....8.2175..1....4...4......7.........1.98..3..6...1.........9...83...596.,23,solve_one,first,true,classify_up_to_two,Ambiguous,Ambiguous(2),1,0,0,0,0,0,0,498313
20260421T172600Z,data/ambiguous_medium.txt,ambiguous,medium,53,...9.8.....8.2175..1....4...4......7.........1.98..3..6...1.........9...83...596.,23,full_solve_stats,enumerate_all,true,full_solve_stats,Ambiguous,Ambiguous(737),737,441,17036,34541,180820,2602847,575765,3466892
20260421T172600Z,data/ambiguous_medium.txt,ambiguous,medium,54,13.............6.3....58..7.....73.6..1..47.........15.....6....45........7......,19,classify_up_to_two,classify,true,classify_up_to_two,Ambiguous,Ambiguous(2),2,0,0,0,0,0,0,1902009
20260421T172600Z,data/ambiguous_medium.txt,ambiguous,medium,54,13.............6.3....58..7.....73.6..1..47.........15.....6....45........7......,19,solve_one,first,true,classify_up_to_two,Ambiguous,Ambiguous(2),1,0,0,0,0,0,0,1909333
20260421T172600Z,data/ambiguous_medium.txt,ambiguous,medium,54,13.............6.3....58..7.....73.6..1..47.........15.....6....45........7......,19,full_solve_stats,enumerate_all,true,full_solve_stats,Ambiguous,Ambiguous(8282),8282,393,12553,71758,796125,18791248,6369087,26142179
20260421T172600Z,data/ambiguous_medium.txt,ambiguous,medium,55,.9.6...7..4....3..8.6.3.95...4....6862...................75....91..4.......9..5..,22,classify_up_to_two,classify,true,classify_up_to_two,Ambiguous,Ambiguous(2),2,0,0,0,0,0,0,2269310
20260421T172600Z,data/ambiguous_medium.txt,ambiguous,medium,55,.9.6...7..4....3..8.6.3.95...4....6862...................75....91..4.......9..5..,22,solve_one,first,true,classify_up_to_two,Ambiguous,Ambiguous(2),1,0,0,0,0,0,0,2154287
20260421T172600Z,data/ambiguous_medium.txt,ambiguous,medium,55,.9.6...7..4....3..8.6.3.95...4....6862...................75....91..4.......9..5..,22,full_solve_stats,enumerate_all,true,full_solve_stats,Ambiguous,Ambiguous(2475),2475,392,11314,97961,1079966,6308906,1879981,9525860
20260421T172600Z,data/ambiguous_medium.txt,ambiguous,medium,56,.5......638.2........3..4.......7.19.9..1.............9.6..82...2.1.4...71..2..6.,23,classify_up_to_two,classify,true,classify_up_to_two,Ambiguous,Ambiguous(2),2,0,0,0,0,0,0,1820005
20260421T172600Z,data/ambiguous_medium.txt,ambiguous,medium,56,.5......638.2........3..4.......7.19.9..1.............9.6..82...2.1.4...71..2..6.,23,solve_one,first,true,classify_up_to_two,Ambiguous,Ambiguous(2),1,0,0,0,0,0,0,1827568
20260421T172600Z,data/ambiguous_medium.txt,ambiguous,medium,56,.5......638.2........3..4.......7.19.9..1.............9.6..82...2.1.4...71..2..6.,23,full_solve_stats,enumerate_all,true,full_solve_stats,Ambiguous,Ambiguous(2540),2540,384,14068,76849,805366,6107928,1968493,9051032
20260421T172600Z,data/ambiguous_medium.txt,ambiguous,medium,57,2.14....87.....12.8....5....7.......1.6.2.....4...1.......5.6...1...9..44.....8..,22,classify_up_to_two,classify,true,classify_up_to_two,Ambiguous,Ambiguous(2),2,0,0,0,0,0,0,324049
20260421T172600Z,data/ambiguous_medium.txt,ambiguous,medium,57,2.14....87.....12.8....5....7.......1.6.2.....4...1.......5.6...1...9..44.....8..,22,solve_one,first,true,classify_up_to_two,Ambiguous,Ambiguous(2),1,0,0,0,0,0,0,312253
20260421T172600Z,data/ambiguous_medium.txt,ambiguous,medium,57,2.14....87.....12.8....5....7.......1.6.2.....4...1.......5.6...1...9..44.....8..,22,full_solve_stats,enumerate_all,true,full_solve_stats,Ambiguous,Ambiguous(540),540,302,19479,23672,86750,1719257,415475,2338243
20260421T172600Z,data/ambiguous_medium.txt,ambiguous,medium,58,.........8...569.3..3..287.....3..565..21.....4....2....5...6...........4.....52.,22,classify_up_to_two,classify,true,classify_up_to_two,Ambiguous,Ambiguous(2),2,0,0,0,0,0,0,9279864
20260421T172600Z,data/ambiguous_medium.txt,ambiguous,medium,58,.........8...569.3..3..287.....3..565..21.....4....2....5...6...........4.....52.,22,solve_one,first,true,classify_up_to_two,Ambiguous,Ambiguous(2),1,0,0,0,0,0,0,9243127
20260421T172600Z,data/ambiguous_medium.txt,ambiguous,medium,58,.........8...569.3..3..287.....3..565..21.....4....2....5...6...........4.....52.,22,full_solve_stats,enumerate_all,true,full_solve_stats,Ambiguous,Ambiguous(28701),28701,703,12035,160335,5029516,69162960,22111405,96784256
20260421T172600Z,data/ambiguous_medium.txt,ambiguous,medium,59,.2..1....36..7...5.....9.................7..1742..6.3......815........42....63..8,22,classify_up_to_two,classify,true,classify_up_to_two,Ambiguous,Ambiguous(2),2,0,0,0,0,0,0,1221372
20260421T172600Z,data/ambiguous_medium.txt,ambiguous,medium,59,.2..1....36..7...5.....9.................7..1742..6.3......815........42....63..8,22,solve_one,first,true,classify_up_to_two,Ambiguous,Ambiguous(2),1,0,0,0,0,0,0,1235806
20260421T172600Z,data/ambiguous_medium.txt,ambiguous,medium,59,.2..1....36..7...5.....9.................7..1742..6.3......815........42....63..8,22,full_solve_stats,enumerate_all,true,full_solve_stats,Ambiguous,Ambiguous(11186),11186,321,9511,78439,614799,15743936,8606289,25185072
20260421T172600Z,data/ambiguous_medium.txt,ambiguous,medium,60,9..6...............7.4....53.2..6....5.7............2......1..9....3.76.218......,19,classify_up_to_two,classify,true,classify_up_to_two,Ambiguous,Ambiguous(2),2,0,0,0,0,0,0,1713938
20260421T172600Z,data/ambiguous_medium.txt,ambiguous,medium,60,9..6...............7.4....53.2..6....5.7............2......1..9....3.76.218......,19,solve_one,first,true,classify_up_to_two,Ambiguous,Ambiguous(2),1,0,0,0,0,0,0,1662268
20260421T172600Z,data/ambiguous_medium.txt,ambiguous,medium,60,9..6...............7.4....53.2..6....5.7............2......1..9....3.76.218......,19,full_solve_stats,enumerate_all,true,full_solve_stats,Ambiguous,Ambiguous(2868),2868,367,12430,120354,738011,8980947,2243658,12178176
20260421T172600Z,data/ambiguous_medium.txt,ambiguous,medium,61,...162.3...94..5................1..6....53....8...6.2.89.5....7.........357......,21,classify_up_to_two,classify,true,classify_up_to_two,Ambiguous,Ambiguous(2),2,0,0,0,0,0,0,1962522
20260421T172600Z,data/ambiguous_medium.txt,ambiguous,medium,61,...162.3...94..5................1..6....53....8...6.2.89.5....7.........357......,21,solve_one,first,true,classify_up_to_two,Ambiguous,Ambiguous(2),1,0,0,0,0,0,0,2023488
20260421T172600Z,data/ambiguous_medium.txt,ambiguous,medium,61,...162.3...94..5................1..6....53....8...6.2.89.5....7.........357......,21,full_solve_stats,enumerate_all,true,full_solve_stats,Ambiguous,Ambiguous(9815),9815,399,10054,167654,1064984,16734497,7578568,25656269
20260421T172600Z,data/ambiguous_medium.txt,ambiguous,medium,62,....2.7............6.5....4...3..9.....2....741..97......67.3.8..6...5....1.5...6,22,classify_up_to_two,classify,true,classify_up_to_two,Ambiguous,Ambiguous(2),2,0,0,0,0,0,0,3423496
20260421T172600Z,data/ambiguous_medium.txt,ambiguous,medium,62,....2.7............6.5....4...3..9.....2....741..97......67.3.8..6...5....1.5...6,22,solve_one,first,true,classify_up_to_two,Ambiguous,Ambiguous(2),1,0,0,0,0,0,0,3389672
20260421T172600Z,data/ambiguous_medium.txt,ambiguous,medium,62,....2.7............6.5....4...3..9.....2....741..97......67.3.8..6...5....1.5...6,22,full_solve_stats,enumerate_all,true,full_solve_stats,Ambiguous,Ambiguous(27751),27751,398,11667,117941,1401226,47598925,20950642,70211784
20260421T172600Z,data/ambiguous_medium.txt,ambiguous,medium,63,2...169.....2..78...........3.5.7....7.6...5......3..71.5.......9..8......4.....1,21,classify_up_to_two,classify,true,classify_up_to_two,Ambiguous,Ambiguous(2),2,0,0,0,0,0,0,1962489
20260421T172600Z,data/ambiguous_medium.txt,ambiguous,medium,63,2...169.....2..78...........3.5.7....7.6...5......3..71.5.......9..8......4.....1,21,solve_one,first,true,classify_up_to_two,Ambiguous,Ambiguous(2),1,0,0,0,0,0,0,1921411
20260421T172600Z,data/ambiguous_medium.txt,ambiguous,medium,63,2...169.....2..78...........3.5.7....7.6...5......3..71.5.......9..8......4.....1,21,full_solve_stats,enumerate_all,true,full_solve_stats,Ambiguous,Ambiguous(6499),6499,445,8311,205845,885313,15029138,4979211,21215980
20260421T172600Z,data/ambiguous_medium.txt,ambiguous,medium,64,.....5....3....6......74..97.6...9.5.15.97...2...6..3..8....1.....7............9.,21,classify_up_to_two,classify,true,classify_up_to_two,Ambiguous,Ambiguous(2),2,0,0,0,0,0,0,3180002
20260421T172600Z,data/ambiguous_medium.txt,ambiguous,medium,64,.....5....3....6......74..97.6...9.5.15.97...2...6..3..8....1.....7............9.,21,solve_one,first,true,classify_up_to_two,Ambiguous,Ambiguous(2),1,0,0,0,0,0,0,3301291
20260421T172600Z,data/ambiguous_medium.txt,ambiguous,medium,64,.....5....3....6......74..97.6...9.5.15.97...2...6..3..8....1.....7............9.,21,full_solve_stats,enumerate_all,true,full_solve_stats,Ambiguous,Ambiguous(8510),8510,374,15704,177057,1766438,22454313,6553472,31090912
20260421T172600Z,data/ambiguous_medium.txt,ambiguous,medium,65,.8.5..4.17.4.2...........92.6..............28..31........91..........9..6..75..3.,21,classify_up_to_two,classify,true,classify_up_to_two,Ambiguous,Ambiguous(2),2,0,0,0,0,0,0,3188320
20260421T172600Z,data/ambiguous_medium.txt,ambiguous,medium,65,.8.5..4.17.4.2...........92.6..............28..31........91..........9..6..75..3.,21,solve_one,first,true,classify_up_to_two,Ambiguous,Ambiguous(2),1,0,0,0,0,0,0,3081010
20260421T172600Z,data/ambiguous_medium.txt,ambiguous,medium,65,.8.5..4.17.4.2...........92.6..............28..31........91..........9..6..75..3.,21,full_solve_stats,enumerate_all,true,full_solve_stats,Ambiguous,Ambiguous(8730),8730,338,7276,184211,1471374,17778848,6526094,26082660
20260421T172600Z,data/ambiguous_medium.txt,ambiguous,medium,66,.57.9.......2.19..2.....5...4.96..................8.6.8.5...6..7...4..1..2.1.....,21,classify_up_to_two,classify,true,classify_up_to_two,Ambiguous,Ambiguous(2),2,0,0,0,0,0,0,5305476
20260421T172600Z,data/ambiguous_medium.txt,ambiguous,medium,66,.57.9.......2.19..2.....5...4.96..................8.6.8.5...6..7...4..1..2.1.....,21,solve_one,first,true,classify_up_to_two,Ambiguous,Ambiguous(2),1,0,0,0,0,0,0,5324638
20260421T172600Z,data/ambiguous_medium.txt,ambiguous,medium,66,.57.9.......2.19..2.....5...4.96..................8.6.8.5...6..7...4..1..2.1.....,21,full_solve_stats,enumerate_all,true,full_solve_stats,Ambiguous,Ambiguous(21008),21008,461,10639,259884,2417537,47887557,15657568,66457093
20260421T172600Z,data/ambiguous_medium.txt,ambiguous,medium,67,89.....4........85...2..9...6.3......5..6.........1..26.4....1..72...3.4..5......,21,classify_up_to_two,classify,true,classify_up_to_two,Ambiguous,Ambiguous(2),2,0,0,0,0,0,0,2876227
20260421T172600Z,data/ambiguous_medium.txt,ambiguous,medium,67,89.....4........85...2..9...6.3......5..6.........1..26.4....1..72...3.4..5......,21,solve_one,first,true,classify_up_to_two,Ambiguous,Ambiguous(2),1,0,0,0,0,0,0,2953176
20260421T172600Z,data/ambiguous_medium.txt,ambiguous,medium,67,89.....4........85...2..9...6.3......5..6.........1..26.4....1..72...3.4..5......,21,full_solve_stats,enumerate_all,true,full_solve_stats,Ambiguous,Ambiguous(4306),4306,365,12650,142889,1298000,10507314,3299628,15380418
20260421T172600Z,data/ambiguous_medium.txt,ambiguous,medium,68,.45.........2...39..81...7.......64.8...9...7.7......11..5.7.........4....3......,20,classify_up_to_two,classify,true,classify_up_to_two,Ambiguous,Ambiguous(2),2,0,0,0,0,0,0,2171694
20260421T172600Z,data/ambiguous_medium.txt,ambiguous,medium,68,.45.........2...39..81...7.......64.8...9...7.7......11..5.7.........4....3......,20,solve_one,first,true,classify_up_to_two,Ambiguous,Ambiguous(2),1,0,0,0,0,0,0,2220779
20260421T172600Z,data/ambiguous_medium.txt,ambiguous,medium,68,.45.........2...39..81...7.......64.8...9...7.7......11..5.7.........4....3......,20,full_solve_stats,enumerate_all,true,full_solve_stats,Ambiguous,Ambiguous(8496),8496,355,12624,105564,822336,20428559,6374803,27827480
20260421T172600Z,data/ambiguous_medium.txt,ambiguous,medium,69,....3......5...9..2..........6..1..4.......2.....438.74....6...1.8.2.....9.5..7.8,21,classify_up_to_two,classify,true,classify_up_to_two,Ambiguous,Ambiguous(2),2,0,0,0,0,0,0,4064316
20260421T172600Z,data/ambiguous_medium.txt,ambiguous,medium,69,....3......5...9..2..........6..1..4.......2.....438.74....6...1.8.2.....9.5..7.8,21,solve_one,first,true,classify_up_to_two,Ambiguous,Ambiguous(2),1,0,0,0,0,0,0,4037886
20260421T172600Z,data/ambiguous_medium.txt,ambiguous,medium,69,....3......5...9..2..........6..1..4.......2.....438.74....6...1.8.2.....9.5..7.8,21,full_solve_stats,enumerate_all,true,full_solve_stats,Ambiguous,Ambiguous(5569),5569,388,9892,196500,2559602,11049892,4091212,18054899
20260421T172600Z,data/ambiguous_medium.txt,ambiguous,medium,70,8.....4.2.3....6..5....8.....3..9....5.....1.6.9.3.....8....1.9..137...8.........,21,classify_up_to_two,classify,true,classify_up_to_two,Ambiguous,Ambiguous(2),2,0,0,0,0,0,0,929273
20260421T172600Z,data/ambiguous_medium.txt,ambiguous,medium,70,8.....4.2.3....6..5....8.....3..9....5.....1.6.9.3.....8....1.9..137...8.........,21,solve_one,first,true,classify_up_to_two,Ambiguous,Ambiguous(2),1,0,0,0,0,0,0,950743
20260421T172600Z,data/ambiguous_medium.txt,ambiguous,medium,70,8.....4.2.3....6..5....8.....3..9....5.....1.6.9.3.....8....1.9..137...8.........,21,full_solve_stats,enumerate_all,true,full_solve_stats,Ambiguous,Ambiguous(4199),4199,359,14061,104760,375735,6988776,3113483,10656093
20260421T172600Z,data/ambiguous_medium.txt,ambiguous,medium,71,2..43......4....2..568.1...6.8......13.....9.......4.........8.....1..52.2..65..7,23,classify_up_to_two,classify,true,classify_up_to_two,Ambiguous,Ambiguous(2),2,0,0,0,0,0,0,420882
20260421T172600Z,data/ambiguous_medium.txt,ambiguous,medium,71,2..43......4....2..568.1...6.8......13.....9.......4.........8.....1..52.2..65..7,23,solve_one,first,true,classify_up_to_two,Ambiguous,Ambiguous(2),1,0,0,0,0,0,0,380086
20260421T172600Z,data/ambiguous_medium.txt,ambiguous,medium,71,2..43......4....2..568.1...6.8......13.....9.......4.........8.....1..52.2..65..7,23,full_solve_stats,enumerate_all,true,full_solve_stats,Ambiguous,Ambiguous(582),582,331,15103,98493,118321,948553,433020,1674620
20260421T172600Z,data/ambiguous_medium.txt,ambiguous,medium,72,915...73.....2.9...24.3..65...1..3..5.2.....9..1..8.7....4......5............75..,24,classify_up_to_two,classify,true,classify_up_to_two,Ambiguous,Ambiguous(2),2,0,0,0,0,0,0,1509033
20260421T172600Z,data/ambiguous_medium.txt,ambiguous,medium,72,915...73.....2.9...24.3..65...1..3..5.2.....9..1..8.7....4......5............75..,24,solve_one,first,true,classify_up_to_two,Ambiguous,Ambiguous(2),1,0,0,0,0,0,0,1556609
20260421T172600Z,data/ambiguous_medium.txt,ambiguous,medium,72,915...73.....2.9...24.3..65...1..3..5.2.....9..1..8.7....4......5............75..,24,full_solve_stats,enumerate_all,true,full_solve_stats,Ambiguous,Ambiguous(1771),1771,413,15482,66203,611074,4568945,1320380,6644373
20260421T172600Z,data/ambiguous_medium.txt,ambiguous,medium,73,.64...137..1....2...2.3.....1..2.8.......57.....71...4..3....9.58................,21,classify_up_to_two,classify,true,classify_up_to_two,Ambiguous,Ambiguous(2),2,0,0,0,0,0,0,14506392
20260421T172600Z,data/ambiguous_medium.txt,ambiguous,medium,73,.64...137..1....2...2.3.....1..2.8.......57.....71...4..3....9.58................,21,solve_one,first,true,classify_up_to_two,Ambiguous,Ambiguous(2),1,0,0,0,0,0,0,14612743
20260421T172600Z,data/ambiguous_medium.txt,ambiguous,medium,73,.64...137..1....2...2.3.....1..2.8.......57.....71...4..3....9.58................,21,full_solve_stats,enumerate_all,true,full_solve_stats,Ambiguous,Ambiguous(14514),14514,450,7885,882771,8432534,41612754,10964929,62506946
20260421T172600Z,data/ambiguous_medium.txt,ambiguous,medium,74,....8.7.6..49...5...63....4.3..4.21..58.2.3.....5......6.......183.....2....3....,24,classify_up_to_two,classify,true,classify_up_to_two,Ambiguous,Ambiguous(2),2,0,0,0,0,0,0,1679709
20260421T172600Z,data/ambiguous_medium.txt,ambiguous,medium,74,....8.7.6..49...5...63....4.3..4.21..58.2.3.....5......6.......183.....2....3....,24,solve_one,first,true,classify_up_to_two,Ambiguous,Ambiguous(2),1,0,0,0,0,0,0,1688113
20260421T172600Z,data/ambiguous_medium.txt,ambiguous,medium,74,....8.7.6..49...5...63....4.3..4.21..58.2.3.....5......6.......183.....2....3....,24,full_solve_stats,enumerate_all,true,full_solve_stats,Ambiguous,Ambiguous(4423),4423,384,12386,126144,709833,8799957,3240364,12979966
20260421T172600Z,data/ambiguous_medium.txt,ambiguous,medium,75,9...6...1..1...........9..7.3541....4..3.....1....5.....8...3...5..97.18....8....,22,classify_up_to_two,classify,true,classify_up_to_two,Ambiguous,Ambiguous(2),2,0,0,0,0,0,0,1784625
20260421T172600Z,data/ambiguous_medium.txt,ambiguous,medium,75,9...6...1..1...........9..7.3541....4..3.....1....5.....8...3...5..97.18....8....,22,solve_one,first,true,classify_up_to_two,Ambiguous,Ambiguous(2),1,0,0,0,0,0,0,1661391
20260421T172600Z,data/ambiguous_medium.txt,ambiguous,medium,75,9...6...1..1...........9..7.3541....4..3.....1....5.....8...3...5..97.18....8....,22,full_solve_stats,enumerate_all,true,full_solve_stats,Ambiguous,Ambiguous(1966),1966,386,14860,57407,797277,5701821,1403829,8047634
20260421T172600Z,data/ambiguous_medium.txt,ambiguous,medium,76,...5......85.16..2..7.......5..9.........29....4.7..5.23....6.........9.4..2....3,21,classify_up_to_two,classify,true,classify_up_to_two,Ambiguous,Ambiguous(2),2,0,0,0,0,0,0,316491
20260421T172600Z,data/ambiguous_medium.txt,ambiguous,medium,76,...5......85.16..2..7.......5..9.........29....4.7..5.23....6.........9.4..2....3,21,solve_one,first,true,classify_up_to_two,Ambiguous,Ambiguous(2),1,0,0,0,0,0,0,305466
20260421T172600Z,data/ambiguous_medium.txt,ambiguous,medium,76,...5......85.16..2..7.......5..9.........29....4.7..5.23....6.........9.4..2....3,21,full_solve_stats,enumerate_all,true,full_solve_stats,Ambiguous,Ambiguous(218),218,297,19884,21356,103933,641340,177648,1006947
20260421T172600Z,data/ambiguous_medium.txt,ambiguous,medium,77,6....2.....1...98....6.7....45...7..2..71....1...3.5.........1.....7......9.....4,20,classify_up_to_two,classify,true,classify_up_to_two,Ambiguous,Ambiguous(2),2,0,0,0,0,0,0,1358734
20260421T172600Z,data/ambiguous_medium.txt,ambiguous,medium,77,6....2.....1...98....6.7....45...7..2..71....1...3.5.........1.....7......9.....4,20,solve_one,first,true,classify_up_to_two,Ambiguous,Ambiguous(2),1,0,0,0,0,0,0,1362761
20260421T172600Z,data/ambiguous_medium.txt,ambiguous,medium,77,6....2.....1...98....6.7....45...7..2..71....1...3.5.........1.....7......9.....4,20,full_solve_stats,enumerate_all,true,full_solve_stats,Ambiguous,Ambiguous(2218),2218,350,16099,93862,710241,5774032,1711253,8378857
20260421T172600Z,data/ambiguous_medium.txt,ambiguous,medium,78,1......5..2....1.4.7..6..........5...37.....8.......2.9...5......21....3.1...3...,19,classify_up_to_two,classify,true,classify_up_to_two,Ambiguous,Ambiguous(2),2,0,0,0,0,0,0,16172400
20260421T172600Z,data/ambiguous_medium.txt,ambiguous,medium,78,1......5..2....1.4.7..6..........5...37.....8.......2.9...5......21....3.1...3...,19,solve_one,first,true,classify_up_to_two,Ambiguous,Ambiguous(2),1,0,0,0,0,0,0,15800879
20260421T172600Z,data/ambiguous_medium.txt,ambiguous,medium,78,1......5..2....1.4.7..6..........5...37.....8.......2.9...5......21....3.1...3...,19,full_solve_stats,enumerate_all,true,full_solve_stats,Ambiguous,Ambiguous(145445),145445,487,11947,233068,7510747,275469207,115640380,399363935
20260421T172600Z,data/ambiguous_medium.txt,ambiguous,medium,79,4.3..6........9.3..8....15...56.1...61....8.4.....4...9.....6...32......1........,21,classify_up_to_two,classify,true,classify_up_to_two,Ambiguous,Ambiguous(2),2,0,0,0,0,0,0,1889026
20260421T172600Z,data/ambiguous_medium.txt,ambiguous,medium,79,4.3..6........9.3..8....15...56.1...61....8.4.....4...9.....6...32......1........,21,solve_one,first,true,classify_up_to_two,Ambiguous,Ambiguous(2),1,0,0,0,0,0,0,1891782
20260421T172600Z,data/ambiguous_medium.txt,ambiguous,medium,79,4.3..6........9.3..8....15...56.1...61....8.4.....4...9.....6...32......1........,21,full_solve_stats,enumerate_all,true,full_solve_stats,Ambiguous,Ambiguous(1522),1522,580,15461,205567,834859,3492407,1214331,5860710
20260421T172600Z,data/ambiguous_medium.txt,ambiguous,medium,80,....7.2..3.....8.9.9.2.6..78........67............849...29.3...7.......8.4.....3.,22,classify_up_to_two,classify,true,classify_up_to_two,Ambiguous,Ambiguous(2),2,0,0,0,0,0,0,475992
20260421T172600Z,data/ambiguous_medium.txt,ambiguous,medium,80,....7.2..3.....8.9.9.2.6..78........67............849...29.3...7.......8.4.....3.,22,solve_one,first,true,classify_up_to_two,Ambiguous,Ambiguous(2),1,0,0,0,0,0,0,455988
20260421T172600Z,data/ambiguous_medium.txt,ambiguous,medium,80,....7.2..3.....8.9.9.2.6..78........67............849...29.3...7.......8.4.....3.,22,full_solve_stats,enumerate_all,true,full_solve_stats,Ambiguous,Ambiguous(288),288,309,12907,74102,128352,1771942,227035,2267758
20260421T172600Z,data/ambiguous_medium.txt,ambiguous,medium,81,7.4.19.2.....2.6..........58....47.......3..8.....71....9...3....6....1.1.74.....,22,classify_up_to_two,classify,true,classify_up_to_two,Ambiguous,Ambiguous(2),2,0,0,0,0,0,0,339728
20260421T172600Z,data/ambiguous_medium.txt,ambiguous,medium,81,7.4.19.2.....2.6..........58....47.......3..8.....71....9...3....6....1.1.74.....,22,solve_one,first,true,classify_up_to_two,Ambiguous,Ambiguous(2),1,0,0,0,0,0,0,1141223
20260421T172600Z,data/ambiguous_medium.txt,ambiguous,medium,81,7.4.19.2.....2.6..........58....47.......3..8.....71....9...3....6....1.1.74.....,22,full_solve_stats,enumerate_all,true,full_solve_stats,Ambiguous,Ambiguous(167),167,349,20909,41642,102169,435353,137495,780717
20260421T172600Z,data/ambiguous_medium.txt,ambiguous,medium,82,3.........12.9........4....1.94..........96.45..3..1......2.8964...6.......1.....,21,classify_up_to_two,classify,true,classify_up_to_two,Ambiguous,Ambiguous(2),2,0,0,0,0,0,0,952527
20260421T172600Z,data/ambiguous_medium.txt,ambiguous,medium,82,3.........12.9........4....1.94..........96.45..3..1......2.8964...6.......1.....,21,solve_one,first,true,classify_up_to_two,Ambiguous,Ambiguous(2),1,0,0,0,0,0,0,928226
20260421T172600Z,data/ambiguous_medium.txt,ambiguous,medium,82,3.........12.9........4....1.94..........96.45..3..1......2.8964...6.......1.....,21,full_solve_stats,enumerate_all,true,full_solve_stats,Ambiguous,Ambiguous(850),850,292,16363,174611,429943,1561274,660939,2915840
20260421T172600Z,data/ambiguous_medium.txt,ambiguous,medium,83,..35................8.9.....6....98..7.....1....17..5...7...2.5...3...48..2.1.6..,21,classify_up_to_two,classify,true,classify_up_to_two,Ambiguous,Ambiguous(2),2,0,0,0,0,0,0,1051179
20260421T172600Z,data/ambiguous_medium.txt,ambiguous,medium,83,..35................8.9.....6....98..7.....1....17..5...7...2.5...3...48..2.1.6..,21,solve_one,first,true,classify_up_to_two,Ambiguous,Ambiguous(2),1,0,0,0,0,0,0,1062201
20260421T172600Z,data/ambiguous_medium.txt,ambiguous,medium,83,..35................8.9.....6....98..7.....1....17..5...7...2.5...3...48..2.1.6..,21,full_solve_stats,enumerate_all,true,full_solve_stats,Ambiguous,Ambiguous(4311),4311,408,15469,27952,450351,9245033,3305965,13104681
20260421T172600Z,data/ambiguous_medium.txt,ambiguous,medium,84,.........6.387..9....1.64....7........9...6523...6...89..5......4.7...6.7...4....,23,classify_up_to_two,classify,true,classify_up_to_two,Ambiguous,Ambiguous(2),2,0,0,0,0,0,0,747327
20260421T172600Z,data/ambiguous_medium.txt,ambiguous,medium,84,.........6.387..9....1.64....7........9...6523...6...89..5......4.7...6.7...4....,23,solve_one,first,true,classify_up_to_two,Ambiguous,Ambiguous(2),1,0,0,0,0,0,0,1104116
20260421T172600Z,data/ambiguous_medium.txt,ambiguous,medium,84,.........6.387..9....1.64....7........9...6523...6...89..5......4.7...6.7...4....,23,full_solve_stats,enumerate_all,true,full_solve_stats,Ambiguous,Ambiguous(893),893,469,13988,54988,422406,2542912,683416,3783938
20260421T172600Z,data/ambiguous_medium.txt,ambiguous,medium,85,..97.68...1........3..2............6....7.....539..........174..4..6...3.9.3..6..,21,classify_up_to_two,classify,true,classify_up_to_two,Ambiguous,Ambiguous(2),2,0,0,0,0,0,0,1168531
20260421T172600Z,data/ambiguous_medium.txt,ambiguous,medium,85,..97.68...1........3..2............6....7.....539..........174..4..6...3.9.3..6..,21,solve_one,first,true,classify_up_to_two,Ambiguous,Ambiguous(2),1,0,0,0,0,0,0,1135940
20260421T172600Z,data/ambiguous_medium.txt,ambiguous,medium,85,..97.68...1........3..2............6....7.....539..........174..4..6...3.9.3..6..,21,full_solve_stats,enumerate_all,true,full_solve_stats,Ambiguous,Ambiguous(10386),10386,376,14654,44410,398927,32133980,8000936,40650660
20260421T172600Z,data/ambiguous_medium.txt,ambiguous,medium,86,..7..89.5..2...1.....9......8..........2.6..85....934..2.............73.94.......,20,classify_up_to_two,classify,true,classify_up_to_two,Ambiguous,Ambiguous(2),2,0,0,0,0,0,0,3788805
20260421T172600Z,data/ambiguous_medium.txt,ambiguous,medium,86,..7..89.5..2...1.....9......8..........2.6..85....934..2.............73.94.......,20,solve_one,first,true,classify_up_to_two,Ambiguous,Ambiguous(2),1,0,0,0,0,0,0,3777860
20260421T172600Z,data/ambiguous_medium.txt,ambiguous,medium,86,..7..89.5..2...1.....9......8..........2.6..85....934..2.............73.94.......,20,full_solve_stats,enumerate_all,true,full_solve_stats,Ambiguous,Ambiguous(9524),9524,376,12544,148764,3864230,21183035,7290676,32693709
20260421T172600Z,data/ambiguous_medium.txt,ambiguous,medium,87,.....3.2..5..8......8....617...6....8.....6.9..9..17...2...8.........3..9...1...7,21,classify_up_to_two,classify,true,classify_up_to_two,Ambiguous,Ambiguous(2),2,0,0,0,0,0,0,2594871
20260421T172600Z,data/ambiguous_medium.txt,ambiguous,medium,87,.....3.2..5..8......8....617...6....8.....6.9..9..17...2...8.........3..9...1...7,21,solve_one,first,true,classify_up_to_two,Ambiguous,Ambiguous(2),1,0,0,0,0,0,0,2233007
20260421T172600Z,data/ambiguous_medium.txt,ambiguous,medium,87,.....3.2..5..8......8....617...6....8.....6.9..9..17...2...8.........3..9...1...7,21,full_solve_stats,enumerate_all,true,full_solve_stats,Ambiguous,Ambiguous(50523),50523,464,15819,135250,946677,88166163,36929146,126293509
20260421T172600Z,data/ambiguous_medium.txt,ambiguous,medium,88,.....1..6.3.2.78....64..5....3......7....4.2.42.....5.......3..........56....8.7.,21,classify_up_to_two,classify,true,classify_up_to_two,Ambiguous,Ambiguous(2),2,0,0,0,0,0,0,3381593
20260421T172600Z,data/ambiguous_medium.txt,ambiguous,medium,88,.....1..6.3.2.78....64..5....3......7....4.2.42.....5.......3..........56....8.7.,21,solve_one,first,true,classify_up_to_two,Ambiguous,Ambiguous(2),1,0,0,0,0,0,0,3016705
20260421T172600Z,data/ambiguous_medium.txt,ambiguous,medium,88,.....1..6.3.2.78....64..5....3......7....4.2.42.....5.......3..........56....8.7.,21,full_solve_stats,enumerate_all,true,full_solve_stats,Ambiguous,Ambiguous(29661),29661,389,12205,129555,1168011,57092413,22389449,80965622
20260421T172600Z,data/ambiguous_medium.txt,ambiguous,medium,89,...7.4......8..5.2...53.1...3..59..1......9..........4....13....5...2..6.2.4.....,21,classify_up_to_two,classify,true,classify_up_to_two,Ambiguous,Ambiguous(2),2,0,0,0,0,0,0,4369507
20260421T172600Z,data/ambiguous_medium.txt,ambiguous,medium,89,...7.4......8..5.2...53.1...3..59..1......9..........4....13....5...2..6.2.4.....,21,solve_one,first,true,classify_up_to_two,Ambiguous,Ambiguous(2),1,0,0,0,0,0,0,4030186
20260421T172600Z,data/ambiguous_medium.txt,ambiguous,medium,89,...7.4......8..5.2...53.1...3..59..1......9..........4....13....5...2..6.2.4.....,21,full_solve_stats,enumerate_all,true,full_solve_stats,Ambiguous,Ambiguous(6924),6924,387,15945,86995,2646513,11946170,5349834,20223704
20260421T172600Z,data/ambiguous_medium.txt,ambiguous,medium,90,2.4.......8..2.1...1.5..7.4......8.5..6.4......28.9......7.495....95.4...........,23,classify_up_to_two,classify,true,classify_up_to_two,Ambiguous,Ambiguous(2),2,0,0,0,0,0,0,445821
20260421T172600Z,data/ambiguous_medium.txt,ambiguous,medium,90,2.4.......8..2.1...1.5..7.4......8.5..6.4......28.9......7.495....95.4...........,23,solve_one,first,true,classify_up_to_two,Ambiguous,Ambiguous(2),1,0,0,0,0,0,0,442024
20260421T172600Z,data/ambiguous_medium.txt,ambiguous,medium,90,2.4.......8..2.1...1.5..7.4......8.5..6.4......28.9......7.495....95.4...........,23,full_solve_stats,enumerate_all,true,full_solve_stats,Ambiguous,Ambiguous(1397),1397,384,10915,40574,156012,3306105,1040770,4615715
20260421T172600Z,data/ambiguous_medium.txt,ambiguous,medium,91,..3...8......1.....7...5.93...9......6...3..9......32....2.4.....51.7...84......2,21,classify_up_to_two,classify,true,classify_up_to_two,Ambiguous,Ambiguous(2),2,0,0,0,0,0,0,3152637
20260421T172600Z,data/ambiguous_medium.txt,ambiguous,medium,91,..3...8......1.....7...5.93...9......6...3..9......32....2.4.....51.7...84......2,21,solve_one,first,true,classify_up_to_two,Ambiguous,Ambiguous(2),1,0,0,0,0,0,0,3155347
20260421T172600Z,data/ambiguous_medium.txt,ambiguous,medium,91,..3...8......1.....7...5.93...9......6...3..9......32....2.4.....51.7...84......2,21,full_solve_stats,enumerate_all,true,full_solve_stats,Ambiguous,Ambiguous(36635),36635,521,11411,81533,1262781,72475635,28175973,102145222
20260421T172600Z,data/ambiguous_medium.txt,ambiguous,medium,92,.....4.63.24.....1......2...7..1...2...4......6......5....8....5.2..63.7.3...7.16,23,classify_up_to_two,classify,true,classify_up_to_two,Ambiguous,Ambiguous(2),2,0,0,0,0,0,0,1538364
20260421T172600Z,data/ambiguous_medium.txt,ambiguous,medium,92,.....4.63.24.....1......2...7..1...2...4......6......5....8....5.2..63.7.3...7.16,23,solve_one,first,true,classify_up_to_two,Ambiguous,Ambiguous(2),1,0,0,0,0,0,0,1459241
20260421T172600Z,data/ambiguous_medium.txt,ambiguous,medium,92,.....4.63.24.....1......2...7..1...2...4......6......5....8....5.2..63.7.3...7.16,23,full_solve_stats,enumerate_all,true,full_solve_stats,Ambiguous,Ambiguous(810),810,339,10146,68939,848586,2688152,626835,4346914
20260421T172600Z,data/ambiguous_medium.txt,ambiguous,medium,93,.....491..4......5..1.9..8..1.....2....9416..6.........8.2..1....5.....8....78.4.,23,classify_up_to_two,classify,true,classify_up_to_two,Ambiguous,Ambiguous(2),2,0,0,0,0,0,0,1474119
20260421T172600Z,data/ambiguous_medium.txt,ambiguous,medium,93,.....491..4......5..1.9..8..1.....2....9416..6.........8.2..1....5.....8....78.4.,23,solve_one,first,true,classify_up_to_two,Ambiguous,Ambiguous(2),1,0,0,0,0,0,0,1442343
20260421T172600Z,data/ambiguous_medium.txt,ambiguous,medium,93,.....491..4......5..1.9..8..1.....2....9416..6.........8.2..1....5.....8....78.4.,23,full_solve_stats,enumerate_all,true,full_solve_stats,Ambiguous,Ambiguous(4427),4427,359,10686,77187,568489,13915163,3412106,18060403
20260421T172600Z,data/ambiguous_medium.txt,ambiguous,medium,94,..43.1...9...........4...5..2...8..5.....9.32....5...83.....8.14..6.......8...6..,21,classify_up_to_two,classify,true,classify_up_to_two,Ambiguous,Ambiguous(2),2,0,0,0,0,0,0,367851
20260421T172600Z,data/ambiguous_medium.txt,ambiguous,medium,94,..43.1...9...........4...5..2...8..5.....9.32....5...83.....8.14..6.......8...6..,21,solve_one,first,true,classify_up_to_two,Ambiguous,Ambiguous(2),1,0,0,0,0,0,0,358508
20260421T172600Z,data/ambiguous_medium.txt,ambiguous,medium,94,..43.1...9...........4...5..2...8..5.....9.32....5...83.....8.14..6.......8...6..,21,full_solve_stats,enumerate_all,true,full_solve_stats,Ambiguous,Ambiguous(399),399,399,30112,29862,129624,770730,316764,1325564
20260421T172600Z,data/ambiguous_medium.txt,ambiguous,medium,95,...57.......1..8..715.6............4.5...6...6.....12.9......8...2.59.4.......2..,21,classify_up_to_two,classify,true,classify_up_to_two,Ambiguous,Ambiguous(2),2,0,0,0,0,0,0,2321746
20260421T172600Z,data/ambiguous_medium.txt,ambiguous,medium,95,...57.......1..8..715.6............4.5...6...6.....12.9......8...2.59.4.......2..,21,solve_one,first,true,classify_up_to_two,Ambiguous,Ambiguous(2),1,0,0,0,0,0,0,3975997
20260421T172600Z,data/ambiguous_medium.txt,ambiguous,medium,95,...57.......1..8..715.6............4.5...6...6.....12.9......8...2.59.4.......2..,21,full_solve_stats,enumerate_all,true,full_solve_stats,Ambiguous,Ambiguous(37457),37457,417,16856,84437,924121,60328036,29101527,90598966
20260421T172600Z,data/ambiguous_medium.txt,ambiguous,medium,96,.......4..1...6.......2..37.69...2.....8.97..........5..2.47...7......5.3.6......,20,classify_up_to_two,classify,true,classify_up_to_two,Ambiguous,Ambiguous(2),2,0,0,0,0,0,0,1365302
20260421T172600Z,data/ambiguous_medium.txt,ambiguous,medium,96,.......4..1...6.......2..37.69...2.....8.97..........5..2.47...7......5.3.6......,20,solve_one,first,true,classify_up_to_two,Ambiguous,Ambiguous(2),1,0,0,0,0,0,0,1290875
20260421T172600Z,data/ambiguous_medium.txt,ambiguous,medium,96,.......4..1...6.......2..37.69...2.....8.97..........5..2.47...7......5.3.6......,20,full_solve_stats,enumerate_all,true,full_solve_stats,Ambiguous,Ambiguous(8295),8295,384,14850,39341,558719,15879111,6402626,22965944
20260421T172600Z,data/ambiguous_medium.txt,ambiguous,medium,97,.....3.8...9........41.7.5..3..6.94.87......1.9..2..7......5.......7.3.....4....7,22,classify_up_to_two,classify,true,classify_up_to_two,Ambiguous,Ambiguous(2),2,0,0,0,0,0,0,1638257
20260421T172600Z,data/ambiguous_medium.txt,ambiguous,medium,97,.....3.8...9........41.7.5..3..6.94.87......1.9..2..7......5.......7.3.....4....7,22,solve_one,first,true,classify_up_to_two,Ambiguous,Ambiguous(2),1,0,0,0,0,0,0,1662170
20260421T172600Z,data/ambiguous_medium.txt,ambiguous,medium,97,.....3.8...9........41.7.5..3..6.94.87......1.9..2..7......5.......7.3.....4....7,22,full_solve_stats,enumerate_all,true,full_solve_stats,Ambiguous,Ambiguous(234),234,383,13097,216791,1022796,1882342,185999,3509788
20260421T172600Z,data/ambiguous_medium.txt,ambiguous,medium,98,1..4..2.....2387.......7........9...26.....79.....5..3.84..........7.9.6.......5.,21,classify_up_to_two,classify,true,classify_up_to_two,Ambiguous,Ambiguous(2),2,0,0,0,0,0,0,1104599
20260421T172600Z,data/ambiguous_medium.txt,ambiguous,medium,98,1..4..2.....2387.......7........9...26.....79.....5..3.84..........7.9.6.......5.,21,solve_one,first,true,classify_up_to_two,Ambiguous,Ambiguous(2),1,0,0,0,0,0,0,1108608
20260421T172600Z,data/ambiguous_medium.txt,ambiguous,medium,98,1..4..2.....2387.......7........9...26.....79.....5..3.84..........7.9.6.......5.,21,full_solve_stats,enumerate_all,true,full_solve_stats,Ambiguous,Ambiguous(6136),6136,356,7382,49081,497209,12520801,4699320,17848347
20260421T172600Z,data/ambiguous_medium.txt,ambiguous,medium,99,..4.....28.3..............1.......6....72.5..51.3........1.36......49.......6.2.7,20,classify_up_to_two,classify,true,classify_up_to_two,Ambiguous,Ambiguous(2),2,0,0,0,0,0,0,728147
20260421T172600Z,data/ambiguous_medium.txt,ambiguous,medium,99,..4.....28.3..............1.......6....72.5..51.3........1.36......49.......6.2.7,20,solve_one,first,true,classify_up_to_two,Ambiguous,Ambiguous(2),1,0,0,0,0,0,0,781269
20260421T172600Z,data/ambiguous_medium.txt,ambiguous,medium,99,..4.....28.3..............1.......6....72.5..51.3........1.36......49.......6.2.7,20,full_solve_stats,enumerate_all,true,full_solve_stats,Ambiguous,Ambiguous(11321),11321,313,11501,81205,302126,14878748,8733138,24093248
20260421T172600Z,data/ambiguous_hard.txt,ambiguous,hard,0,..5......3..6...19.....1..5...7...2.9....58..7..84......3.9...2.9.4...........1.3,22,classify_up_to_two,classify,true,classify_up_to_two,Ambiguous,Ambiguous(2),2,0,0,0,0,0,0,1099376
20260421T172600Z,data/ambiguous_hard.txt,ambiguous,hard,0,..5......3..6...19.....1..5...7...2.9....58..7..84......3.9...2.9.4...........1.3,22,solve_one,first,true,classify_up_to_two,Ambiguous,Ambiguous(2),1,0,0,0,0,0,0,1071208
20260421T172600Z,data/ambiguous_hard.txt,ambiguous,hard,0,..5......3..6...19.....1..5...7...2.9....58..7..84......3.9...2.9.4...........1.3,22,full_solve_stats,enumerate_all,true,full_solve_stats,Ambiguous,Ambiguous(8232),8232,343,11816,47466,482614,16728422,6307432,23646931
20260421T172600Z,data/ambiguous_hard.txt,ambiguous,hard,1,.8.1.........5.......9....3.4.........5.18.......9.561.6..2478.8.......6..4....2.,22,classify_up_to_two,classify,true,classify_up_to_two,Ambiguous,Ambiguous(2),2,0,0,0,0,0,0,1931515
20260421T172600Z,data/ambiguous_hard.txt,ambiguous,hard,1,.8.1.........5.......9....3.4.........5.18.......9.561.6..2478.8.......6..4....2.,22,solve_one,first,true,classify_up_to_two,Ambiguous,Ambiguous(2),1,0,0,0,0,0,0,1909266
20260421T172600Z,data/ambiguous_hard.txt,ambiguous,hard,1,.8.1.........5.......9....3.4.........5.18.......9.561.6..2478.8.......6..4....2.,22,full_solve_stats,enumerate_all,true,full_solve_stats,Ambiguous,Ambiguous(566),566,328,10733,52153,1008309,2570976,418404,4153260
20260421T172600Z,data/ambiguous_hard.txt,ambiguous,hard,2,.7.1.....4.............8.....9...2.52..9..1.....5.36..6..2..8..91......3..7.....6,21,classify_up_to_two,classify,true,classify_up_to_two,Ambiguous,Ambiguous(2),2,0,0,0,0,0,0,3958284
20260421T172600Z,data/ambiguous_hard.txt,ambiguous,hard,2,.7.1.....4.............8.....9...2.52..9..1.....5.36..6..2..8..91......3..7.....6,21,solve_one,first,true,classify_up_to_two,Ambiguous,Ambiguous(2),1,0,0,0,0,0,0,3985582
20260421T172600Z,data/ambiguous_hard.txt,ambiguous,hard,2,.7.1.....4.............8.....9...2.52..9..1.....5.36..6..2..8..91......3..7.....6,21,full_solve_stats,enumerate_all,true,full_solve_stats,Ambiguous,Ambiguous(17100),17100,307,9812,116393,1976841,30835876,13326212,46466853
20260421T172600Z,data/ambiguous_hard.txt,ambiguous,hard,3,9.4.728.....8.36..8..9.....6.9....1..8...7.....7.....22....85.....729......6.....,24,classify_up_to_two,classify,true,classify_up_to_two,Ambiguous,Ambiguous(2),2,0,0,0,0,0,0,926407
20260421T172600Z,data/ambiguous_hard.txt,ambiguous,hard,3,9.4.728.....8.36..8..9.....6.9....1..8...7.....7.....22....85.....729......6.....,24,solve_one,first,true,classify_up_to_two,Ambiguous,Ambiguous(2),1,0,0,0,0,0,0,924502
20260421T172600Z,data/ambiguous_hard.txt,ambiguous,hard,3,9.4.728.....8.36..8..9.....6.9....1..8...7.....7.....22....85.....729......6.....,24,full_solve_stats,enumerate_all,true,full_solve_stats,Ambiguous,Ambiguous(1729),1729,381,10382,86743,375185,4555999,1363106,6447204
20260421T172600Z,data/ambiguous_hard.txt,ambiguous,hard,4,...6..8....35.4...65...17...6..............5..7.38..2...7.1...4.1.......9....3..7,22,classify_up_to_two,classify,true,classify_up_to_two,Ambiguous,Ambiguous(2),2,0,0,0,0,0,0,695783
20260421T172600Z,data/ambiguous_hard.txt,ambiguous,hard,4,...6..8....35.4...65...17...6..............5..7.38..2...7.1...4.1.......9....3..7,22,solve_one,first,true,classify_up_to_two,Ambiguous,Ambiguous(2),1,0,0,0,0,0,0,660581
20260421T172600Z,data/ambiguous_hard.txt,ambiguous,hard,4,...6..8....35.4...65...17...6..............5..7.38..2...7.1...4.1.......9....3..7,22,full_solve_stats,enumerate_all,true,full_solve_stats,Ambiguous,Ambiguous(2725),2725,346,11435,31289,236497,5769485,2144761,8254484
20260421T172600Z,data/ambiguous_hard.txt,ambiguous,hard,5,......76......9..29.........49..53.......327...52..........75.4..1.4.....6.......,20,classify_up_to_two,classify,true,classify_up_to_two,Ambiguous,Ambiguous(2),2,0,0,0,0,0,0,2548582
20260421T172600Z,data/ambiguous_hard.txt,ambiguous,hard,5,......76......9..29.........49..53.......327...52..........75.4..1.4.....6.......,20,solve_one,first,true,classify_up_to_two,Ambiguous,Ambiguous(2),1,0,0,0,0,0,0,3508297
20260421T172600Z,data/ambiguous_hard.txt,ambiguous,hard,5,......76......9..29.........49..53.......327...52..........75.4..1.4.....6.......,20,full_solve_stats,enumerate_all,true,full_solve_stats,Ambiguous,Ambiguous(4815),4815,393,13887,93777,1310703,12241466,3767577,17586199
20260421T172600Z,data/ambiguous_hard.txt,ambiguous,hard,6,.5.....43.1.....82.84..7.1..71.9....4.........23.1....8......26...7........9.2...,23,classify_up_to_two,classify,true,classify_up_to_two,Ambiguous,Ambiguous(2),2,0,0,0,0,0,0,757549
20260421T172600Z,data/ambiguous_hard.txt,ambiguous,hard,6,.5.....43.1.....82.84..7.1..71.9....4.........23.1....8......26...7........9.2...,23,solve_one,first,true,classify_up_to_two,Ambiguous,Ambiguous(2),1,0,0,0,0,0,0,754926
20260421T172600Z,data/ambiguous_hard.txt,ambiguous,hard,6,.5.....43.1.....82.84..7.1..71.9....4.........23.1....8......26...7........9.2...,23,full_solve_stats,enumerate_all,true,full_solve_stats,Ambiguous,Ambiguous(1165),1165,277,10464,62359,347963,2211886,901238,3618283
20260421T172600Z,data/ambiguous_hard.txt,ambiguous,hard,7,..3..9........23.........876.......53.94.....4.....23...7.13.....6..8.9....2.....,21,classify_up_to_two,classify,true,classify_up_to_two,Ambiguous,Ambiguous(2),2,0,0,0,0,0,0,1780979
20260421T172600Z,data/ambiguous_hard.txt,ambiguous,hard,7,..3..9........23.........876.......53.94.....4.....23...7.13.....6..8.9....2.....,21,solve_one,first,true,classify_up_to_two,Ambiguous,Ambiguous(2),1,0,0,0,0,0,0,1777553
20260421T172600Z,data/ambiguous_hard.txt,ambiguous,hard,7,..3..9........23.........876.......53.94.....4.....23...7.13.....6..8.9....2.....,21,full_solve_stats,enumerate_all,true,full_solve_stats,Ambiguous,Ambiguous(10028),10028,453,7777,68805,708025,23984802,7712749,32583232
20260421T172600Z,data/ambiguous_hard.txt,ambiguous,hard,8,.....8...2.....4.6..5..37....4...6...9.8.....5....4..27..589..34..2...7..........,22,classify_up_to_two,classify,true,classify_up_to_two,Ambiguous,Ambiguous(2),2,0,0,0,0,0,0,680902
20260421T172600Z,data/ambiguous_hard.txt,ambiguous,hard,8,.....8...2.....4.6..5..37....4...6...9.8.....5....4..27..589..34..2...7..........,22,solve_one,first,true,classify_up_to_two,Ambiguous,Ambiguous(2),1,0,0,0,0,0,0,664644
20260421T172600Z,data/ambiguous_hard.txt,ambiguous,hard,8,.....8...2.....4.6..5..37....4...6...9.8.....5....4..27..589..34..2...7..........,22,full_solve_stats,enumerate_all,true,full_solve_stats,Ambiguous,Ambiguous(4370),4370,320,11018,23124,268534,9967307,3210180,13573235
20260421T172600Z,data/ambiguous_hard.txt,ambiguous,hard,9,2...7..4.1.93........8..2..56...78.17.........9.26.......73....6...1..98.........,23,classify_up_to_two,classify,true,classify_up_to_two,Ambiguous,Ambiguous(2),2,0,0,0,0,0,0,1311096
20260421T172600Z,data/ambiguous_hard.txt,ambiguous,hard,9,2...7..4.1.93........8..2..56...78.17.........9.26.......73....6...1..98.........,23,solve_one,first,true,classify_up_to_two,Ambiguous,Ambiguous(2),1,0,0,0,0,0,0,1249564
20260421T172600Z,data/ambiguous_hard.txt,ambiguous,hard,9,2...7..4.1.93........8..2..56...78.17.........9.26.......73....6...1..98.........,23,full_solve_stats,enumerate_all,true,full_solve_stats,Ambiguous,Ambiguous(2135),2135,332,11165,56903,535573,5389739,1565487,7635796
20260421T172600Z,data/ambiguous_hard.txt,ambiguous,hard,10,.4...8.....6.2......57....8..2..7...1..35....4....2....7.9...64.......1....431...,22,classify_up_to_two,classify,true,classify_up_to_two,Ambiguous,Ambiguous(2),2,0,0,0,0,0,0,15078872
20260421T172600Z,data/ambiguous_hard.txt,ambiguous,hard,10,.4...8.....6.2......57....8..2..7...1..35....4....2....7.9...64.......1....431...,22,solve_one,first,true,classify_up_to_two,Ambiguous,Ambiguous(2),1,0,0,0,0,0,0,14959915
20260421T172600Z,data/ambiguous_hard.txt,ambiguous,hard,10,.4...8.....6.2......57....8..2..7...1..35....4....2....7.9...64.......1....431...,22,full_solve_stats,enumerate_all,true,full_solve_stats,Ambiguous,Ambiguous(2500),2500,622,17606,174356,10864345,10416398,1864465,23757481
20260421T172600Z,data/ambiguous_hard.txt,ambiguous,hard,11,5.7.....8....4...7.937........3.7.5..3..2.........18.........1.1..4...9.9.4......,21,classify_up_to_two,classify,true,classify_up_to_two,Ambiguous,Ambiguous(2),2,0,0,0,0,0,0,1213203
20260421T172600Z,data/ambiguous_hard.txt,ambiguous,hard,11,5.7.....8....4...7.937........3.7.5..3..2.........18.........1.1..4...9.9.4......,21,solve_one,first,true,classify_up_to_two,Ambiguous,Ambiguous(2),1,0,0,0,0,0,0,1475413
20260421T172600Z,data/ambiguous_hard.txt,ambiguous,hard,11,5.7.....8....4...7.937........3.7.5..3..2.........18.........1.1..4...9.9.4......,21,full_solve_stats,enumerate_all,true,full_solve_stats,Ambiguous,Ambiguous(9229),9229,461,17603,141038,638052,10262764,7185050,18339292
20260421T172600Z,data/ambiguous_hard.txt,ambiguous,hard,12,.6.5...7...5..3..2.2......57...8..9..8......4......3.........3....7.56....3.98...,21,classify_up_to_two,classify,true,classify_up_to_two,Ambiguous,Ambiguous(2),2,0,0,0,0,0,0,916294
20260421T172600Z,data/ambiguous_hard.txt,ambiguous,hard,12,.6.5...7...5..3..2.2......57...8..9..8......4......3.........3....7.56....3.98...,21,solve_one,first,true,classify_up_to_two,Ambiguous,Ambiguous(2),1,0,0,0,0,0,0,818536
20260421T172600Z,data/ambiguous_hard.txt,ambiguous,hard,12,.6.5...7...5..3..2.2......57...8..9..8......4......3.........3....7.56....3.98...,21,full_solve_stats,enumerate_all,true,full_solve_stats,Ambiguous,Ambiguous(7150),7150,264,11275,40888,322651,14289405,5478703,20198769
20260421T172600Z,data/ambiguous_hard.txt,ambiguous,hard,13,....2639..........2.83.......9....8.35...9.1.........6....516..4.......7......5..,20,classify_up_to_two,classify,true,classify_up_to_two,Ambiguous,Ambiguous(2),2,0,0,0,0,0,0,2021521
20260421T172600Z,data/ambiguous_hard.txt,ambiguous,hard,13,....2639..........2.83.......9....8.35...9.1.........6....516..4.......7......5..,20,solve_one,first,true,classify_up_to_two,Ambiguous,Ambiguous(2),1,0,0,0,0,0,0,2812577
20260421T172600Z,data/ambiguous_hard.txt,ambiguous,hard,13,....2639..........2.83.......9....8.35...9.1.........6....516..4.......7......5..,20,full_solve_stats,enumerate_all,true,full_solve_stats,Ambiguous,Ambiguous(1501),1501,383,13412,69064,1165377,4597371,1154663,7102308
20260421T172600Z,data/ambiguous_hard.txt,ambiguous,hard,14,......6.....4...97...7.18.247..18......2....639...4.1..5....1......5.........9.6.,23,classify_up_to_two,classify,true,classify_up_to_two,Ambiguous,Ambiguous(2),2,0,0,0,0,0,0,4065895
20260421T172600Z,data/ambiguous_hard.txt,ambiguous,hard,14,......6.....4...97...7.18.247..18......2....639...4.1..5....1......5.........9.6.,23,solve_one,first,true,classify_up_to_two,Ambiguous,Ambiguous(2),1,0,0,0,0,0,0,4050836
20260421T172600Z,data/ambiguous_hard.txt,ambiguous,hard,14,......6.....4...97...7.18.247..18......2....639...4.1..5....1......5.........9.6.,23,full_solve_stats,enumerate_all,true,full_solve_stats,Ambiguous,Ambiguous(1511),1511,381,10092,174605,2602772,4184918,1111882,8285542
20260421T172600Z,data/ambiguous_hard.txt,ambiguous,hard,15,9..6...............31.4.7......586.7..2.1..4.......9..4......8..5.1.9.....9.7....,21,classify_up_to_two,classify,true,classify_up_to_two,Ambiguous,Ambiguous(2),2,0,0,0,0,0,0,1211842
20260421T172600Z,data/ambiguous_hard.txt,ambiguous,hard,15,9..6...............31.4.7......586.7..2.1..4.......9..4......8..5.1.9.....9.7....,21,solve_one,first,true,classify_up_to_two,Ambiguous,Ambiguous(2),1,0,0,0,0,0,0,1129819
20260421T172600Z,data/ambiguous_hard.txt,ambiguous,hard,15,9..6...............31.4.7......586.7..2.1..4.......9..4......8..5.1.9.....9.7....,21,full_solve_stats,enumerate_all,true,full_solve_stats,Ambiguous,Ambiguous(4910),4910,372,12462,64707,403167,11452503,3775492,15770635
20260421T172600Z,data/ambiguous_hard.txt,ambiguous,hard,16,6...7.....17..6...4.........9.2..5.....7.4.82.2..9....9...17..32.....7.1.......65,24,classify_up_to_two,classify,true,classify_up_to_two,Ambiguous,Ambiguous(2),2,0,0,0,0,0,0,814119
20260421T172600Z,data/ambiguous_hard.txt,ambiguous,hard,16,6...7.....17..6...4.........9.2..5.....7.4.82.2..9....9...17..32.....7.1.......65,24,solve_one,first,true,classify_up_to_two,Ambiguous,Ambiguous(2),1,0,0,0,0,0,0,813301
20260421T172600Z,data/ambiguous_hard.txt,ambiguous,hard,16,6...7.....17..6...4.........9.2..5.....7.4.82.2..9....9...17..32.....7.1.......65,24,full_solve_stats,enumerate_all,true,full_solve_stats,Ambiguous,Ambiguous(2261),2261,354,11233,33017,373977,4141112,1670034,6302528
20260421T172600Z,data/ambiguous_hard.txt,ambiguous,hard,17,.32......64...1.....589.........3.......4..63..9.6..8.......63........97.....5...,20,classify_up_to_two,classify,true,classify_up_to_two,Ambiguous,Ambiguous(2),2,0,0,0,0,0,0,1652979
20260421T172600Z,data/ambiguous_hard.txt,ambiguous,hard,17,.32......64...1.....589.........3.......4..63..9.6..8.......63........97.....5...,20,solve_one,first,true,classify_up_to_two,Ambiguous,Ambiguous(2),1,0,0,0,0,0,0,1647452
20260421T172600Z,data/ambiguous_hard.txt,ambiguous,hard,17,.32......64...1.....589.........3.......4..63..9.6..8.......63........97.....5...,20,full_solve_stats,enumerate_all,true,full_solve_stats,Ambiguous,Ambiguous(12123),12123,399,15986,74747,838701,22134768,8620314,31805548
20260421T172600Z,data/ambiguous_hard.txt,ambiguous,hard,18,...4..56..1.5.6.9.....973....9....4.6....5......3.....5.2.......6..........96.8..,21,classify_up_to_two,classify,true,classify_up_to_two,Ambiguous,Ambiguous(2),2,0,0,0,0,0,0,644197
20260421T172600Z,data/ambiguous_hard.txt,ambiguous,hard,18,...4..56..1.5.6.9.....973....9....4.6....5......3.....5.2.......6..........96.8..,21,solve_one,first,true,classify_up_to_two,Ambiguous,Ambiguous(2),1,0,0,0,0,0,0,601592
20260421T172600Z,data/ambiguous_hard.txt,ambiguous,hard,18,...4..56..1.5.6.9.....973....9....4.6....5......3.....5.2.......6..........96.8..,21,full_solve_stats,enumerate_all,true,full_solve_stats,Ambiguous,Ambiguous(3605),3605,318,14424,72560,230903,8024581,2640584,11050425
20260421T172600Z,data/ambiguous_hard.txt,ambiguous,hard,19,..24..83.....7....5.83..7.98.........23...15.4..........7.1.......2.5.....4...2..,22,classify_up_to_two,classify,true,classify_up_to_two,Ambiguous,Ambiguous(2),2,0,0,0,0,0,0,3145955
20260421T172600Z,data/ambiguous_hard.txt,ambiguous,hard,19,..24..83.....7....5.83..7.98.........23...15.4..........7.1.......2.5.....4...2..,22,solve_one,first,true,classify_up_to_two,Ambiguous,Ambiguous(2),1,0,0,0,0,0,0,3119576
20260421T172600Z,data/ambiguous_hard.txt,ambiguous,hard,19,..24..83.....7....5.83..7.98.........23...15.4..........7.1.......2.5.....4...2..,22,full_solve_stats,enumerate_all,true,full_solve_stats,Ambiguous,Ambiguous(29359),29359,352,9765,102078,1430884,50383587,21176754,73319291
20260421T172600Z,data/ambiguous_hard.txt,ambiguous,hard,20,8.1....9..4..3.2..7.....158...........4..9...5..17.9.....4.6....5...........1..8.,21,classify_up_to_two,classify,true,classify_up_to_two,Ambiguous,Ambiguous(2),2,0,0,0,0,0,0,3342520
20260421T172600Z,data/ambiguous_hard.txt,ambiguous,hard,20,8.1....9..4..3.2..7.....158...........4..9...5..17.9.....4.6....5...........1..8.,21,solve_one,first,true,classify_up_to_two,Ambiguous,Ambiguous(2),1,0,0,0,0,0,0,3447230
20260421T172600Z,data/ambiguous_hard.txt,ambiguous,hard,20,8.1....9..4..3.2..7.....158...........4..9...5..17.9.....4.6....5...........1..8.,21,full_solve_stats,enumerate_all,true,full_solve_stats,Ambiguous,Ambiguous(24574),24574,410,11844,233120,1666401,44205758,18231809,64500024
20260421T172600Z,data/ambiguous_hard.txt,ambiguous,hard,21,....9....4......7...9...51...5....4...3.2.8...............819.7..16....223.......,20,classify_up_to_two,classify,true,classify_up_to_two,Ambiguous,Ambiguous(2),2,0,0,0,0,0,0,6106285
20260421T172600Z,data/ambiguous_hard.txt,ambiguous,hard,21,....9....4......7...9...51...5....4...3.2.8...............819.7..16....223.......,20,solve_one,first,true,classify_up_to_two,Ambiguous,Ambiguous(2),1,0,0,0,0,0,0,6139224
20260421T172600Z,data/ambiguous_hard.txt,ambiguous,hard,21,....9....4......7...9...51...5....4...3.2.8...............819.7..16....223.......,20,full_solve_stats,enumerate_all,true,full_solve_stats,Ambiguous,Ambiguous(15575),15575,352,11522,87651,2822651,26552644,11486036,41167623
20260421T172600Z,data/ambiguous_hard.txt,ambiguous,hard,22,.4......39..7...4.3.6...2.......9.67....2..54..5...9.2...1.2.......45..9.53......,24,classify_up_to_two,classify,true,classify_up_to_two,Ambiguous,Ambiguous(2),2,0,0,0,0,0,0,770178
20260421T172600Z,data/ambiguous_hard.txt,ambiguous,hard,22,.4......39..7...4.3.6...2.......9.67....2..54..5...9.2...1.2.......45..9.53......,24,solve_one,first,true,classify_up_to_two,Ambiguous,Ambiguous(2),1,0,0,0,0,0,0,736434
20260421T172600Z,data/ambiguous_hard.txt,ambiguous,hard,22,.4......39..7...4.3.6...2.......9.67....2..54..5...9.2...1.2.......45..9.53......,24,full_solve_stats,enumerate_all,true,full_solve_stats,Ambiguous,Ambiguous(3352),3352,307,9938,92270,235882,6612168,2506131,9500792
20260421T172600Z,data/ambiguous_hard.txt,ambiguous,hard,23,6..2.......89..7.....83....1....45...83.....74.........29.1.........7.92.1.......,21,classify_up_to_two,classify,true,classify_up_to_two,Ambiguous,Ambiguous(2),2,0,0,0,0,0,0,1192544
20260421T172600Z,data/ambiguous_hard.txt,ambiguous,hard,23,6..2.......89..7.....83....1....45...83.....74.........29.1.........7.92.1.......,21,solve_one,first,true,classify_up_to_two,Ambiguous,Ambiguous(2),1,0,0,0,0,0,0,1193753
20260421T172600Z,data/ambiguous_hard.txt,ambiguous,hard,23,6..2.......89..7.....83....1....45...83.....74.........29.1.........7.92.1.......,21,full_solve_stats,enumerate_all,true,full_solve_stats,Ambiguous,Ambiguous(5951),5951,324,13267,63718,520326,9616389,4572159,14859841
20260421T172600Z,data/ambiguous_hard.txt,ambiguous,hard,24,..6.........3..8...2...1.......6.5....9.4.........9.7...31.54...1.9.......52...6.,20,classify_up_to_two,classify,true,classify_up_to_two,Ambiguous,Ambiguous(2),2,0,0,0,0,0,0,1308587
20260421T172600Z,data/ambiguous_hard.txt,ambiguous,hard,24,..6.........3..8...2...1.......6.5....9.4.........9.7...31.54...1.9.......52...6.,20,solve_one,first,true,classify_up_to_two,Ambiguous,Ambiguous(2),1,0,0,0,0,0,0,1282945
20260421T172600Z,data/ambiguous_hard.txt,ambiguous,hard,24,..6.........3..8...2...1.......6.5....9.4.........9.7...31.54...1.9.......52...6.,20,full_solve_stats,enumerate_all,true,full_solve_stats,Ambiguous,Ambiguous(2544),2544,319,15475,61886,671498,8369422,1954497,11139894
20260421T172600Z,data/ambiguous_hard.txt,ambiguous,hard,25,471...8............2.1.9.4.......698.......7......2.......9....6.8.7..51..4...3..,21,classify_up_to_two,classify,true,classify_up_to_two,Ambiguous,Ambiguous(2),2,0,0,0,0,0,0,1909647
20260421T172600Z,data/ambiguous_hard.txt,ambiguous,hard,25,471...8............2.1.9.4.......698.......7......2.......9....6.8.7..51..4...3..,21,solve_one,first,true,classify_up_to_two,Ambiguous,Ambiguous(2),1,0,0,0,0,0,0,1920590
20260421T172600Z,data/ambiguous_hard.txt,ambiguous,hard,25,471...8............2.1.9.4.......698.......7......2.......9....6.8.7..51..4...3..,21,full_solve_stats,enumerate_all,true,full_solve_stats,Ambiguous,Ambiguous(7491),7491,361,16747,95897,1044176,9904405,5808484,17000865
20260421T172600Z,data/ambiguous_hard.txt,ambiguous,hard,26,.6..7....3.5..2..4..1.....2.....1.6.7....9.........8.....5....9.96...1.......3...,19,classify_up_to_two,classify,true,classify_up_to_two,Ambiguous,Ambiguous(2),2,0,0,0,0,0,0,1371164
20260421T172600Z,data/ambiguous_hard.txt,ambiguous,hard,26,.6..7....3.5..2..4..1.....2.....1.6.7....9.........8.....5....9.96...1.......3...,19,solve_one,first,true,classify_up_to_two,Ambiguous,Ambiguous(2),1,0,0,0,0,0,0,1353638
20260421T172600Z,data/ambiguous_hard.txt,ambiguous,hard,26,.6..7....3.5..2..4..1.....2.....1.6.7....9.........8.....5....9.96...1.......3...,19,full_solve_stats,enumerate_all,true,full_solve_stats,Ambiguous,Ambiguous(41138),41138,350,11953,33432,514482,65785725,30905706,97339961
20260421T172600Z,data/ambiguous_hard.txt,ambiguous,hard,27,....3.5..........7...79..2.1.....6.88....3....9.5..24...9.46.8..1..........2...9.,22,classify_up_to_two,classify,true,classify_up_to_two,Ambiguous,Ambiguous(2),2,0,0,0,0,0,0,4301040
20260421T172600Z,data/ambiguous_hard.txt,ambiguous,hard,27,....3.5..........7...79..2.1.....6.88....3....9.5..24...9.46.8..1..........2...9.,22,solve_one,first,true,classify_up_to_two,Ambiguous,Ambiguous(2),1,0,0,0,0,0,0,4199730
20260421T172600Z,data/ambiguous_hard.txt,ambiguous,hard,27,....3.5..........7...79..2.1.....6.88....3....9.5..24...9.46.8..1..........2...9.,22,full_solve_stats,enumerate_all,true,full_solve_stats,Ambiguous,Ambiguous(2376),2376,462,7278,175330,1828216,8496705,1776347,12455772
20260421T172600Z,data/ambiguous_hard.txt,ambiguous,hard,28,...9.1..69...56...1...7.5...7.8..3..82.....5...1.........7.418..3....2...........,22,classify_up_to_two,classify,true,classify_up_to_two,Ambiguous,Ambiguous(2),2,0,0,0,0,0,0,1097612
20260421T172600Z,data/ambiguous_hard.txt,ambiguous,hard,28,...9.1..69...56...1...7.5...7.8..3..82.....5...1.........7.418..3....2...........,22,solve_one,first,true,classify_up_to_two,Ambiguous,Ambiguous(2),1,0,0,0,0,0,0,999325
20260421T172600Z,data/ambiguous_hard.txt,ambiguous,hard,28,...9.1..69...56...1...7.5...7.8..3..82.....5...1.........7.418..3....2...........,22,full_solve_stats,enumerate_all,true,full_solve_stats,Ambiguous,Ambiguous(2925),2925,376,10025,235082,377877,7956754,2249093,10894376
20260421T172600Z,data/ambiguous_hard.txt,ambiguous,hard,29,......6...3....4.8....87...4.21...6..7..468...8.2..............5....97.3....5...4,22,classify_up_to_two,classify,true,classify_up_to_two,Ambiguous,Ambiguous(2),2,0,0,0,0,0,0,2890193
20260421T172600Z,data/ambiguous_hard.txt,ambiguous,hard,29,......6...3....4.8....87...4.21...6..7..468...8.2..............5....97.3....5...4,22,solve_one,first,true,classify_up_to_two,Ambiguous,Ambiguous(2),1,0,0,0,0,0,0,2895941
20260421T172600Z,data/ambiguous_hard.txt,ambiguous,hard,29,......6...3....4.8....87...4.21...6..7..468...8.2..............5....97.3....5...4,22,full_solve_stats,enumerate_all,true,full_solve_stats,Ambiguous,Ambiguous(6952),6952,484,12646,85862,1380675,17407307,5333603,24346707
20260421T172600Z,data/ambiguous_hard.txt,ambiguous,hard,30,8...7.........6..8..13.......46.1..59...5...7..........75.4.8...1.....53...12....,22,classify_up_to_two,classify,true,classify_up_to_two,Ambiguous,Ambiguous(2),2,0,0,0,0,0,0,1188260
20260421T172600Z,data/ambiguous_hard.txt,ambiguous,hard,30,8...7.........6..8..13.......46.1..59...5...7..........75.4.8...1.....53...12....,22,solve_one,first,true,classify_up_to_two,Ambiguous,Ambiguous(2),1,0,0,0,0,0,0,1191264
20260421T172600Z,data/ambiguous_hard.txt,ambiguous,hard,30,8...7.........6..8..13.......46.1..59...5...7..........75.4.8...1.....53...12....,22,full_solve_stats,enumerate_all,true,full_solve_stats,Ambiguous,Ambiguous(3253),3253,338,14812,42597,456021,7247382,2515352,10330245
20260421T172600Z,data/ambiguous_hard.txt,ambiguous,hard,31,.3...2..1.......6.624..3...3..7..8..2..........1..4..7...51....4.......5..9......,20,classify_up_to_two,classify,true,classify_up_to_two,Ambiguous,Ambiguous(2),2,0,0,0,0,0,0,4598037
20260421T172600Z,data/ambiguous_hard.txt,ambiguous,hard,31,.3...2..1.......6.624..3...3..7..8..2..........1..4..7...51....4.......5..9......,20,solve_one,first,true,classify_up_to_two,Ambiguous,Ambiguous(2),1,0,0,0,0,0,0,4597543
20260421T172600Z,data/ambiguous_hard.txt,ambiguous,hard,31,.3...2..1.......6.624..3...3..7..8..2..........1..4..7...51....4.......5..9......,20,full_solve_stats,enumerate_all,true,full_solve_stats,Ambiguous,Ambiguous(19137),19137,322,11085,304057,3100234,38834751,14674313,57133484
20260421T172600Z,data/ambiguous_hard.txt,ambiguous,hard,32,..............1..5..623..914...1..7..5.978.2..2......89.........1..5.7...........,21,classify_up_to_two,classify,true,classify_up_to_two,Ambiguous,Ambiguous(2),2,0,0,0,0,0,0,3792067
20260421T172600Z,data/ambiguous_hard.txt,ambiguous,hard,32,..............1..5..623..914...1..7..5.978.2..2......89.........1..5.7...........,21,solve_one,first,true,classify_up_to_two,Ambiguous,Ambiguous(2),1,0,0,0,0,0,0,3752962
20260421T172600Z,data/ambiguous_hard.txt,ambiguous,hard,32,..............1..5..623..914...1..7..5.978.2..2......89.........1..5.7...........,21,full_solve_stats,enumerate_all,true,full_solve_stats,Ambiguous,Ambiguous(20089),20089,397,12976,171937,1731691,43680215,15318903,61062239
20260421T172600Z,data/ambiguous_hard.txt,ambiguous,hard,33,3.7..6..4..4.5...9.........21.3.95......1.......6.....7.....6....3.....8..6....3.,20,classify_up_to_two,classify,true,classify_up_to_two,Ambiguous,Ambiguous(2),2,0,0,0,0,0,0,4480396
20260421T172600Z,data/ambiguous_hard.txt,ambiguous,hard,33,3.7..6..4..4.5...9.........21.3.95......1.......6.....7.....6....3.....8..6....3.,20,solve_one,first,true,classify_up_to_two,Ambiguous,Ambiguous(2),1,0,0,0,0,0,0,4542849
20260421T172600Z,data/ambiguous_hard.txt,ambiguous,hard,33,3.7..6..4..4.5...9.........21.3.95......1.......6.....7.....6....3.....8..6....3.,20,full_solve_stats,enumerate_all,true,full_solve_stats,Ambiguous,Ambiguous(25719),25719,412,13120,153848,2100310,55830999,19127822,77418686
20260421T172600Z,data/ambiguous_hard.txt,ambiguous,hard,34,61...28......4..5...5..........8...1......4...92.......6....2.5...7...3.4....9..7,20,classify_up_to_two,classify,true,classify_up_to_two,Ambiguous,Ambiguous(2),2,0,0,0,0,0,0,2780141
20260421T172600Z,data/ambiguous_hard.txt,ambiguous,hard,34,61...28......4..5...5..........8...1......4...92.......6....2.5...7...3.4....9..7,20,solve_one,first,true,classify_up_to_two,Ambiguous,Ambiguous(2),1,0,0,0,0,0,0,2790402
20260421T172600Z,data/ambiguous_hard.txt,ambiguous,hard,34,61...28......4..5...5..........8...1......4...92.......6....2.5...7...3.4....9..7,20,full_solve_stats,enumerate_all,true,full_solve_stats,Ambiguous,Ambiguous(5558),5558,351,7619,162786,1305567,18636073,4103707,24335788
20260421T172600Z,data/ambiguous_hard.txt,ambiguous,hard,35,38...7.56.....42.8..9.....36.5..............2.9.6..4...........24.1.......1.9.8..,22,classify_up_to_two,classify,true,classify_up_to_two,Ambiguous,Ambiguous(2),2,0,0,0,0,0,0,1121141
20260421T172600Z,data/ambiguous_hard.txt,ambiguous,hard,35,38...7.56.....42.8..9.....36.5..............2.9.6..4...........24.1.......1.9.8..,22,solve_one,first,true,classify_up_to_two,Ambiguous,Ambiguous(2),1,0,0,0,0,0,0,1099893
20260421T172600Z,data/ambiguous_hard.txt,ambiguous,hard,35,38...7.56.....42.8..9.....36.5..............2.9.6..4...........24.1.......1.9.8..,22,full_solve_stats,enumerate_all,true,full_solve_stats,Ambiguous,Ambiguous(390),390,299,15942,114382,535434,1419654,285639,2421565
20260421T172600Z,data/ambiguous_hard.txt,ambiguous,hard,36,..27.61.....1..6..4.......5..3.7..2..4.9...5......8...5...6......7....9..9.......,20,classify_up_to_two,classify,true,classify_up_to_two,Ambiguous,Ambiguous(2),2,0,0,0,0,0,0,2337496
20260421T172600Z,data/ambiguous_hard.txt,ambiguous,hard,36,..27.61.....1..6..4.......5..3.7..2..4.9...5......8...5...6......7....9..9.......,20,solve_one,first,true,classify_up_to_two,Ambiguous,Ambiguous(2),1,0,0,0,0,0,0,2311824
20260421T172600Z,data/ambiguous_hard.txt,ambiguous,hard,36,..27.61.....1..6..4.......5..3.7..2..4.9...5......8...5...6......7....9..9.......,20,full_solve_stats,enumerate_all,true,full_solve_stats,Ambiguous,Ambiguous(4626),4626,362,17314,176467,959534,16860196,3551972,21672327
20260421T172600Z,data/ambiguous_hard.txt,ambiguous,hard,37,......3.7.9.......6....5..4..91.3....2.8..7.151.........26..8.........5.4.....6..,21,classify_up_to_two,classify,true,classify_up_to_two,Ambiguous,Ambiguous(2),2,0,0,0,0,0,0,2541899
20260421T172600Z,data/ambiguous_hard.txt,ambiguous,hard,37,......3.7.9.......6....5..4..91.3....2.8..7.151.........26..8.........5.4.....6..,21,solve_one,first,true,classify_up_to_two,Ambiguous,Ambiguous(2),1,0,0,0,0,0,0,2477884
20260421T172600Z,data/ambiguous_hard.txt,ambiguous,hard,37,......3.7.9.......6....5..4..91.3....2.8..7.151.........26..8.........5.4.....6..,21,full_solve_stats,enumerate_all,true,full_solve_stats,Ambiguous,Ambiguous(2711),2711,368,14497,120876,1310274,6939953,2068564,10554529
20260421T172600Z,data/ambiguous_hard.txt,ambiguous,hard,38,3.......892..4..7...8.2.69.19.46...3.4...3..5.....9..6...75.....7................,23,classify_up_to_two,classify,true,classify_up_to_two,Ambiguous,Ambiguous(2),2,0,0,0,0,0,0,2402518
20260421T172600Z,data/ambiguous_hard.txt,ambiguous,hard,38,3.......892..4..7...8.2.69.19.46...3.4...3..5.....9..6...75.....7................,23,solve_one,first,true,classify_up_to_two,Ambiguous,Ambiguous(2),1,0,0,0,0,0,0,2336918
20260421T172600Z,data/ambiguous_hard.txt,ambiguous,hard,38,3.......892..4..7...8.2.69.19.46...3.4...3..5.....9..6...75.....7................,23,full_solve_stats,enumerate_all,true,full_solve_stats,Ambiguous,Ambiguous(357),357,421,13010,145602,1486246,1478134,277549,3508483
20260421T172600Z,data/ambiguous_hard.txt,ambiguous,hard,39,..3...7...2.9.7...5..2....89.......66....2.3....6..4...5..43.6.7...8...........5.,22,classify_up_to_two,classify,true,classify_up_to_two,Ambiguous,Ambiguous(2),2,0,0,0,0,0,0,612230
20260421T172600Z,data/ambiguous_hard.txt,ambiguous,hard,39,..3...7...2.9.7...5..2....89.......66....2.3....6..4...5..43.6.7...8...........5.,22,solve_one,first,true,classify_up_to_two,Ambiguous,Ambiguous(2),1,0,0,0,0,0,0,602837
20260421T172600Z,data/ambiguous_hard.txt,ambiguous,hard,39,..3...7...2.9.7...5..2....89.......66....2.3....6..4...5..43.6.7...8...........5.,22,full_solve_stats,enumerate_all,true,full_solve_stats,Ambiguous,Ambiguous(956),956,383,12052,73589,251827,2370566,767720,3544277
20260421T172600Z,data/ambiguous_hard.txt,ambiguous,hard,40,.....4...8.6..2..9.3..69........87..9..6..5....1.......45....6..8..2......2.45..8,23,classify_up_to_two,classify,true,classify_up_to_two,Ambiguous,Ambiguous(2),2,0,0,0,0,0,0,848131
20260421T172600Z,data/ambiguous_hard.txt,ambiguous,hard,40,.....4...8.6..2..9.3..69........87..9..6..5....1.......45....6..8..2......2.45..8,23,solve_one,first,true,classify_up_to_two,Ambiguous,Ambiguous(2),1,0,0,0,0,0,0,848496
20260421T172600Z,data/ambiguous_hard.txt,ambiguous,hard,40,.....4...8.6..2..9.3..69........87..9..6..5....1.......45....6..8..2......2.45..8,23,full_solve_stats,enumerate_all,true,full_solve_stats,Ambiguous,Ambiguous(699),699,325,11177,50438,384303,2377822,544053,3419764
20260421T172600Z,data/ambiguous_hard.txt,ambiguous,hard,41,.4.........3.2.........5..1.8...9.3.12.....8....7..4......7.69....31...22....8...,21,classify_up_to_two,classify,true,classify_up_to_two,Ambiguous,Ambiguous(2),2,0,0,0,0,0,0,1346683
20260421T172600Z,data/ambiguous_hard.txt,ambiguous,hard,41,.4.........3.2.........5..1.8...9.3.12.....8....7..4......7.69....31...22....8...,21,solve_one,first,true,classify_up_to_two,Ambiguous,Ambiguous(2),1,0,0,0,0,0,0,1349916
20260421T172600Z,data/ambiguous_hard.txt,ambiguous,hard,41,.4.........3.2.........5..1.8...9.3.12.....8....7..4......7.69....31...22....8...,21,full_solve_stats,enumerate_all,true,full_solve_stats,Ambiguous,Ambiguous(1855),1855,392,11246,47386,661224,5309306,1425715,7536723
20260421T172600Z,data/ambiguous_hard.txt,ambiguous,hard,42,3..2..9......7.5.1......6..........2..7..9..3.....3.4.983......2......9...5.3....,20,classify_up_to_two,classify,true,classify_up_to_two,Ambiguous,Ambiguous(2),2,0,0,0,0,0,0,1965546
20260421T172600Z,data/ambiguous_hard.txt,ambiguous,hard,42,3..2..9......7.5.1......6..........2..7..9..3.....3.4.983......2......9...5.3....,20,solve_one,first,true,classify_up_to_two,Ambiguous,Ambiguous(2),1,0,0,0,0,0,0,1918966
20260421T172600Z,data/ambiguous_hard.txt,ambiguous,hard,42,3..2..9......7.5.1......6..........2..7..9..3.....3.4.983......2......9...5.3....,20,full_solve_stats,enumerate_all,true,full_solve_stats,Ambiguous,Ambiguous(21912),21912,395,13583,53739,998451,36488261,16502236,54158966
20260421T172600Z,data/ambiguous_hard.txt,ambiguous,hard,43,..3....25.5.......68.1......39......5.....2.6....97......7.1.5.............2.9617,22,classify_up_to_two,classify,true,classify_up_to_two,Ambiguous,Ambiguous(2),2,0,0,0,0,0,0,619154
20260421T172600Z,data/ambiguous_hard.txt,ambiguous,hard,43,..3....25.5.......68.1......39......5.....2.6....97......7.1.5.............2.9617,22,solve_one,first,true,classify_up_to_two,Ambiguous,Ambiguous(2),1,0,0,0,0,0,0,930119
20260421T172600Z,data/ambiguous_hard.txt,ambiguous,hard,43,..3....25.5.......68.1......39......5.....2.6....97......7.1.5.............2.9617,22,full_solve_stats,enumerate_all,true,full_solve_stats,Ambiguous,Ambiguous(5404),5404,368,17788,68673,311416,9614534,4149890,14255113
20260421T172600Z,data/ambiguous_hard.txt,ambiguous,hard,44,.2...9.4.3..4........25..9......8.6....64...3..9.138...7.....5...1..........67.3.,23,classify_up_to_two,classify,true,classify_up_to_two,Ambiguous,Ambiguous(2),2,0,0,0,0,0,0,941273
20260421T172600Z,data/ambiguous_hard.txt,ambiguous,hard,44,.2...9.4.3..4........25..9......8.6....64...3..9.138...7.....5...1..........67.3.,23,solve_one,first,true,classify_up_to_two,Ambiguous,Ambiguous(2),1,0,0,0,0,0,0,878701
20260421T172600Z,data/ambiguous_hard.txt,ambiguous,hard,44,.2...9.4.3..4........25..9......8.6....64...3..9.138...7.....5...1..........67.3.,23,full_solve_stats,enumerate_all,true,full_solve_stats,Ambiguous,Ambiguous(2339),2339,344,12315,32425,327687,6003971,1735713,8221874
20260421T172600Z,data/ambiguous_hard.txt,ambiguous,hard,45,........4....53.1...28......4.9....5.3........78.6....1.....5.8.85....2......7...,20,classify_up_to_two,classify,true,classify_up_to_two,Ambiguous,Ambiguous(2),2,0,0,0,0,0,0,1788180
20260421T172600Z,data/ambiguous_hard.txt,ambiguous,hard,45,........4....53.1...28......4.9....5.3........78.6....1.....5.8.85....2......7...,20,solve_one,first,true,classify_up_to_two,Ambiguous,Ambiguous(2),1,0,0,0,0,0,0,1755814
20260421T172600Z,data/ambiguous_hard.txt,ambiguous,hard,45,........4....53.1...28......4.9....5.3........78.6....1.....5.8.85....2......7...,20,full_solve_stats,enumerate_all,true,full_solve_stats,Ambiguous,Ambiguous(8692),8692,307,11818,76867,784014,18821973,6661664,26436150
20260421T172600Z,data/ambiguous_hard.txt,ambiguous,hard,46,...358....6.7......582..1...4....6......3......2..4.71.....2....79...4.........3.,21,classify_up_to_two,classify,true,classify_up_to_two,Ambiguous,Ambiguous(2),2,0,0,0,0,0,0,1534801
20260421T172600Z,data/ambiguous_hard.txt,ambiguous,hard,46,...358....6.7......582..1...4....6......3......2..4.71.....2....79...4.........3.,21,solve_one,first,true,classify_up_to_two,Ambiguous,Ambiguous(2),1,0,0,0,0,0,0,1520509
20260421T172600Z,data/ambiguous_hard.txt,ambiguous,hard,46,...358....6.7......582..1...4....6......3......2..4.71.....2....79...4.........3.,21,full_solve_stats,enumerate_all,true,full_solve_stats,Ambiguous,Ambiguous(5450),5450,346,10968,46916,727380,14287673,4061977,19205415
20260421T172600Z,data/ambiguous_hard.txt,ambiguous,hard,47,7....9.1.........642..5....5.6...2.........9....2...5.....4....69...7..4.8..9.3..,21,classify_up_to_two,classify,true,classify_up_to_two,Ambiguous,Ambiguous(2),2,0,0,0,0,0,0,969970
20260421T172600Z,data/ambiguous_hard.txt,ambiguous,hard,47,7....9.1.........642..5....5.6...2.........9....2...5.....4....69...7..4.8..9.3..,21,solve_one,first,true,classify_up_to_two,Ambiguous,Ambiguous(2),1,0,0,0,0,0,0,927716
20260421T172600Z,data/ambiguous_hard.txt,ambiguous,hard,47,7....9.1.........642..5....5.6...2.........9....2...5.....4....69...7..4.8..9.3..,21,full_solve_stats,enumerate_all,true,full_solve_stats,Ambiguous,Ambiguous(2587),2587,329,12480,37545,327296,4541695,2094792,7065230
20260421T172600Z,data/ambiguous_hard.txt,ambiguous,hard,48,4........2..85...636..1...........697..34...2............2..9.4.2...93.5.....5...,22,classify_up_to_two,classify,true,classify_up_to_two,Ambiguous,Ambiguous(2),2,0,0,0,0,0,0,721444
20260421T172600Z,data/ambiguous_hard.txt,ambiguous,hard,48,4........2..85...636..1...........697..34...2............2..9.4.2...93.5.....5...,22,solve_one,first,true,classify_up_to_two,Ambiguous,Ambiguous(2),1,0,0,0,0,0,0,702560
20260421T172600Z,data/ambiguous_hard.txt,ambiguous,hard,48,4........2..85...636..1...........697..34...2............2..9.4.2...93.5.....5...,22,full_solve_stats,enumerate_all,true,full_solve_stats,Ambiguous,Ambiguous(2214),2214,326,12944,38874,346289,4615088,1630133,6696946
20260421T172600Z,data/ambiguous_hard.txt,ambiguous,hard,49,7..4...3..9..1.....4....2.9......7.5....2..........16......79...79......8.5..6..4,21,classify_up_to_two,classify,true,classify_up_to_two,Ambiguous,Ambiguous(2),2,0,0,0,0,0,0,4368509
20260421T172600Z,data/ambiguous_hard.txt,ambiguous,hard,49,7..4...3..9..1.....4....2.9......7.5....2..........16......79...79......8.5..6..4,21,solve_one,first,true,classify_up_to_two,Ambiguous,Ambiguous(2),1,0,0,0,0,0,0,4342877
20260421T172600Z,data/ambiguous_hard.txt,ambiguous,hard,49,7..4...3..9..1.....4....2.9......7.5....2..........16......79...79......8.5..6..4,21,full_solve_stats,enumerate_all,true,full_solve_stats,Ambiguous,Ambiguous(3737),3737,378,12059,117970,2838344,11958389,2775886,17946103
20260421T172600Z,data/ambiguous_hard.txt,ambiguous,hard,50,...5.......4......3.8.2.6......7.42....9...87.....4........9..5...1....327.......,19,classify_up_to_two,classify,true,classify_up_to_two,Ambiguous,Ambiguous(2),2,0,0,0,0,0,0,3219451
20260421T172600Z,data/ambiguous_hard.txt,ambiguous,hard,50,...5.......4......3.8.2.6......7.42....9...87.....4........9..5...1....327.......,19,solve_one,first,true,classify_up_to_two,Ambiguous,Ambiguous(2),1,0,0,0,0,0,0,3331878
20260421T172600Z,data/ambiguous_hard.txt,ambiguous,hard,50,...5.......4......3.8.2.6......7.42....9...87.....4........9..5...1....327.......,19,full_solve_stats,enumerate_all,true,full_solve_stats,Ambiguous,Ambiguous(29566),29566,480,7966,114436,1543038,55909431,22670495,80434270
20260421T172600Z,data/ambiguous_hard.txt,ambiguous,hard,51,....51.4.5..2...3.....7......7......2......6..4978.....2.6...........6.1.7......4,20,classify_up_to_two,classify,true,classify_up_to_two,Ambiguous,Ambiguous(2),2,0,0,0,0,0,0,2289354
20260421T172600Z,data/ambiguous_hard.txt,ambiguous,hard,51,....51.4.5..2...3.....7......7......2......6..4978.....2.6...........6.1.7......4,20,solve_one,first,true,classify_up_to_two,Ambiguous,Ambiguous(2),1,0,0,0,0,0,0,2270310
20260421T172600Z,data/ambiguous_hard.txt,ambiguous,hard,51,....51.4.5..2...3.....7......7......2......6..4978.....2.6...........6.1.7......4,20,full_solve_stats,enumerate_all,true,full_solve_stats,Ambiguous,Ambiguous(76006),76006,372,11746,51000,866101,132186345,57227508,190444397
20260421T172600Z,data/ambiguous_hard.txt,ambiguous,hard,52,..4..6...3...5.97.7......6....67..32........1.614......3.....2....9......27......,21,classify_up_to_two,classify,true,classify_up_to_two,Ambiguous,Ambiguous(2),2,0,0,0,0,0,0,1196077
20260421T172600Z,data/ambiguous_hard.txt,ambiguous,hard,52,..4..6...3...5.97.7......6....67..32........1.614......3.....2....9......27......,21,solve_one,first,true,classify_up_to_two,Ambiguous,Ambiguous(2),1,0,0,0,0,0,0,1057214
20260421T172600Z,data/ambiguous_hard.txt,ambiguous,hard,52,..4..6...3...5.97.7......6....67..32........1.614......3.....2....9......27......,21,full_solve_stats,enumerate_all,true,full_solve_stats,Ambiguous,Ambiguous(1680),1680,362,14880,191674,397406,5754858,1230755,7651498
20260421T172600Z,data/ambiguous_hard.txt,ambiguous,hard,53,...8..........1....8..5..3...2..8..4.......17..4.....9.9.....62...63.8..1..9..7..,21,classify_up_to_two,classify,true,classify_up_to_two,Ambiguous,Ambiguous(2),2,0,0,0,0,0,0,1230176
20260421T172600Z,data/ambiguous_hard.txt,ambiguous,hard,53,...8..........1....8..5..3...2..8..4.......17..4.....9.9.....62...63.8..1..9..7..,21,solve_one,first,true,classify_up_to_two,Ambiguous,Ambiguous(2),1,0,0,0,0,0,0,1221589
20260421T172600Z,data/ambiguous_hard.txt,ambiguous,hard,53,...8..........1....8..5..3...2..8..4.......17..4.....9.9.....62...63.8..1..9..7..,21,full_solve_stats,enumerate_all,true,full_solve_stats,Ambiguous,Ambiguous(1591),1591,328,15815,54068,541681,3909696,1175926,5779622
20260421T172600Z,data/ambiguous_hard.txt,ambiguous,hard,54,.6.8.2.....1...5.2......3...9...186.1...7.....8.3.......9.....1...2..6.....4....5,21,classify_up_to_two,classify,true,classify_up_to_two,Ambiguous,Ambiguous(2),2,0,0,0,0,0,0,1042546
20260421T172600Z,data/ambiguous_hard.txt,ambiguous,hard,54,.6.8.2.....1...5.2......3...9...186.1...7.....8.3.......9.....1...2..6.....4....5,21,solve_one,first,true,classify_up_to_two,Ambiguous,Ambiguous(2),1,0,0,0,0,0,0,987056
20260421T172600Z,data/ambiguous_hard.txt,ambiguous,hard,54,.6.8.2.....1...5.2......3...9...186.1...7.....8.3.......9.....1...2..6.....4....5,21,full_solve_stats,enumerate_all,true,full_solve_stats,Ambiguous,Ambiguous(2613),2613,346,11122,85305,365639,7475459,1999407,9989392
20260421T172600Z,data/ambiguous_hard.txt,ambiguous,hard,55,...8....1..56.........91..7.9..13....3.5.....7...6.....7.3.........82.4...6....7.,21,classify_up_to_two,classify,true,classify_up_to_two,Ambiguous,Ambiguous(2),2,0,0,0,0,0,0,2225377
20260421T172600Z,data/ambiguous_hard.txt,ambiguous,hard,55,...8....1..56.........91..7.9..13....3.5.....7...6.....7.3.........82.4...6....7.,21,solve_one,first,true,classify_up_to_two,Ambiguous,Ambiguous(2),1,0,0,0,0,0,0,2223950
20260421T172600Z,data/ambiguous_hard.txt,ambiguous,hard,55,...8....1..56.........91..7.9..13....3.5.....7...6.....7.3.........82.4...6....7.,21,full_solve_stats,enumerate_all,true,full_solve_stats,Ambiguous,Ambiguous(3769),3769,387,18820,51992,1140920,8283315,2890705,12470111
20260421T172600Z,data/ambiguous_hard.txt,ambiguous,hard,56,......8.....2...96........4..73...........4..3.1...9.86..5...1...5..6..72.9..4...,21,classify_up_to_two,classify,true,classify_up_to_two,Ambiguous,Ambiguous(2),2,0,0,0,0,0,0,13578649
20260421T172600Z,data/ambiguous_hard.txt,ambiguous,hard,56,......8.....2...96........4..73...........4..3.1...9.86..5...1...5..6..72.9..4...,21,solve_one,first,true,classify_up_to_two,Ambiguous,Ambiguous(2),1,0,0,0,0,0,0,13370660
20260421T172600Z,data/ambiguous_hard.txt,ambiguous,hard,56,......8.....2...96........4..73...........4..3.1...9.86..5...1...5..6..72.9..4...,21,full_solve_stats,enumerate_all,true,full_solve_stats,Ambiguous,Ambiguous(19852),19852,665,16391,142331,8022898,36576974,14500693,59652873
20260421T172600Z,data/ambiguous_hard.txt,ambiguous,hard,57,.....1.7..........5......9..7.6.3.1...8.....79...4..6.7..9......4.....8..9..5..4.,20,classify_up_to_two,classify,true,classify_up_to_two,Ambiguous,Ambiguous(2),2,0,0,0,0,0,0,6726560
20260421T172600Z,data/ambiguous_hard.txt,ambiguous,hard,57,.....1.7..........5......9..7.6.3.1...8.....79...4..6.7..9......4.....8..9..5..4.,20,solve_one,first,true,classify_up_to_two,Ambiguous,Ambiguous(2),1,0,0,0,0,0,0,6544729
20260421T172600Z,data/ambiguous_hard.txt,ambiguous,hard,57,.....1.7..........5......9..7.6.3.1...8.....79...4..6.7..9......4.....8..9..5..4.,20,full_solve_stats,enumerate_all,true,full_solve_stats,Ambiguous,Ambiguous(23590),23590,384,11564,153170,2943656,39290383,17532259,60111952
20260421T172600Z,data/ambiguous_hard.txt,ambiguous,hard,58,...8....35...97.4...1..........4.9.78..........93.8..27..563...4.........65......,22,classify_up_to_two,classify,true,classify_up_to_two,Ambiguous,Ambiguous(2),2,0,0,0,0,0,0,1111183
20260421T172600Z,data/ambiguous_hard.txt,ambiguous,hard,58,...8....35...97.4...1..........4.9.78..........93.8..27..563...4.........65......,22,solve_one,first,true,classify_up_to_two,Ambiguous,Ambiguous(2),1,0,0,0,0,0,0,1089455
20260421T172600Z,data/ambiguous_hard.txt,ambiguous,hard,58,...8....35...97.4...1..........4.9.78..........93.8..27..563...4.........65......,22,full_solve_stats,enumerate_all,true,full_solve_stats,Ambiguous,Ambiguous(598),598,404,12448,128490,447539,2897066,435103,3974959
20260421T172600Z,data/ambiguous_hard.txt,ambiguous,hard,59,.9.5.7.1.4....1..23...........6.....28....9......23.....91...8..3........1.....6.,20,classify_up_to_two,classify,true,classify_up_to_two,Ambiguous,Ambiguous(2),2,0,0,0,0,0,0,2256763
20260421T172600Z,data/ambiguous_hard.txt,ambiguous,hard,59,.9.5.7.1.4....1..23...........6.....28....9......23.....91...8..3........1.....6.,20,solve_one,first,true,classify_up_to_two,Ambiguous,Ambiguous(2),1,0,0,0,0,0,0,2164153
20260421T172600Z,data/ambiguous_hard.txt,ambiguous,hard,59,.9.5.7.1.4....1..23...........6.....28....9......23.....91...8..3........1.....6.,20,full_solve_stats,enumerate_all,true,full_solve_stats,Ambiguous,Ambiguous(19947),19947,321,9708,86855,984220,43946370,14775385,59927426
20260421T172600Z,data/ambiguous_hard.txt,ambiguous,hard,60,1....4..2..27....49...5.7...9..2...8.6.....3...1..9.........1..5............3.62.,21,classify_up_to_two,classify,true,classify_up_to_two,Ambiguous,Ambiguous(2),2,0,0,0,0,0,0,3670164
20260421T172600Z,data/ambiguous_hard.txt,ambiguous,hard,60,1....4..2..27....49...5.7...9..2...8.6.....3...1..9.........1..5............3.62.,21,solve_one,first,true,classify_up_to_two,Ambiguous,Ambiguous(2),1,0,0,0,0,0,0,3685648
20260421T172600Z,data/ambiguous_hard.txt,ambiguous,hard,60,1....4..2..27....49...5.7...9..2...8.6.....3...1..9.........1..5............3.62.,21,full_solve_stats,enumerate_all,true,full_solve_stats,Ambiguous,Ambiguous(9016),9016,389,8966,256079,1688716,21929432,6517012,30529277
20260421T172600Z,data/ambiguous_hard.txt,ambiguous,hard,61,2..4.7..........276.1......4..1...6......8..9...6....4....5...6.4..2...39..8.....,21,classify_up_to_two,classify,true,classify_up_to_two,Ambiguous,Ambiguous(2),2,0,0,0,0,0,0,2234939
20260421T172600Z,data/ambiguous_hard.txt,ambiguous,hard,61,2..4.7..........276.1......4..1...6......8..9...6....4....5...6.4..2...39..8.....,21,solve_one,first,true,classify_up_to_two,Ambiguous,Ambiguous(2),1,0,0,0,0,0,0,2196862
20260421T172600Z,data/ambiguous_hard.txt,ambiguous,hard,61,2..4.7..........276.1......4..1...6......8..9...6....4....5...6.4..2...39..8.....,21,full_solve_stats,enumerate_all,true,full_solve_stats,Ambiguous,Ambiguous(17319),17319,363,11479,106094,769649,39208990,12772442,53090374
20260421T172600Z,data/ambiguous_hard.txt,ambiguous,hard,62,......1471..........5.7.....6..2..1.2..7....8.....9.....6.1.72..9.8...5....2..4..,22,classify_up_to_two,classify,true,classify_up_to_two,Ambiguous,Ambiguous(2),2,0,0,0,0,0,0,904129
20260421T172600Z,data/ambiguous_hard.txt,ambiguous,hard,62,......1471..........5.7.....6..2..1.2..7....8.....9.....6.1.72..9.8...5....2..4..,22,solve_one,first,true,classify_up_to_two,Ambiguous,Ambiguous(2),1,0,0,0,0,0,0,919773
20260421T172600Z,data/ambiguous_hard.txt,ambiguous,hard,62,......1471..........5.7.....6..2..1.2..7....8.....9.....6.1.72..9.8...5....2..4..,22,full_solve_stats,enumerate_all,true,full_solve_stats,Ambiguous,Ambiguous(683),683,384,14021,167815,337924,2628890,523675,3728429
20260421T172600Z,data/ambiguous_hard.txt,ambiguous,hard,63,...6..1....7....6.62...8.7..3..4.......13....9.......6...8....9.8........5......8,19,classify_up_to_two,classify,true,classify_up_to_two,Ambiguous,Ambiguous(2),2,0,0,0,0,0,0,13504571
20260421T172600Z,data/ambiguous_hard.txt,ambiguous,hard,63,...6..1....7....6.62...8.7..3..4.......13....9.......6...8....9.8........5......8,19,solve_one,first,true,classify_up_to_two,Ambiguous,Ambiguous(2),1,0,0,0,0,0,0,20996920
20260421T172600Z,data/ambiguous_hard.txt,ambiguous,hard,63,...6..1....7....6.62...8.7..3..4.......13....9.......6...8....9.8........5......8,19,full_solve_stats,enumerate_all,true,full_solve_stats,Ambiguous,Ambiguous(308095),308095,423,12563,246449,8637124,466353445,236293188,712039020
20260421T172600Z,data/ambiguous_hard.txt,ambiguous,hard,64,........8..8....7..1..7...32........7...69..........8....158.4...64....74........,19,classify_up_to_two,classify,true,classify_up_to_two,Ambiguous,Ambiguous(2),2,0,0,0,0,0,0,1632768
20260421T172600Z,data/ambiguous_hard.txt,ambiguous,hard,64,........8..8....7..1..7...32........7...69..........8....158.4...64....74........,19,solve_one,first,true,classify_up_to_two,Ambiguous,Ambiguous(2),1,0,0,0,0,0,0,1595927
20260421T172600Z,data/ambiguous_hard.txt,ambiguous,hard,64,........8..8....7..1..7...32........7...69..........8....158.4...64....74........,19,full_solve_stats,enumerate_all,true,full_solve_stats,Ambiguous,Ambiguous(13129),13129,380,16865,44151,669179,26073288,10069188,36951239
20260421T172600Z,data/ambiguous_hard.txt,ambiguous,hard,65,....9.8.......2.....5....7..34.....91...8...7.2.....4.....7..54...1........5..26.,20,classify_up_to_two,classify,true,classify_up_to_two,Ambiguous,Ambiguous(2),2,0,0,0,0,0,0,5616538
20260421T172600Z,data/ambiguous_hard.txt,ambiguous,hard,65,....9.8.......2.....5....7..34.....91...8...7.2.....4.....7..54...1........5..26.,20,solve_one,first,true,classify_up_to_two,Ambiguous,Ambiguous(2),1,0,0,0,0,0,0,5562075
20260421T172600Z,data/ambiguous_hard.txt,ambiguous,hard,65,....9.8.......2.....5....7..34.....91...8...7.2.....4.....7..54...1........5..26.,20,full_solve_stats,enumerate_all,true,full_solve_stats,Ambiguous,Ambiguous(7249),7249,343,12473,118775,3395851,18480528,5558388,27779221
20260421T172600Z,data/ambiguous_hard.txt,ambiguous,hard,66,.4....56.8......31..1.432......17...2...3.........5...9.38...2........8...4..6..7,23,classify_up_to_two,classify,true,classify_up_to_two,Ambiguous,Ambiguous(2),2,0,0,0,0,0,0,408520
20260421T172600Z,data/ambiguous_hard.txt,ambiguous,hard,66,.4....56.8......31..1.432......17...2...3.........5...9.38...2........8...4..6..7,23,solve_one,first,true,classify_up_to_two,Ambiguous,Ambiguous(2),1,0,0,0,0,0,0,384957
20260421T172600Z,data/ambiguous_hard.txt,ambiguous,hard,66,.4....56.8......31..1.432......17...2...3.........5...9.38...2........8...4..6..7,23,full_solve_stats,enumerate_all,true,full_solve_stats,Ambiguous,Ambiguous(181),181,374,15202,48765,126152,596353,149274,996468
20260421T172600Z,data/ambiguous_hard.txt,ambiguous,hard,67,....19.2.....2..6....3....7...2.3...17......9....9.3.4.96...8...5.6.............1,21,classify_up_to_two,classify,true,classify_up_to_two,Ambiguous,Ambiguous(2),2,0,0,0,0,0,0,825044
20260421T172600Z,data/ambiguous_hard.txt,ambiguous,hard,67,....19.2.....2..6....3....7...2.3...17......9....9.3.4.96...8...5.6.............1,21,solve_one,first,true,classify_up_to_two,Ambiguous,Ambiguous(2),1,0,0,0,0,0,0,820126
20260421T172600Z,data/ambiguous_hard.txt,ambiguous,hard,67,....19.2.....2..6....3....7...2.3...17......9....9.3.4.96...8...5.6.............1,21,full_solve_stats,enumerate_all,true,full_solve_stats,Ambiguous,Ambiguous(2183),2183,306,11631,68083,355746,2960148,1672070,5131923
20260421T172600Z,data/ambiguous_hard.txt,ambiguous,hard,68,.....6.....8....5.13..2...4.....839....64...7.1.......569..4.7..73.5.............,22,classify_up_to_two,classify,true,classify_up_to_two,Ambiguous,Ambiguous(2),2,0,0,0,0,0,0,798551
20260421T172600Z,data/ambiguous_hard.txt,ambiguous,hard,68,.....6.....8....5.13..2...4.....839....64...7.1.......569..4.7..73.5.............,22,solve_one,first,true,classify_up_to_two,Ambiguous,Ambiguous(2),1,0,0,0,0,0,0,839558
20260421T172600Z,data/ambiguous_hard.txt,ambiguous,hard,68,.....6.....8....5.13..2...4.....839....64...7.1.......569..4.7..73.5.............,22,full_solve_stats,enumerate_all,true,full_solve_stats,Ambiguous,Ambiguous(1102),1102,368,10528,36242,289449,4461138,854589,5727205
20260421T172600Z,data/ambiguous_hard.txt,ambiguous,hard,69,...384...34.....1....6....5..............8.2..6....74..26..........1....4.7...2..,19,classify_up_to_two,classify,true,classify_up_to_two,Ambiguous,Ambiguous(2),2,0,0,0,0,0,0,4118851
20260421T172600Z,data/ambiguous_hard.txt,ambiguous,hard,69,...384...34.....1....6....5..............8.2..6....74..26..........1....4.7...2..,19,solve_one,first,true,classify_up_to_two,Ambiguous,Ambiguous(2),1,0,0,0,0,0,0,4166205
20260421T172600Z,data/ambiguous_hard.txt,ambiguous,hard,69,...384...34.....1....6....5..............8.2..6....74..26..........1....4.7...2..,19,full_solve_stats,enumerate_all,true,full_solve_stats,Ambiguous,Ambiguous(12100),12100,463,15715,103620,2154378,40836647,9305789,52580208
20260421T172600Z,data/ambiguous_hard.txt,ambiguous,hard,70,.2.............74.7..6...15347.5.8.....8..............8..5..6......7...36.3..9..7,22,classify_up_to_two,classify,true,classify_up_to_two,Ambiguous,Ambiguous(2),2,0,0,0,0,0,0,781550
20260421T172600Z,data/ambiguous_hard.txt,ambiguous,hard,70,.2.............74.7..6...15347.5.8.....8..............8..5..6......7...36.3..9..7,22,solve_one,first,true,classify_up_to_two,Ambiguous,Ambiguous(2),1,0,0,0,0,0,0,806527
20260421T172600Z,data/ambiguous_hard.txt,ambiguous,hard,70,.2.............74.7..6...15347.5.8.....8..............8..5..6......7...36.3..9..7,22,full_solve_stats,enumerate_all,true,full_solve_stats,Ambiguous,Ambiguous(1653),1653,431,12828,68600,314875,3656696,1284534,5420785
20260421T172600Z,data/ambiguous_hard.txt,ambiguous,hard,71,..4.3.6....2.......6..2....9...83....2.4...........985........1....48.53...2.7...,21,classify_up_to_two,classify,true,classify_up_to_two,Ambiguous,Ambiguous(2),2,0,0,0,0,0,0,2939247
20260421T172600Z,data/ambiguous_hard.txt,ambiguous,hard,71,..4.3.6....2.......6..2....9...83....2.4...........985........1....48.53...2.7...,21,solve_one,first,true,classify_up_to_two,Ambiguous,Ambiguous(2),1,0,0,0,0,0,0,2955695
20260421T172600Z,data/ambiguous_hard.txt,ambiguous,hard,71,..4.3.6....2.......6..2....9...83....2.4...........985........1....48.53...2.7...,21,full_solve_stats,enumerate_all,true,full_solve_stats,Ambiguous,Ambiguous(13969),13969,356,10372,90037,1700617,26563329,10348625,38828527
20260421T172600Z,data/ambiguous_hard.txt,ambiguous,hard,72,.5....7...9.4...8...1...6.......89..5..9....1..6.1..75.......9....79.....4....1..,21,classify_up_to_two,classify,true,classify_up_to_two,Ambiguous,Ambiguous(2),2,0,0,0,0,0,0,1157345
20260421T172600Z,data/ambiguous_hard.txt,ambiguous,hard,72,.5....7...9.4...8...1...6.......89..5..9....1..6.1..75.......9....79.....4....1..,21,solve_one,first,true,classify_up_to_two,Ambiguous,Ambiguous(2),1,0,0,0,0,0,0,1138420
20260421T172600Z,data/ambiguous_hard.txt,ambiguous,hard,72,.5....7...9.4...8...1...6.......89..5..9....1..6.1..75.......9....79.....4....1..,21,full_solve_stats,enumerate_all,true,full_solve_stats,Ambiguous,Ambiguous(5040),5040,344,10706,127846,507729,13578341,3701727,18027725
20260421T172600Z,data/ambiguous_hard.txt,ambiguous,hard,73,........9.....1..47..5..1..6.5....4..493.5....3.4...6..937......7.....51.........,22,classify_up_to_two,classify,true,classify_up_to_two,Ambiguous,Ambiguous(2),2,0,0,0,0,0,0,571328
20260421T172600Z,data/ambiguous_hard.txt,ambiguous,hard,73,........9.....1..47..5..1..6.5....4..493.5....3.4...6..937......7.....51.........,22,solve_one,first,true,classify_up_to_two,Ambiguous,Ambiguous(2),1,0,0,0,0,0,0,715923
20260421T172600Z,data/ambiguous_hard.txt,ambiguous,hard,73,........9.....1..47..5..1..6.5....4..493.5....3.4...6..937......7.....51.........,22,full_solve_stats,enumerate_all,true,full_solve_stats,Ambiguous,Ambiguous(832),832,361,15545,141259,244378,1807434,640642,2915798
20260421T172600Z,data/ambiguous_hard.txt,ambiguous,hard,74,....5.6....9718........4...936....1..........2.8...94....3....2..7..95..1........,21,classify_up_to_two,classify,true,classify_up_to_two,Ambiguous,Ambiguous(2),2,0,0,0,0,0,0,1452475
20260421T172600Z,data/ambiguous_hard.txt,ambiguous,hard,74,....5.6....9718........4...936....1..........2.8...94....3....2..7..95..1........,21,solve_one,first,true,classify_up_to_two,Ambiguous,Ambiguous(2),1,0,0,0,0,0,0,1459109
20260421T172600Z,data/ambiguous_hard.txt,ambiguous,hard,74,....5.6....9718........4...936....1..........2.8...94....3....2..7..95..1........,21,full_solve_stats,enumerate_all,true,full_solve_stats,Ambiguous,Ambiguous(8971),8971,319,7628,36627,663959,24917697,6578650,32312144
20260421T172600Z,data/ambiguous_hard.txt,ambiguous,hard,75,.8....5...7.....62.64..81.................7.173..52.......3....2485...9......4...,22,classify_up_to_two,classify,true,classify_up_to_two,Ambiguous,Ambiguous(2),2,0,0,0,0,0,0,706795
20260421T172600Z,data/ambiguous_hard.txt,ambiguous,hard,75,.8....5...7.....62.64..81.................7.173..52.......3....2485...9......4...,22,solve_one,first,true,classify_up_to_two,Ambiguous,Ambiguous(2),1,0,0,0,0,0,0,671520
20260421T172600Z,data/ambiguous_hard.txt,ambiguous,hard,75,.8....5...7.....62.64..81.................7.173..52.......3....2485...9......4...,22,full_solve_stats,enumerate_all,true,full_solve_stats,Ambiguous,Ambiguous(4703),4703,279,10690,73032,270265,6512535,3454821,10384577
20260421T172600Z,data/ambiguous_hard.txt,ambiguous,hard,76,.93...........16..1.....8....9.....7.64....2..75.........418.7...7.2...9........8,21,classify_up_to_two,classify,true,classify_up_to_two,Ambiguous,Ambiguous(2),2,0,0,0,0,0,0,3406996
20260421T172600Z,data/ambiguous_hard.txt,ambiguous,hard,76,.93...........16..1.....8....9.....7.64....2..75.........418.7...7.2...9........8,21,solve_one,first,true,classify_up_to_two,Ambiguous,Ambiguous(2),1,0,0,0,0,0,0,3400809
20260421T172600Z,data/ambiguous_hard.txt,ambiguous,hard,76,.93...........16..1.....8....9.....7.64....2..75.........418.7...7.2...9........8,21,full_solve_stats,enumerate_all,true,full_solve_stats,Ambiguous,Ambiguous(5780),5780,411,16785,81680,1654928,15504515,4257026,21639243
20260421T172600Z,data/ambiguous_hard.txt,ambiguous,hard,77,..7.....51...45....4.8.....3...6..1.........861......7........2.....3.7.79..58...,21,classify_up_to_two,classify,true,classify_up_to_two,Ambiguous,Ambiguous(2),2,0,0,0,0,0,0,1466884
20260421T172600Z,data/ambiguous_hard.txt,ambiguous,hard,77,..7.....51...45....4.8.....3...6..1.........861......7........2.....3.7.79..58...,21,solve_one,first,true,classify_up_to_two,Ambiguous,Ambiguous(2),1,0,0,0,0,0,0,1459392
20260421T172600Z,data/ambiguous_hard.txt,ambiguous,hard,77,..7.....51...45....4.8.....3...6..1.........861......7........2.....3.7.79..58...,21,full_solve_stats,enumerate_all,true,full_solve_stats,Ambiguous,Ambiguous(25634),25634,257,10158,29321,521708,90706253,19205883,110576821
20260421T172600Z,data/ambiguous_hard.txt,ambiguous,hard,78,.4.......2..5.......7....56....98..41.....72.....2...14....6....25...4..9.....1..,21,classify_up_to_two,classify,true,classify_up_to_two,Ambiguous,Ambiguous(2),2,0,0,0,0,0,0,1214502
20260421T172600Z,data/ambiguous_hard.txt,ambiguous,hard,78,.4.......2..5.......7....56....98..41.....72.....2...14....6....25...4..9.....1..,21,solve_one,first,true,classify_up_to_two,Ambiguous,Ambiguous(2),1,0,0,0,0,0,0,1211237
20260421T172600Z,data/ambiguous_hard.txt,ambiguous,hard,78,.4.......2..5.......7....56....98..41.....72.....2...14....6....25...4..9.....1..,21,full_solve_stats,enumerate_all,true,full_solve_stats,Ambiguous,Ambiguous(5806),5806,332,13310,79310,513797,11021077,4120503,15817756
20260421T172600Z,data/ambiguous_hard.txt,ambiguous,hard,79,.9....8........9...2..8...65..3..2...37..5......14....16......9.......3....47...2,21,classify_up_to_two,classify,true,classify_up_to_two,Ambiguous,Ambiguous(2),2,0,0,0,0,0,0,1235907
20260421T172600Z,data/ambiguous_hard.txt,ambiguous,hard,79,.9....8........9...2..8...65..3..2...37..5......14....16......9.......3....47...2,21,solve_one,first,true,classify_up_to_two,Ambiguous,Ambiguous(2),1,0,0,0,0,0,0,1270350
20260421T172600Z,data/ambiguous_hard.txt,ambiguous,hard,79,.9....8........9...2..8...65..3..2...37..5......14....16......9.......3....47...2,21,full_solve_stats,enumerate_all,true,full_solve_stats,Ambiguous,Ambiguous(3888),3888,314,7917,115855,1181967,11031903,2846420,15284978
20260421T172600Z,data/ambiguous_hard.txt,ambiguous,hard,80,....2.4.5..9......7..84..1...1..3..6..32..75.5...........97.........6.2.8........,21,classify_up_to_two,classify,true,classify_up_to_two,Ambiguous,Ambiguous(2),2,0,0,0,0,0,0,2750517
20260421T172600Z,data/ambiguous_hard.txt,ambiguous,hard,80,....2.4.5..9......7..84..1...1..3..6..32..75.5...........97.........6.2.8........,21,solve_one,first,true,classify_up_to_two,Ambiguous,Ambiguous(2),1,0,0,0,0,0,0,3008411
20260421T172600Z,data/ambiguous_hard.txt,ambiguous,hard,80,....2.4.5..9......7..84..1...1..3..6..32..75.5...........97.........6.2.8........,21,full_solve_stats,enumerate_all,true,full_solve_stats,Ambiguous,Ambiguous(9305),9305,366,8671,89762,1076423,27566326,6913255,35758440
20260421T172600Z,data/ambiguous_hard.txt,ambiguous,hard,81,3....75....2.......5.96............18..3..74..9...185....75.2...3...96...6.......,23,classify_up_to_two,classify,true,classify_up_to_two,Ambiguous,Ambiguous(2),2,0,0,0,0,0,0,935672
20260421T172600Z,data/ambiguous_hard.txt,ambiguous,hard,81,3....75....2.......5.96............18..3..74..9...185....75.2...3...96...6.......,23,solve_one,first,true,classify_up_to_two,Ambiguous,Ambiguous(2),1,0,0,0,0,0,0,949085
20260421T172600Z,data/ambiguous_hard.txt,ambiguous,hard,81,3....75....2.......5.96............18..3..74..9...185....75.2...3...96...6.......,23,full_solve_stats,enumerate_all,true,full_solve_stats,Ambiguous,Ambiguous(830),830,337,10803,123259,383065,1916862,630236,3123601
20260421T172600Z,data/ambiguous_hard.txt,ambiguous,hard,82,.1...6.....618..5.3........6...9...5583.6..9...9.3..7.........72......4.7.....1..,23,classify_up_to_two,classify,true,classify_up_to_two,Ambiguous,Ambiguous(2),2,0,0,0,0,0,0,3213973
20260421T172600Z,data/ambiguous_hard.txt,ambiguous,hard,82,.1...6.....618..5.3........6...9...5583.6..9...9.3..7.........72......4.7.....1..,23,solve_one,first,true,classify_up_to_two,Ambiguous,Ambiguous(2),1,0,0,0,0,0,0,3179130
20260421T172600Z,data/ambiguous_hard.txt,ambiguous,hard,82,.1...6.....618..5.3........6...9...5583.6..9...9.3..7.........72......4.7.....1..,23,full_solve_stats,enumerate_all,true,full_solve_stats,Ambiguous,Ambiguous(7864),7864,358,6911,202175,1657127,18402098,5895538,26316652
20260421T172600Z,data/ambiguous_hard.txt,ambiguous,hard,83,.3..8........3.2.64....9...8...........7.......2..5..7..1..6.49.47...........36..,20,classify_up_to_two,classify,true,classify_up_to_two,Ambiguous,Ambiguous(2),2,0,0,0,0,0,0,2232134
20260421T172600Z,data/ambiguous_hard.txt,ambiguous,hard,83,.3..8........3.2.64....9...8...........7.......2..5..7..1..6.49.47...........36..,20,solve_one,first,true,classify_up_to_two,Ambiguous,Ambiguous(2),1,0,0,0,0,0,0,2218247
20260421T172600Z,data/ambiguous_hard.txt,ambiguous,hard,83,.3..8........3.2.64....9...8...........7.......2..5..7..1..6.49.47...........36..,20,full_solve_stats,enumerate_all,true,full_solve_stats,Ambiguous,Ambiguous(3628),3628,337,17665,139529,1129774,7684237,2666294,11750778
20260421T172600Z,data/ambiguous_hard.txt,ambiguous,hard,84,3.2..........9...6..8..6.12....5.3.9............7.31...3.5..2....76.....5.......7,21,classify_up_to_two,classify,true,classify_up_to_two,Ambiguous,Ambiguous(2),2,0,0,0,0,0,0,1436646
20260421T172600Z,data/ambiguous_hard.txt,ambiguous,hard,84,3.2..........9...6..8..6.12....5.3.9............7.31...3.5..2....76.....5.......7,21,solve_one,first,true,classify_up_to_two,Ambiguous,Ambiguous(2),1,0,0,0,0,0,0,1403674
20260421T172600Z,data/ambiguous_hard.txt,ambiguous,hard,84,3.2..........9...6..8..6.12....5.3.9............7.31...3.5..2....76.....5.......7,21,full_solve_stats,enumerate_all,true,full_solve_stats,Ambiguous,Ambiguous(12645),12645,387,15376,161667,541949,22956553,9277848,33037379
20260421T172600Z,data/ambiguous_hard.txt,ambiguous,hard,85,.....1......4....7.79.........6.8....2.94....4......1.......1....8..7.5...6.3..79,20,classify_up_to_two,classify,true,classify_up_to_two,Ambiguous,Ambiguous(2),2,0,0,0,0,0,0,2384515
20260421T172600Z,data/ambiguous_hard.txt,ambiguous,hard,85,.....1......4....7.79.........6.8....2.94....4......1.......1....8..7.5...6.3..79,20,solve_one,first,true,classify_up_to_two,Ambiguous,Ambiguous(2),1,0,0,0,0,0,0,2343417
20260421T172600Z,data/ambiguous_hard.txt,ambiguous,hard,85,.....1......4....7.79.........6.8....2.94....4......1.......1....8..7.5...6.3..79,20,full_solve_stats,enumerate_all,true,full_solve_stats,Ambiguous,Ambiguous(4900),4900,367,11383,134835,1478780,11817614,3566815,17128661
20260421T172600Z,data/ambiguous_hard.txt,ambiguous,hard,86,....3.4...752......1...9..........47.....3..978....5..5...........5...32.36.4..5.,22,classify_up_to_two,classify,true,classify_up_to_two,Ambiguous,Ambiguous(2),2,0,0,0,0,0,0,1417705
20260421T172600Z,data/ambiguous_hard.txt,ambiguous,hard,86,....3.4...752......1...9..........47.....3..978....5..5...........5...32.36.4..5.,22,solve_one,first,true,classify_up_to_two,Ambiguous,Ambiguous(2),1,0,0,0,0,0,0,1032215
20260421T172600Z,data/ambiguous_hard.txt,ambiguous,hard,86,....3.4...752......1...9..........47.....3..978....5..5...........5...32.36.4..5.,22,full_solve_stats,enumerate_all,true,full_solve_stats,Ambiguous,Ambiguous(1903),1903,373,10531,95255,351248,8310176,1420250,10243930
20260421T172600Z,data/ambiguous_hard.txt,ambiguous,hard,87,..5.....8.1...9.....2.1.......7...4..39....7.......3.....8...514.3.7......6......,19,classify_up_to_two,classify,true,classify_up_to_two,Ambiguous,Ambiguous(2),2,0,0,0,0,0,0,2930909
20260421T172600Z,data/ambiguous_hard.txt,ambiguous,hard,87,..5.....8.1...9.....2.1.......7...4..39....7.......3.....8...514.3.7......6......,19,solve_one,first,true,classify_up_to_two,Ambiguous,Ambiguous(2),1,0,0,0,0,0,0,3023750
20260421T172600Z,data/ambiguous_hard.txt,ambiguous,hard,87,..5.....8.1...9.....2.1.......7...4..39....7.......3.....8...514.3.7......6......,19,full_solve_stats,enumerate_all,true,full_solve_stats,Ambiguous,Ambiguous(11506),11506,478,11771,137336,1703157,27561918,8876223,38443673
20260421T172600Z,data/ambiguous_hard.txt,ambiguous,hard,88,.....92.58...32..15....7.9.6....3..89.......6....7..5...4.........3....9.6...1...,22,classify_up_to_two,classify,true,classify_up_to_two,Ambiguous,Ambiguous(2),2,0,0,0,0,0,0,3007186
20260421T172600Z,data/ambiguous_hard.txt,ambiguous,hard,88,.....92.58...32..15....7.9.6....3..89.......6....7..5...4.........3....9.6...1...,22,solve_one,first,true,classify_up_to_two,Ambiguous,Ambiguous(2),1,0,0,0,0,0,0,1994152
20260421T172600Z,data/ambiguous_hard.txt,ambiguous,hard,88,.....92.58...32..15....7.9.6....3..89.......6....7..5...4.........3....9.6...1...,22,full_solve_stats,enumerate_all,true,full_solve_stats,Ambiguous,Ambiguous(13128),13128,370,10769,83010,771639,39500508,9754657,50212143
20260421T172600Z,data/ambiguous_hard.txt,ambiguous,hard,89,8..74...5..........12.....7...5.....5.9.6.........1.2....1...5...7.....945...93..,21,classify_up_to_two,classify,true,classify_up_to_two,Ambiguous,Ambiguous(2),2,0,0,0,0,0,0,986253
20260421T172600Z,data/ambiguous_hard.txt,ambiguous,hard,89,8..74...5..........12.....7...5.....5.9.6.........1.2....1...5...7.....945...93..,21,solve_one,first,true,classify_up_to_two,Ambiguous,Ambiguous(2),1,0,0,0,0,0,0,892874
20260421T172600Z,data/ambiguous_hard.txt,ambiguous,hard,89,8..74...5..........12.....7...5.....5.9.6.........1.2....1...5...7.....945...93..,21,full_solve_stats,enumerate_all,true,full_solve_stats,Ambiguous,Ambiguous(1042),1042,346,15520,38713,324136,4968846,816905,6246552
20260421T172600Z,data/ambiguous_hard.txt,ambiguous,hard,90,...92...4...5..92..........8..4....66......72.5.....8..86......51.3.4.....9.....7,22,classify_up_to_two,classify,true,classify_up_to_two,Ambiguous,Ambiguous(2),2,0,0,0,0,0,0,1307983
20260421T172600Z,data/ambiguous_hard.txt,ambiguous,hard,90,...92...4...5..92..........8..4....66......72.5.....8..86......51.3.4.....9.....7,22,solve_one,first,true,classify_up_to_two,Ambiguous,Ambiguous(2),1,0,0,0,0,0,0,1442783
20260421T172600Z,data/ambiguous_hard.txt,ambiguous,hard,90,...92...4...5..92..........8..4....66......72.5.....8..86......51.3.4.....9.....7,22,full_solve_stats,enumerate_all,true,full_solve_stats,Ambiguous,Ambiguous(2977),2977,361,7337,34894,506549,7964607,2196985,10783823
20260421T172600Z,data/ambiguous_hard.txt,ambiguous,hard,91,....839.........5.9.6...2.3....6...4.1..7...6...9........8.7.....4.....95......6.,20,classify_up_to_two,classify,true,classify_up_to_two,Ambiguous,Ambiguous(2),2,0,0,0,0,0,0,2694752
20260421T172600Z,data/ambiguous_hard.txt,ambiguous,hard,91,....839.........5.9.6...2.3....6...4.1..7...6...9........8.7.....4.....95......6.,20,solve_one,first,true,classify_up_to_two,Ambiguous,Ambiguous(2),1,0,0,0,0,0,0,2574851
20260421T172600Z,data/ambiguous_hard.txt,ambiguous,hard,91,....839.........5.9.6...2.3....6...4.1..7...6...9........8.7.....4.....95......6.,20,full_solve_stats,enumerate_all,true,full_solve_stats,Ambiguous,Ambiguous(36084),36084,448,12634,91125,1350754,65097944,27653634,94342102
20260421T172600Z,data/ambiguous_hard.txt,ambiguous,hard,92,........8..1.4.7...58.71......2.......7..5.86.......9....958........3....96.....3,21,classify_up_to_two,classify,true,classify_up_to_two,Ambiguous,Ambiguous(2),2,0,0,0,0,0,0,2561883
20260421T172600Z,data/ambiguous_hard.txt,ambiguous,hard,92,........8..1.4.7...58.71......2.......7..5.86.......9....958........3....96.....3,21,solve_one,first,true,classify_up_to_two,Ambiguous,Ambiguous(2),1,0,0,0,0,0,0,2417608
20260421T172600Z,data/ambiguous_hard.txt,ambiguous,hard,92,........8..1.4.7...58.71......2.......7..5.86.......9....958........3....96.....3,21,full_solve_stats,enumerate_all,true,full_solve_stats,Ambiguous,Ambiguous(26173),26173,371,14681,84556,878701,46232443,19281091,66608537
20260421T172600Z,data/ambiguous_hard.txt,ambiguous,hard,93,.......651.....7....7...9...8.2..3.9.....912...........23......6..7...9.....9653.,22,classify_up_to_two,classify,true,classify_up_to_two,Ambiguous,Ambiguous(2),2,0,0,0,0,0,0,6462316
20260421T172600Z,data/ambiguous_hard.txt,ambiguous,hard,93,.......651.....7....7...9...8.2..3.9.....912...........23......6..7...9.....9653.,22,solve_one,first,true,classify_up_to_two,Ambiguous,Ambiguous(2),1,0,0,0,0,0,0,6572638
20260421T172600Z,data/ambiguous_hard.txt,ambiguous,hard,93,.......651.....7....7...9...8.2..3.9.....912...........23......6..7...9.....9653.,22,full_solve_stats,enumerate_all,true,full_solve_stats,Ambiguous,Ambiguous(5066),5066,384,11347,251606,5028614,11073234,3869189,20444597
20260421T172600Z,data/ambiguous_hard.txt,ambiguous,hard,94,.......4...3.4.2.....6..5....5.....64...7.3.97.9......6.......89.21...5......9...,21,classify_up_to_two,classify,true,classify_up_to_two,Ambiguous,Ambiguous(2),2,0,0,0,0,0,0,1883101
20260421T172600Z,data/ambiguous_hard.txt,ambiguous,hard,94,.......4...3.4.2.....6..5....5.....64...7.3.97.9......6.......89.21...5......9...,21,solve_one,first,true,classify_up_to_two,Ambiguous,Ambiguous(2),1,0,0,0,0,0,0,1869256
20260421T172600Z,data/ambiguous_hard.txt,ambiguous,hard,94,.......4...3.4.2.....6..5....5.....64...7.3.97.9......6.......89.21...5......9...,21,full_solve_stats,enumerate_all,true,full_solve_stats,Ambiguous,Ambiguous(8884),8884,365,14216,57792,707640,28655121,6993935,36508519
20260421T172600Z,data/ambiguous_hard.txt,ambiguous,hard,95,2.....69......9....3...57..4.8.5......73.6....9.4..5.6....4...1..6..........72...,22,classify_up_to_two,classify,true,classify_up_to_two,Ambiguous,Ambiguous(2),2,0,0,0,0,0,0,1810941
20260421T172600Z,data/ambiguous_hard.txt,ambiguous,hard,95,2.....69......9....3...57..4.8.5......73.6....9.4..5.6....4...1..6..........72...,22,solve_one,first,true,classify_up_to_two,Ambiguous,Ambiguous(2),1,0,0,0,0,0,0,1716672
20260421T172600Z,data/ambiguous_hard.txt,ambiguous,hard,95,2.....69......9....3...57..4.8.5......73.6....9.4..5.6....4...1..6..........72...,22,full_solve_stats,enumerate_all,true,full_solve_stats,Ambiguous,Ambiguous(3572),3572,393,13095,102449,824865,9061203,2767379,12857996
20260421T172600Z,data/ambiguous_hard.txt,ambiguous,hard,96,.19....3......7....68.9.....76......9..3...2.....1679...3.4.9.........1.6.7.....5,23,classify_up_to_two,classify,true,classify_up_to_two,Ambiguous,Ambiguous(2),2,0,0,0,0,0,0,724375
20260421T172600Z,data/ambiguous_hard.txt,ambiguous,hard,96,.19....3......7....68.9.....76......9..3...2.....1679...3.4.9.........1.6.7.....5,23,solve_one,first,true,classify_up_to_two,Ambiguous,Ambiguous(2),1,0,0,0,0,0,0,731019
20260421T172600Z,data/ambiguous_hard.txt,ambiguous,hard,96,.19....3......7....68.9.....76......9..3...2.....1679...3.4.9.........1.6.7.....5,23,full_solve_stats,enumerate_all,true,full_solve_stats,Ambiguous,Ambiguous(1485),1485,346,11181,26053,252078,7264637,1122125,8739115
20260421T172600Z,data/ambiguous_hard.txt,ambiguous,hard,97,....6.32..59.3..87....7....4......9.1......7.5.6...4......9..1.......8...3.8...5.,22,classify_up_to_two,classify,true,classify_up_to_two,Ambiguous,Ambiguous(2),2,0,0,0,0,0,0,3247477
20260421T172600Z,data/ambiguous_hard.txt,ambiguous,hard,97,....6.32..59.3..87....7....4......9.1......7.5.6...4......9..1.......8...3.8...5.,22,solve_one,first,true,classify_up_to_two,Ambiguous,Ambiguous(2),1,0,0,0,0,0,0,3215780
20260421T172600Z,data/ambiguous_hard.txt,ambiguous,hard,97,....6.32..59.3..87....7....4......9.1......7.5.6...4......9..1.......8...3.8...5.,22,full_solve_stats,enumerate_all,true,full_solve_stats,Ambiguous,Ambiguous(7251),7251,362,11483,104043,1818483,20063607,5317282,27462603
20260421T172600Z,data/ambiguous_hard.txt,ambiguous,hard,98,6....51.....4...78..8...5...7.......5....26...1.5...2...1.682..4...........3.1...,22,classify_up_to_two,classify,true,classify_up_to_two,Ambiguous,Ambiguous(2),2,0,0,0,0,0,0,628031
20260421T172600Z,data/ambiguous_hard.txt,ambiguous,hard,98,6....51.....4...78..8...5...7.......5....26...1.5...2...1.682..4...........3.1...,22,solve_one,first,true,classify_up_to_two,Ambiguous,Ambiguous(2),1,0,0,0,0,0,0,717162
20260421T172600Z,data/ambiguous_hard.txt,ambiguous,hard,98,6....51.....4...78..8...5...7.......5....26...1.5...2...1.682..4...........3.1...,22,full_solve_stats,enumerate_all,true,full_solve_stats,Ambiguous,Ambiguous(502),502,367,22508,133762,319416,2646497,565540,3780517
20260421T172600Z,data/ambiguous_hard.txt,ambiguous,hard,99,...........6...1.8..8.54....1...3......47...97...8.3..3.1..7.9..5.......9..6.25..,23,classify_up_to_two,classify,true,classify_up_to_two,Ambiguous,Ambiguous(2),2,0,0,0,0,0,0,1794696
20260421T172600Z,data/ambiguous_hard.txt,ambiguous,hard,99,...........6...1.8..8.54....1...3......47...97...8.3..3.1..7.9..5.......9..6.25..,23,solve_one,first,true,classify_up_to_two,Ambiguous,Ambiguous(2),1,0,0,0,0,0,0,967816
20260421T172600Z,data/ambiguous_hard.txt,ambiguous,hard,99,...........6...1.8..8.54....1...3......47...97...8.3..3.1..7.9..5.......9..6.25..,23,full_solve_stats,enumerate_all,true,full_solve_stats,Ambiguous,Ambiguous(674),674,404,12065,62713,473778,3477822,524528,4651297
20260421T172600Z,data/none_easy.txt,none,easy,0,...81.....2........1.9..7...7..25.93432............5...975.....563.....4......68.,24,classify_up_to_two,classify,true,classify_up_to_two,Unsolvable,Unsolvable,0,0,0,0,0,0,0,67324
20260421T172600Z,data/none_easy.txt,none,easy,0,...81.....2........1.9..7...7..25.93432............5...975.....563.....4......68.,24,solve_one,first,true,classify_up_to_two,Unsolvable,Unsolvable,0,0,0,0,0,0,0,79586
20260421T172600Z,data/none_easy.txt,none,easy,0,...81.....2........1.9..7...7..25.93432............5...975.....563.....4......68.,24,full_solve_stats,enumerate_all,true,full_solve_stats,Unsolvable,Unsolvable,0,388,56113,20637,1119,2708,90,82896
20260421T172600Z,data/none_easy.txt,none,easy,1,5...634.....7.....16..5.83.....18..7..69......43...9...............7..2.32.64.5..,25,classify_up_to_two,classify,true,classify_up_to_two,Unsolvable,Unsolvable,0,0,0,0,0,0,0,63121
20260421T172600Z,data/none_easy.txt,none,easy,1,5...634.....7.....16..5.83.....18..7..69......43...9...............7..2.32.64.5..,25,solve_one,first,true,classify_up_to_two,Unsolvable,Unsolvable,0,0,0,0,0,0,0,38994
20260421T172600Z,data/none_easy.txt,none,easy,1,5...634.....7.....16..5.83.....18..7..69......43...9...............7..2.32.64.5..,25,full_solve_stats,enumerate_all,true,full_solve_stats,Unsolvable,Unsolvable,0,321,17708,20158,1175,2220,21,43576
20260421T172600Z,data/none_easy.txt,none,easy,2,..346..2..58.2...1.2.9...8...1....9.2.4783.........3....9..6..........56.6..7.21.,27,classify_up_to_two,classify,true,classify_up_to_two,Unsolvable,Unsolvable,0,0,0,0,0,0,0,106006
20260421T172600Z,data/none_easy.txt,none,easy,2,..346..2..58.2...1.2.9...8...1....9.2.4783.........3....9..6..........56.6..7.21.,27,solve_one,first,true,classify_up_to_two,Unsolvable,Unsolvable,0,0,0,0,0,0,0,80929
20260421T172600Z,data/none_easy.txt,none,easy,2,..346..2..58.2...1.2.9...8...1....9.2.4783.........3....9..6..........56.6..7.21.,27,full_solve_stats,enumerate_all,true,full_solve_stats,Unsolvable,Unsolvable,0,298,7755,24629,25815,13536,23,89455
20260421T172600Z,data/none_easy.txt,none,easy,3,.......2...75...9.6....4........7....25.961..9......83...67.85.....1.....4.32..7.,24,classify_up_to_two,classify,true,classify_up_to_two,Unsolvable,Unsolvable,0,0,0,0,0,0,0,47149
20260421T172600Z,data/none_easy.txt,none,easy,3,.......2...75...9.6....4........7....25.961..9......83...67.85.....1.....4.32..7.,24,solve_one,first,true,classify_up_to_two,Unsolvable,Unsolvable,0,0,0,0,0,0,0,38164
20260421T172600Z,data/none_easy.txt,none,easy,3,.......2...75...9.6....4........7....25.961..9......83...67.85.....1.....4.32..7.,24,full_solve_stats,enumerate_all,true,full_solve_stats,Unsolvable,Unsolvable,0,230,21505,38059,493,1386,19,62911
20260421T172600Z,data/none_easy.txt,none,easy,4,7.98.5...6..1..8.........9.8..4...1.....5..4.2....7..5..6...789.2.9..........356.,25,classify_up_to_two,classify,true,classify_up_to_two,Unsolvable,Unsolvable,0,0,0,0,0,0,0,65263
20260421T172600Z,data/none_easy.txt,none,easy,4,7.98.5...6..1..8.........9.8..4...1.....5..4.2....7..5..6...789.2.9..........356.,25,solve_one,first,true,classify_up_to_two,Unsolvable,Unsolvable,0,0,0,0,0,0,0,49481
20260421T172600Z,data/none_easy.txt,none,easy,4,7.98.5...6..1..8.........9.8..4...1.....5..4.2....7..5..6...789.2.9..........356.,25,full_solve_stats,enumerate_all,true,full_solve_stats,Unsolvable,Unsolvable,0,327,11366,22478,4851,3143,19,54323
20260421T172600Z,data/none_easy.txt,none,easy,5,.....48..79.582.......9.....75....4.1.62.............751.3..2....48....16.24..5..,26,classify_up_to_two,classify,true,classify_up_to_two,Unsolvable,Unsolvable,0,0,0,0,0,0,0,82246
20260421T172600Z,data/none_easy.txt,none,easy,5,.....48..79.582.......9.....75....4.1.62.............751.3..2....48....16.24..5..,26,solve_one,first,true,classify_up_to_two,Unsolvable,Unsolvable,0,0,0,0,0,0,0,62072
20260421T172600Z,data/none_easy.txt,none,easy,5,.....48..79.582.......9.....75....4.1.62.............751.3..2....48....16.24..5..,26,full_solve_stats,enumerate_all,true,full_solve_stats,Unsolvable,Unsolvable,0,233,8993,22790,15434,9714,22,70304
20260421T172600Z,data/none_easy.txt,none,easy,6,...8.....86....95.3.9..24.8.....132.6.......52...................19.3.4...2..473.,24,classify_up_to_two,classify,true,classify_up_to_two,Unsolvable,Unsolvable,0,0,0,0,0,0,0,248982
20260421T172600Z,data/none_easy.txt,none,easy,6,...8.....86....95.3.9..24.8.....132.6.......52...................19.3.4...2..473.,24,solve_one,first,true,classify_up_to_two,Unsolvable,Unsolvable,0,0,0,0,0,0,0,226564
20260421T172600Z,data/none_easy.txt,none,easy,6,...8.....86....95.3.9..24.8.....132.6.......52...................19.3.4...2..473.,24,full_solve_stats,enumerate_all,true,full_solve_stats,Unsolvable,Unsolvable,0,266,14654,31248,136155,30541,66,256621
20260421T172600Z,data/none_easy.txt,none,easy,7,3...6.542.....5....61.3.....8...7..67...2.1.5.9....3......13...5....6.93..74.....,26,classify_up_to_two,classify,true,classify_up_to_two,Unsolvable,Unsolvable,0,0,0,0,0,0,0,44863
20260421T172600Z,data/none_easy.txt,none,easy,7,3...6.542.....5....61.3.....8...7..67...2.1.5.9....3......13...5....6.93..74.....,26,solve_one,first,true,classify_up_to_two,Unsolvable,Unsolvable,0,0,0,0,0,0,0,35082
20260421T172600Z,data/none_easy.txt,none,easy,7,3...6.542.....5....61.3.....8...7..67...2.1.5.9....3......13...5....6.93..74.....,26,full_solve_stats,enumerate_all,true,full_solve_stats,Unsolvable,Unsolvable,0,286,14751,17103,441,1247,25,35051
20260421T172600Z,data/none_easy.txt,none,easy,8,6.....2...713.....39.4...7...3..289..1..8...4...59.1...6...854.........1..82.....,26,classify_up_to_two,classify,true,classify_up_to_two,Unsolvable,Unsolvable,0,0,0,0,0,0,0,49797
20260421T172600Z,data/none_easy.txt,none,easy,8,6.....2...713.....39.4...7...3..289..1..8...4...59.1...6...854.........1..82.....,26,solve_one,first,true,classify_up_to_two,Unsolvable,Unsolvable,0,0,0,0,0,0,0,40948
20260421T172600Z,data/none_easy.txt,none,easy,8,6.....2...713.....39.4...7...3..289..1..8...4...59.1...6...854.........1..82.....,26,full_solve_stats,enumerate_all,true,full_solve_stats,Unsolvable,Unsolvable,0,326,18158,30067,939,2065,21,53155
20260421T172600Z,data/none_easy.txt,none,easy,9,5..6..7..38.....4.1..3.4..5.6.8..2..45.2......2...157.6...1............8....4.137,27,classify_up_to_two,classify,true,classify_up_to_two,Unsolvable,Unsolvable,0,0,0,0,0,0,0,45954
20260421T172600Z,data/none_easy.txt,none,easy,9,5..6..7..38.....4.1..3.4..5.6.8..2..45.2......2...157.6...1............8....4.137,27,solve_one,first,true,classify_up_to_two,Unsolvable,Unsolvable,0,0,0,0,0,0,0,34484
20260421T172600Z,data/none_easy.txt,none,easy,9,5..6..7..38.....4.1..3.4..5.6.8..2..45.2......2...157.6...1............8....4.137,27,full_solve_stats,enumerate_all,true,full_solve_stats,Unsolvable,Unsolvable,0,248,9843,21824,3112,5382,20,44680
20260421T172600Z,data/none_easy.txt,none,easy,10,..6...51..52.7......761.....8.....5.7....2698.94..7.....926........9.3........16.,26,classify_up_to_two,classify,true,classify_up_to_two,Unsolvable,Unsolvable,0,0,0,0,0,0,0,44892
20260421T172600Z,data/none_easy.txt,none,easy,10,..6...51..52.7......761.....8.....5.7....2698.94..7.....926........9.3........16.,26,solve_one,first,true,classify_up_to_two,Unsolvable,Unsolvable,0,0,0,0,0,0,0,35800
20260421T172600Z,data/none_easy.txt,none,easy,10,..6...51..52.7......761.....8.....5.7....2698.94..7.....926........9.3........16.,26,full_solve_stats,enumerate_all,true,full_solve_stats,Unsolvable,Unsolvable,0,341,12766,17819,2215,2416,20,39068
20260421T172600Z,data/none_easy.txt,none,easy,11,....3.27..9.2......4.9.6.....6........16.53..2...98...75.46......8...1.....3....7,24,classify_up_to_two,classify,true,classify_up_to_two,Unsolvable,Unsolvable,0,0,0,0,0,0,0,46160
20260421T172600Z,data/none_easy.txt,none,easy,11,....3.27..9.2......4.9.6.....6........16.53..2...98...75.46......8...1.....3....7,24,solve_one,first,true,classify_up_to_two,Unsolvable,Unsolvable,0,0,0,0,0,0,0,34440
20260421T172600Z,data/none_easy.txt,none,easy,11,....3.27..9.2......4.9.6.....6........16.53..2...98...75.46......8...1.....3....7,24,full_solve_stats,enumerate_all,true,full_solve_stats,Unsolvable,Unsolvable,0,251,12358,17743,785,1742,25,35573
20260421T172600Z,data/none_easy.txt,none,easy,12,...86.9.5.8.....217....4..862...543.5...7.2......4.6......92.8..61...5...........,26,classify_up_to_two,classify,true,classify_up_to_two,Unsolvable,Unsolvable,0,0,0,0,0,0,0,58855
20260421T172600Z,data/none_easy.txt,none,easy,12,...86.9.5.8.....217....4..862...543.5...7.2......4.6......92.8..61...5...........,26,solve_one,first,true,classify_up_to_two,Unsolvable,Unsolvable,0,0,0,0,0,0,0,45300
20260421T172600Z,data/none_easy.txt,none,easy,12,...86.9.5.8.....217....4..862...543.5...7.2......4.6......92.8..61...5...........,26,full_solve_stats,enumerate_all,true,full_solve_stats,Unsolvable,Unsolvable,0,260,15033,14312,4962,4365,19,44332
20260421T172600Z,data/none_easy.txt,none,easy,13,39..8.....6..9347..7.6.2..3.2.1.......52..9..6....5.....2..7.....9.4.5.....8.....,25,classify_up_to_two,classify,true,classify_up_to_two,Unsolvable,Unsolvable,0,0,0,0,0,0,0,121988
20260421T172600Z,data/none_easy.txt,none,easy,13,39..8.....6..9347..7.6.2..3.2.1.......52..9..6....5.....2..7.....9.4.5.....8.....,25,solve_one,first,true,classify_up_to_two,Unsolvable,Unsolvable,0,0,0,0,0,0,0,109575
20260421T172600Z,data/none_easy.txt,none,easy,13,39..8.....6..9347..7.6.2..3.2.1.......52..9..6....5.....2..7.....9.4.5.....8.....,25,full_solve_stats,enumerate_all,true,full_solve_stats,Unsolvable,Unsolvable,0,294,12558,26464,35327,13974,37,111548
20260421T172600Z,data/none_easy.txt,none,easy,14,...82.4..52..4..1.6.......7.4...9.2.8.25.....9.37....6..8.1.......2...3.........5,24,classify_up_to_two,classify,true,classify_up_to_two,Unsolvable,Unsolvable,0,0,0,0,0,0,0,65480
20260421T172600Z,data/none_easy.txt,none,easy,14,...82.4..52..4..1.6.......7.4...9.2.8.25.....9.37....6..8.1.......2...3.........5,24,solve_one,first,true,classify_up_to_two,Unsolvable,Unsolvable,0,0,0,0,0,0,0,60744
20260421T172600Z,data/none_easy.txt,none,easy,14,...82.4..52..4..1.6.......7.4...9.2.8.25.....9.37....6..8.1.......2...3.........5,24,full_solve_stats,enumerate_all,true,full_solve_stats,Unsolvable,Unsolvable,0,371,28714,17472,5849,5191,22,74899
20260421T172600Z,data/none_easy.txt,none,easy,15,.8.....9...5.8.73.7....9..4.16.42....3..9.1.78...3....4.....5...2.5...1.....1.9..,26,classify_up_to_two,classify,true,classify_up_to_two,Unsolvable,Unsolvable,0,0,0,0,0,0,0,82207
20260421T172600Z,data/none_easy.txt,none,easy,15,.8.....9...5.8.73.7....9..4.16.42....3..9.1.78...3....4.....5...2.5...1.....1.9..,26,solve_one,first,true,classify_up_to_two,Unsolvable,Unsolvable,0,0,0,0,0,0,0,54077
20260421T172600Z,data/none_easy.txt,none,easy,15,.8.....9...5.8.73.7....9..4.16.42....3..9.1.78...3....4.....5...2.5...1.....1.9..,26,full_solve_stats,enumerate_all,true,full_solve_stats,Unsolvable,Unsolvable,0,385,22458,15476,1358,2975,39,44975
20260421T172600Z,data/none_easy.txt,none,easy,16,...92...1....57...9..3.6.42.9217..54.3........6...9...4...3....6....8....27...6..,26,classify_up_to_two,classify,true,classify_up_to_two,Unsolvable,Unsolvable,0,0,0,0,0,0,0,51058
20260421T172600Z,data/none_easy.txt,none,easy,16,...92...1....57...9..3.6.42.9217..54.3........6...9...4...3....6....8....27...6..,26,solve_one,first,true,classify_up_to_two,Unsolvable,Unsolvable,0,0,0,0,0,0,0,43725
20260421T172600Z,data/none_easy.txt,none,easy,16,...92...1....57...9..3.6.42.9217..54.3........6...9...4...3....6....8....27...6..,26,full_solve_stats,enumerate_all,true,full_solve_stats,Unsolvable,Unsolvable,0,332,18742,15260,990,1781,26,38866
20260421T172600Z,data/none_easy.txt,none,easy,17,...2.1.3...1...4..7......95....4.91...43.7...1.69..3..6...2...7.5...9...2..6...5.,26,classify_up_to_two,classify,true,classify_up_to_two,Unsolvable,Unsolvable,0,0,0,0,0,0,0,43288
20260421T172600Z,data/none_easy.txt,none,easy,17,...2.1.3...1...4..7......95....4.91...43.7...1.69..3..6...2...7.5...9...2..6...5.,26,solve_one,first,true,classify_up_to_two,Unsolvable,Unsolvable,0,0,0,0,0,0,0,33640
20260421T172600Z,data/none_easy.txt,none,easy,17,...2.1.3...1...4..7......95....4.91...43.7...1.69..3..6...2...7.5...9...2..6...5.,26,full_solve_stats,enumerate_all,true,full_solve_stats,Unsolvable,Unsolvable,0,192,12484,17921,1111,3017,79,36656
20260421T172600Z,data/none_easy.txt,none,easy,18,93..2..61..2...7..6....89......45..9.4.6.......7.....8.5.......7......2...9..78..,23,classify_up_to_two,classify,true,classify_up_to_two,Unsolvable,Unsolvable,0,0,0,0,0,0,0,90572
20260421T172600Z,data/none_easy.txt,none,easy,18,93..2..61..2...7..6....89......45..9.4.6.......7.....8.5.......7......2...9..78..,23,solve_one,first,true,classify_up_to_two,Unsolvable,Unsolvable,0,0,0,0,0,0,0,69244
20260421T172600Z,data/none_easy.txt,none,easy,18,93..2..61..2...7..6....89......45..9.4.6.......7.....8.5.......7......2...9..78..,23,full_solve_stats,enumerate_all,true,full_solve_stats,Unsolvable,Unsolvable,0,226,11953,20962,20153,6597,31,74879
20260421T172600Z,data/none_easy.txt,none,easy,19,.4.1...39........6.65...2..8..461........847.......9..38.5.4.1....3.......72.....,24,classify_up_to_two,classify,true,classify_up_to_two,Unsolvable,Unsolvable,0,0,0,0,0,0,0,52813
20260421T172600Z,data/none_easy.txt,none,easy,19,.4.1...39........6.65...2..8..461........847.......9..38.5.4.1....3.......72.....,24,solve_one,first,true,classify_up_to_two,Unsolvable,Unsolvable,0,0,0,0,0,0,0,40791
20260421T172600Z,data/none_easy.txt,none,easy,19,.4.1...39........6.65...2..8..461........847.......9..38.5.4.1....3.......72.....,24,full_solve_stats,enumerate_all,true,full_solve_stats,Unsolvable,Unsolvable,0,353,15444,14588,699,1635,26,34495
20260421T172600Z,data/none_easy.txt,none,easy,20,95..6...4...8.........5..1...6..1..92.....3..4....98...13...7..67...2.4........35,24,classify_up_to_two,classify,true,classify_up_to_two,Unsolvable,Unsolvable,0,0,0,0,0,0,0,119282
20260421T172600Z,data/none_easy.txt,none,easy,20,95..6...4...8.........5..1...6..1..92.....3..4....98...13...7..67...2.4........35,24,solve_one,first,true,classify_up_to_two,Unsolvable,Unsolvable,0,0,0,0,0,0,0,100717
20260421T172600Z,data/none_easy.txt,none,easy,20,95..6...4...8.........5..1...6..1..92.....3..4....98...13...7..67...2.4........35,24,full_solve_stats,enumerate_all,true,full_solve_stats,Unsolvable,Unsolvable,0,232,4867,21916,37209,18299,24,107518
20260421T172600Z,data/none_easy.txt,none,easy,21,7....1..3..5.2.9..3.9..617..........968..2.........6.8....83.1..7.4.....581....9.,26,classify_up_to_two,classify,true,classify_up_to_two,Unsolvable,Unsolvable,0,0,0,0,0,0,0,42283
20260421T172600Z,data/none_easy.txt,none,easy,21,7....1..3..5.2.9..3.9..617..........968..2.........6.8....83.1..7.4.....581....9.,26,solve_one,first,true,classify_up_to_two,Unsolvable,Unsolvable,0,0,0,0,0,0,0,36395
20260421T172600Z,data/none_easy.txt,none,easy,21,7....1..3..5.2.9..3.9..617..........968..2.........6.8....83.1..7.4.....581....9.,26,full_solve_stats,enumerate_all,true,full_solve_stats,Unsolvable,Unsolvable,0,322,15679,19652,648,1864,35,39809
20260421T172600Z,data/none_easy.txt,none,easy,22,.98...3.2..7.9..1..6.32..7............6.89..48....4....8.6..15...14..7.......74..,26,classify_up_to_two,classify,true,classify_up_to_two,Unsolvable,Unsolvable,0,0,0,0,0,0,0,52115
20260421T172600Z,data/none_easy.txt,none,easy,22,.98...3.2..7.9..1..6.32..7............6.89..48....4....8.6..15...14..7.......74..,26,solve_one,first,true,classify_up_to_two,Unsolvable,Unsolvable,0,0,0,0,0,0,0,39776
20260421T172600Z,data/none_easy.txt,none,easy,22,.98...3.2..7.9..1..6.32..7............6.89..48....4....8.6..15...14..7.......74..,26,full_solve_stats,enumerate_all,true,full_solve_stats,Unsolvable,Unsolvable,0,259,14326,18620,2195,3991,91,41976
20260421T172600Z,data/none_easy.txt,none,easy,23,...5...2...84.76...1..6....6.....7...81..9..2..7..85..2..8...5..............2143.,24,classify_up_to_two,classify,true,classify_up_to_two,Unsolvable,Unsolvable,0,0,0,0,0,0,0,58810
20260421T172600Z,data/none_easy.txt,none,easy,23,...5...2...84.76...1..6....6.....7...81..9..2..7..85..2..8...5..............2143.,24,solve_one,first,true,classify_up_to_two,Unsolvable,Unsolvable,0,0,0,0,0,0,0,44842
20260421T172600Z,data/none_easy.txt,none,easy,23,...5...2...84.76...1..6....6.....7...81..9..2..7..85..2..8...5..............2143.,24,full_solve_stats,enumerate_all,true,full_solve_stats,Unsolvable,Unsolvable,0,363,17060,17220,1089,2815,27,40631
20260421T172600Z,data/none_easy.txt,none,easy,24,2.9....8......8..6....9.....5.7..3.4.8..1...2.1.6.37...9.26..5.3..........18.7...,25,classify_up_to_two,classify,true,classify_up_to_two,Unsolvable,Unsolvable,0,0,0,0,0,0,0,65218
20260421T172600Z,data/none_easy.txt,none,easy,24,2.9....8......8..6....9.....5.7..3.4.8..1...2.1.6.37...9.26..5.3..........18.7...,25,solve_one,first,true,classify_up_to_two,Unsolvable,Unsolvable,0,0,0,0,0,0,0,53370
20260421T172600Z,data/none_easy.txt,none,easy,24,2.9....8......8..6....9.....5.7..3.4.8..1...2.1.6.37...9.26..5.3..........18.7...,25,full_solve_stats,enumerate_all,true,full_solve_stats,Unsolvable,Unsolvable,0,359,28723,25478,774,1631,29,58439
20260421T172600Z,data/none_easy.txt,none,easy,25,............98..2..8.3.69.13..2......6.....72.4.1....5..97.....2..5..34......9...,23,classify_up_to_two,classify,true,classify_up_to_two,Unsolvable,Unsolvable,0,0,0,0,0,0,0,82261
20260421T172600Z,data/none_easy.txt,none,easy,25,............98..2..8.3.69.13..2......6.....72.4.1....5..97.....2..5..34......9...,23,solve_one,first,true,classify_up_to_two,Unsolvable,Unsolvable,0,0,0,0,0,0,0,64905
20260421T172600Z,data/none_easy.txt,none,easy,25,............98..2..8.3.69.13..2......6.....72.4.1....5..97.....2..5..34......9...,23,full_solve_stats,enumerate_all,true,full_solve_stats,Unsolvable,Unsolvable,0,391,38716,22318,3566,4674,51,90668
20260421T172600Z,data/none_easy.txt,none,easy,26,....3....16..........1.5......6.94..42..8..6.7.....5.2..18..6....95....7....6394.,25,classify_up_to_two,classify,true,classify_up_to_two,Unsolvable,Unsolvable,0,0,0,0,0,0,0,90878
20260421T172600Z,data/none_easy.txt,none,easy,26,....3....16..........1.5......6.94..42..8..6.7.....5.2..18..6....95....7....6394.,25,solve_one,first,true,classify_up_to_two,Unsolvable,Unsolvable,0,0,0,0,0,0,0,53649
20260421T172600Z,data/none_easy.txt,none,easy,26,....3....16..........1.5......6.94..42..8..6.7.....5.2..18..6....95....7....6394.,25,full_solve_stats,enumerate_all,true,full_solve_stats,Unsolvable,Unsolvable,0,425,19948,16834,732,2527,118,43521
20260421T172600Z,data/none_easy.txt,none,easy,27,.4...3...86....7.37...1.........198....4.2.5.......6..6.5.7.8241........23......6,25,classify_up_to_two,classify,true,classify_up_to_two,Unsolvable,Unsolvable,0,0,0,0,0,0,0,65807
20260421T172600Z,data/none_easy.txt,none,easy,27,.4...3...86....7.37...1.........198....4.2.5.......6..6.5.7.8241........23......6,25,solve_one,first,true,classify_up_to_two,Unsolvable,Unsolvable,0,0,0,0,0,0,0,49386
20260421T172600Z,data/none_easy.txt,none,easy,27,.4...3...86....7.37...1.........198....4.2.5.......6..6.5.7.8241........23......6,25,full_solve_stats,enumerate_all,true,full_solve_stats,Unsolvable,Unsolvable,0,325,13059,15024,8076,4588,23,50223
20260421T172600Z,data/none_easy.txt,none,easy,28,..95....23.......5..5..41....3.7649.6......8...72........795...1...6.......48..6.,25,classify_up_to_two,classify,true,classify_up_to_two,Unsolvable,Unsolvable,0,0,0,0,0,0,0,46508
20260421T172600Z,data/none_easy.txt,none,easy,28,..95....23.......5..5..41....3.7649.6......8...72........795...1...6.......48..6.,25,solve_one,first,true,classify_up_to_two,Unsolvable,Unsolvable,0,0,0,0,0,0,0,34202
20260421T172600Z,data/none_easy.txt,none,easy,28,..95....23.......5..5..41....3.7649.6......8...72........795...1...6.......48..6.,25,full_solve_stats,enumerate_all,true,full_solve_stats,Unsolvable,Unsolvable,0,251,9924,17165,1259,3094,102,33777
20260421T172600Z,data/none_easy.txt,none,easy,29,4.6..5.7...736...4..2.1....1...574.97...8...18.....2.....4..5.6..8.....7..1..9...,27,classify_up_to_two,classify,true,classify_up_to_two,Unsolvable,Unsolvable,0,0,0,0,0,0,0,59065
20260421T172600Z,data/none_easy.txt,none,easy,29,4.6..5.7...736...4..2.1....1...574.97...8...18.....2.....4..5.6..8.....7..1..9...,27,solve_one,first,true,classify_up_to_two,Unsolvable,Unsolvable,0,0,0,0,0,0,0,45779
20260421T172600Z,data/none_easy.txt,none,easy,29,4.6..5.7...736...4..2.1....1...574.97...8...18.....2.....4..5.6..8.....7..1..9...,27,full_solve_stats,enumerate_all,true,full_solve_stats,Unsolvable,Unsolvable,0,262,11027,20170,10681,5260,31,53595
20260421T172600Z,data/none_easy.txt,none,easy,30,...91.3....93.458.5.......1..71.3.....5.9...6...48..3....2..84.1.3....6......8...,26,classify_up_to_two,classify,true,classify_up_to_two,Unsolvable,Unsolvable,0,0,0,0,0,0,0,39380
20260421T172600Z,data/none_easy.txt,none,easy,30,...91.3....93.458.5.......1..71.3.....5.9...6...48..3....2..84.1.3....6......8...,26,solve_one,first,true,classify_up_to_two,Unsolvable,Unsolvable,0,0,0,0,0,0,0,41099
20260421T172600Z,data/none_easy.txt,none,easy,30,...91.3....93.458.5.......1..71.3.....5.9...6...48..3....2..84.1.3....6......8...,26,full_solve_stats,enumerate_all,true,full_solve_stats,Unsolvable,Unsolvable,0,475,25153,21397,3162,4302,44,64225
20260421T172600Z,data/none_easy.txt,none,easy,31,2.....54..9.81.....83.......6...3..5..4....6.3..7...98....6.7.3...27....5.1.....4,25,classify_up_to_two,classify,true,classify_up_to_two,Unsolvable,Unsolvable,0,0,0,0,0,0,0,59729
20260421T172600Z,data/none_easy.txt,none,easy,31,2.....54..9.81.....83.......6...3..5..4....6.3..7...98....6.7.3...27....5.1.....4,25,solve_one,first,true,classify_up_to_two,Unsolvable,Unsolvable,0,0,0,0,0,0,0,46942
20260421T172600Z,data/none_easy.txt,none,easy,31,2.....54..9.81.....83.......6...3..5..4....6.3..7...98....6.7.3...27....5.1.....4,25,full_solve_stats,enumerate_all,true,full_solve_stats,Unsolvable,Unsolvable,0,326,16407,19440,675,2015,29,40616
20260421T172600Z,data/none_easy.txt,none,easy,32,43.........5.3...9..19..68...4...1...6..7.4....84....7...15..9..9...321.3........,25,classify_up_to_two,classify,true,classify_up_to_two,Unsolvable,Unsolvable,0,0,0,0,0,0,0,55614
20260421T172600Z,data/none_easy.txt,none,easy,32,43.........5.3...9..19..68...4...1...6..7.4....84....7...15..9..9...321.3........,25,solve_one,first,true,classify_up_to_two,Unsolvable,Unsolvable,0,0,0,0,0,0,0,35478
20260421T172600Z,data/none_easy.txt,none,easy,32,43.........5.3...9..19..68...4...1...6..7.4....84....7...15..9..9...321.3........,25,full_solve_stats,enumerate_all,true,full_solve_stats,Unsolvable,Unsolvable,0,302,10793,16445,1366,3573,92,34517
20260421T172600Z,data/none_easy.txt,none,easy,33,9...6......3.5.4...4.7..39..7..8..59....2...14..6.1...6..5..........95....1.4..3.,25,classify_up_to_two,classify,true,classify_up_to_two,Unsolvable,Unsolvable,0,0,0,0,0,0,0,68036
20260421T172600Z,data/none_easy.txt,none,easy,33,9...6......3.5.4...4.7..39..7..8..59....2...14..6.1...6..5..........95....1.4..3.,25,solve_one,first,true,classify_up_to_two,Unsolvable,Unsolvable,0,0,0,0,0,0,0,48738
20260421T172600Z,data/none_easy.txt,none,easy,33,9...6......3.5.4...4.7..39..7..8..59....2...14..6.1...6..5..........95....1.4..3.,25,full_solve_stats,enumerate_all,true,full_solve_stats,Unsolvable,Unsolvable,0,256,7468,17334,10602,4618,25,50767
20260421T172600Z,data/none_easy.txt,none,easy,34,...34...5.95.2...3........454...6..9..3..2.8....5......2..8.93.6.4....7....7.....,24,classify_up_to_two,classify,true,classify_up_to_two,Unsolvable,Unsolvable,0,0,0,0,0,0,0,68177
20260421T172600Z,data/none_easy.txt,none,easy,34,...34...5.95.2...3........454...6..9..3..2.8....5......2..8.93.6.4....7....7.....,24,solve_one,first,true,classify_up_to_two,Unsolvable,Unsolvable,0,0,0,0,0,0,0,56985
20260421T172600Z,data/none_easy.txt,none,easy,34,...34...5.95.2...3........454...6..9..3..2.8....5......2..8.93.6.4....7....7.....,24,full_solve_stats,enumerate_all,true,full_solve_stats,Unsolvable,Unsolvable,0,245,13187,20382,18442,8132,113,75433
20260421T172600Z,data/none_easy.txt,none,easy,35,......76.3.4....98.69........3.8.6...1..2.....7.........7..9.84.9.3.....8...15.37,25,classify_up_to_two,classify,true,classify_up_to_two,Unsolvable,Unsolvable,0,0,0,0,0,0,0,124864
20260421T172600Z,data/none_easy.txt,none,easy,35,......76.3.4....98.69........3.8.6...1..2.....7.........7..9.84.9.3.....8...15.37,25,solve_one,first,true,classify_up_to_two,Unsolvable,Unsolvable,0,0,0,0,0,0,0,112758
20260421T172600Z,data/none_easy.txt,none,easy,35,......76.3.4....98.69........3.8.6...1..2.....7.........7..9.84.9.3.....8...15.37,25,full_solve_stats,enumerate_all,true,full_solve_stats,Unsolvable,Unsolvable,0,287,17150,24977,44009,12411,19,120743
20260421T172600Z,data/none_easy.txt,none,easy,36,257..8....9............4.6....5..74.......9..37....5.87.49.......1....3....23.61.,24,classify_up_to_two,classify,true,classify_up_to_two,Unsolvable,Unsolvable,0,0,0,0,0,0,0,41969
20260421T172600Z,data/none_easy.txt,none,easy,36,257..8....9............4.6....5..74.......9..37....5.87.49.......1....3....23.61.,24,solve_one,first,true,classify_up_to_two,Unsolvable,Unsolvable,0,0,0,0,0,0,0,37251
20260421T172600Z,data/none_easy.txt,none,easy,36,257..8....9............4.6....5..74.......9..37....5.87.49.......1....3....23.61.,24,full_solve_stats,enumerate_all,true,full_solve_stats,Unsolvable,Unsolvable,0,310,15328,17302,395,1169,23,35846
20260421T172600Z,data/none_easy.txt,none,easy,37,..7.9....3.6.4...7.........9.567.13..3...1..6.......74.4.2....1...1.....5.8..3..2,25,classify_up_to_two,classify,true,classify_up_to_two,Unsolvable,Unsolvable,0,0,0,0,0,0,0,38554
20260421T172600Z,data/none_easy.txt,none,easy,37,..7.9....3.6.4...7.........9.567.13..3...1..6.......74.4.2....1...1.....5.8..3..2,25,solve_one,first,true,classify_up_to_two,Unsolvable,Unsolvable,0,0,0,0,0,0,0,37909
20260421T172600Z,data/none_easy.txt,none,easy,37,..7.9....3.6.4...7.........9.567.13..3...1..6.......74.4.2....1...1.....5.8..3..2,25,full_solve_stats,enumerate_all,true,full_solve_stats,Unsolvable,Unsolvable,0,439,34465,16403,1332,3232,41,57790
20260421T172600Z,data/none_easy.txt,none,easy,38,6..34.5....9.5.4.8....8.....61...74....4..3.1.....6.2.1...6..5.8.4.....77....1...,26,classify_up_to_two,classify,true,classify_up_to_two,Unsolvable,Unsolvable,0,0,0,0,0,0,0,48499
20260421T172600Z,data/none_easy.txt,none,easy,38,6..34.5....9.5.4.8....8.....61...74....4..3.1.....6.2.1...6..5.8.4.....77....1...,26,solve_one,first,true,classify_up_to_two,Unsolvable,Unsolvable,0,0,0,0,0,0,0,37796
20260421T172600Z,data/none_easy.txt,none,easy,38,6..34.5....9.5.4.8....8.....61...74....4..3.1.....6.2.1...6..5.8.4.....77....1...,26,full_solve_stats,enumerate_all,true,full_solve_stats,Unsolvable,Unsolvable,0,283,14749,17319,528,1398,21,35712
20260421T172600Z,data/none_easy.txt,none,easy,39,8.369....716.5.4..4.......1....7.....35..4.7....9.6.1....1.....98.2...........32.,25,classify_up_to_two,classify,true,classify_up_to_two,Unsolvable,Unsolvable,0,0,0,0,0,0,0,43610
20260421T172600Z,data/none_easy.txt,none,easy,39,8.369....716.5.4..4.......1....7.....35..4.7....9.6.1....1.....98.2...........32.,25,solve_one,first,true,classify_up_to_two,Unsolvable,Unsolvable,0,0,0,0,0,0,0,40822
20260421T172600Z,data/none_easy.txt,none,easy,39,8.369....716.5.4..4.......1....7.....35..4.7....9.6.1....1.....98.2...........32.,25,full_solve_stats,enumerate_all,true,full_solve_stats,Unsolvable,Unsolvable,0,444,14935,16187,737,1906,56,35859
20260421T172600Z,data/none_easy.txt,none,easy,40,5..42.87.64.......3.8.....5.7...3.41...2......81...2.6.6....91....73...8.........,25,classify_up_to_two,classify,true,classify_up_to_two,Unsolvable,Unsolvable,0,0,0,0,0,0,0,45871
20260421T172600Z,data/none_easy.txt,none,easy,40,5..42.87.64.......3.8.....5.7...3.41...2......81...2.6.6....91....73...8.........,25,solve_one,first,true,classify_up_to_two,Unsolvable,Unsolvable,0,0,0,0,0,0,0,37409
20260421T172600Z,data/none_easy.txt,none,easy,40,5..42.87.64.......3.8.....5.7...3.41...2......81...2.6.6....91....73...8.........,25,full_solve_stats,enumerate_all,true,full_solve_stats,Unsolvable,Unsolvable,0,238,16112,17124,1562,3959,30,41276
20260421T172600Z,data/none_easy.txt,none,easy,41,6.43........5.62.9........73.94.8...51..............759.........2..47.1.7.5..3.6.,25,classify_up_to_two,classify,true,classify_up_to_two,Unsolvable,Unsolvable,0,0,0,0,0,0,0,45858
20260421T172600Z,data/none_easy.txt,none,easy,41,6.43........5.62.9........73.94.8...51..............759.........2..47.1.7.5..3.6.,25,solve_one,first,true,classify_up_to_two,Unsolvable,Unsolvable,0,0,0,0,0,0,0,39510
20260421T172600Z,data/none_easy.txt,none,easy,41,6.43........5.62.9........73.94.8...51..............759.........2..47.1.7.5..3.6.,25,full_solve_stats,enumerate_all,true,full_solve_stats,Unsolvable,Unsolvable,0,353,15991,18417,776,1664,28,38729
20260421T172600Z,data/none_easy.txt,none,easy,42,..9.6.....219...8..3...7.9.......154.1........7..3......3.1.6.....35.9..89.2...4.,25,classify_up_to_two,classify,true,classify_up_to_two,Unsolvable,Unsolvable,0,0,0,0,0,0,0,46896
20260421T172600Z,data/none_easy.txt,none,easy,42,..9.6.....219...8..3...7.9.......154.1........7..3......3.1.6.....35.9..89.2...4.,25,solve_one,first,true,classify_up_to_two,Unsolvable,Unsolvable,0,0,0,0,0,0,0,45413
20260421T172600Z,data/none_easy.txt,none,easy,42,..9.6.....219...8..3...7.9.......154.1........7..3......3.1.6.....35.9..89.2...4.,25,full_solve_stats,enumerate_all,true,full_solve_stats,Unsolvable,Unsolvable,0,383,16700,16264,1410,2645,29,39429
20260421T172600Z,data/none_easy.txt,none,easy,43,.6.3.21....47....37......8.2..5......1.....76...41.9.......379...8.....44..6.8.2.,26,classify_up_to_two,classify,true,classify_up_to_two,Unsolvable,Unsolvable,0,0,0,0,0,0,0,67334
20260421T172600Z,data/none_easy.txt,none,easy,43,.6.3.21....47....37......8.2..5......1.....76...41.9.......379...8.....44..6.8.2.,26,solve_one,first,true,classify_up_to_two,Unsolvable,Unsolvable,0,0,0,0,0,0,0,53577
20260421T172600Z,data/none_easy.txt,none,easy,43,.6.3.21....47....37......8.2..5......1.....76...41.9.......379...8.....44..6.8.2.,26,full_solve_stats,enumerate_all,true,full_solve_stats,Unsolvable,Unsolvable,0,345,26939,19182,873,1903,27,50971
20260421T172600Z,data/none_easy.txt,none,easy,44,4.9.2..85..7.....6.264.........4..5...5...7..8.2.9............9....321.72..71....,25,classify_up_to_two,classify,true,classify_up_to_two,Unsolvable,Unsolvable,0,0,0,0,0,0,0,95892
20260421T172600Z,data/none_easy.txt,none,easy,44,4.9.2..85..7.....6.264.........4..5...5...7..8.2.9............9....321.72..71....,25,solve_one,first,true,classify_up_to_two,Unsolvable,Unsolvable,0,0,0,0,0,0,0,99358
20260421T172600Z,data/none_easy.txt,none,easy,44,4.9.2..85..7.....6.264.........4..5...5...7..8.2.9............9....321.72..71....,25,full_solve_stats,enumerate_all,true,full_solve_stats,Unsolvable,Unsolvable,0,361,24732,19674,16768,7306,19,87842
20260421T172600Z,data/none_easy.txt,none,easy,45,.53.8..7...7.9.2.......2.1..8.....2.512...486........1....2..4..6.1.......46...3.,25,classify_up_to_two,classify,true,classify_up_to_two,Unsolvable,Unsolvable,0,0,0,0,0,0,0,40695
20260421T172600Z,data/none_easy.txt,none,easy,45,.53.8..7...7.9.2.......2.1..8.....2.512...486........1....2..4..6.1.......46...3.,25,solve_one,first,true,classify_up_to_two,Unsolvable,Unsolvable,0,0,0,0,0,0,0,34503
20260421T172600Z,data/none_easy.txt,none,easy,45,.53.8..7...7.9.2.......2.1..8.....2.512...486........1....2..4..6.1.......46...3.,25,full_solve_stats,enumerate_all,true,full_solve_stats,Unsolvable,Unsolvable,0,273,11354,15819,655,1495,26,31123
20260421T172600Z,data/none_easy.txt,none,easy,46,1..83...5.54.......6.....3..129..6..6..4....9...3.2..748.2.........1.....297.5...,26,classify_up_to_two,classify,true,classify_up_to_two,Unsolvable,Unsolvable,0,0,0,0,0,0,0,33452
20260421T172600Z,data/none_easy.txt,none,easy,46,1..83...5.54.......6.....3..129..6..6..4....9...3.2..748.2.........1.....297.5...,26,solve_one,first,true,classify_up_to_two,Unsolvable,Unsolvable,0,0,0,0,0,0,0,28194
20260421T172600Z,data/none_easy.txt,none,easy,46,1..83...5.54.......6.....3..129..6..6..4....9...3.2..748.2.........1.....297.5...,26,full_solve_stats,enumerate_all,true,full_solve_stats,Unsolvable,Unsolvable,0,176,8154,17136,1038,2216,46,30574
20260421T172600Z,data/none_easy.txt,none,easy,47,8..2..........6.7...3.9.5..4.........954...2.38.5.79..7.....2641......3......879.,26,classify_up_to_two,classify,true,classify_up_to_two,Unsolvable,Unsolvable,0,0,0,0,0,0,0,75490
20260421T172600Z,data/none_easy.txt,none,easy,47,8..2..........6.7...3.9.5..4.........954...2.38.5.79..7.....2641......3......879.,26,solve_one,first,true,classify_up_to_two,Unsolvable,Unsolvable,0,0,0,0,0,0,0,57744
20260421T172600Z,data/none_easy.txt,none,easy,47,8..2..........6.7...3.9.5..4.........954...2.38.5.79..7.....2641......3......879.,26,full_solve_stats,enumerate_all,true,full_solve_stats,Unsolvable,Unsolvable,0,291,12971,17872,11157,5315,21,58452
20260421T172600Z,data/none_easy.txt,none,easy,48,.....5...41.7.......8...2.71........9...245...7368...4.3..6.9....4.9......6....5.,24,classify_up_to_two,classify,true,classify_up_to_two,Unsolvable,Unsolvable,0,0,0,0,0,0,0,45910
20260421T172600Z,data/none_easy.txt,none,easy,48,.....5...41.7.......8...2.71........9...245...7368...4.3..6.9....4.9......6....5.,24,solve_one,first,true,classify_up_to_two,Unsolvable,Unsolvable,0,0,0,0,0,0,0,34174
20260421T172600Z,data/none_easy.txt,none,easy,48,.....5...41.7.......8...2.71........9...245...7368...4.3..6.9....4.9......6....5.,24,full_solve_stats,enumerate_all,true,full_solve_stats,Unsolvable,Unsolvable,0,380,13404,17575,440,1175,34,34218
20260421T172600Z,data/none_easy.txt,none,easy,49,....627...32.......6.....54....145.....3...9.91......8...2.36.584.5....3......8..,25,classify_up_to_two,classify,true,classify_up_to_two,Unsolvable,Unsolvable,0,0,0,0,0,0,0,41125
20260421T172600Z,data/none_easy.txt,none,easy,49,....627...32.......6.....54....145.....3...9.91......8...2.36.584.5....3......8..,25,solve_one,first,true,classify_up_to_two,Unsolvable,Unsolvable,0,0,0,0,0,0,0,34599
20260421T172600Z,data/none_easy.txt,none,easy,49,....627...32.......6.....54....145.....3...9.91......8...2.36.584.5....3......8..,25,full_solve_stats,enumerate_all,true,full_solve_stats,Unsolvable,Unsolvable,0,274,10900,14181,662,1560,22,29063
20260421T172600Z,data/none_easy.txt,none,easy,50,......68..2..7.3.4....32.....1.54..9.8.........91....7256...1.......8..5.3.74....,25,classify_up_to_two,classify,true,classify_up_to_two,Unsolvable,Unsolvable,0,0,0,0,0,0,0,41129
20260421T172600Z,data/none_easy.txt,none,easy,50,......68..2..7.3.4....32.....1.54..9.8.........91....7256...1.......8..5.3.74....,25,solve_one,first,true,classify_up_to_two,Unsolvable,Unsolvable,0,0,0,0,0,0,0,34607
20260421T172600Z,data/none_easy.txt,none,easy,50,......68..2..7.3.4....32.....1.54..9.8.........91....7256...1.......8..5.3.74....,25,full_solve_stats,enumerate_all,true,full_solve_stats,Unsolvable,Unsolvable,0,225,13405,19356,606,1279,19,36052
20260421T172600Z,data/none_easy.txt,none,easy,51,29....8.11......39...1..7..3..7....5.2..634...7..9.12.7.6..........28.6......79..,27,classify_up_to_two,classify,true,classify_up_to_two,Unsolvable,Unsolvable,0,0,0,0,0,0,0,34925
20260421T172600Z,data/none_easy.txt,none,easy,51,29....8.11......39...1..7..3..7....5.2..634...7..9.12.7.6..........28.6......79..,27,solve_one,first,true,classify_up_to_two,Unsolvable,Unsolvable,0,0,0,0,0,0,0,33302
20260421T172600Z,data/none_easy.txt,none,easy,51,29....8.11......39...1..7..3..7....5.2..634...7..9.12.7.6..........28.6......79..,27,full_solve_stats,enumerate_all,true,full_solve_stats,Unsolvable,Unsolvable,0,267,9015,15590,881,1618,27,28981
20260421T172600Z,data/none_easy.txt,none,easy,52,7..1.6.8..6.8..5...2.9.76............1......4..534...2..8........9...36.6..78....,24,classify_up_to_two,classify,true,classify_up_to_two,Unsolvable,Unsolvable,0,0,0,0,0,0,0,69609
20260421T172600Z,data/none_easy.txt,none,easy,52,7..1.6.8..6.8..5...2.9.76............1......4..534...2..8........9...36.6..78....,24,solve_one,first,true,classify_up_to_two,Unsolvable,Unsolvable,0,0,0,0,0,0,0,51798
20260421T172600Z,data/none_easy.txt,none,easy,52,7..1.6.8..6.8..5...2.9.76............1......4..534...2..8........9...36.6..78....,24,full_solve_stats,enumerate_all,true,full_solve_stats,Unsolvable,Unsolvable,0,217,8062,19366,12655,5156,20,55752
20260421T172600Z,data/none_easy.txt,none,easy,53,......5...47...8.2.8...9.1......52977...3...1.1.48..5...6..3...894...7........9..,26,classify_up_to_two,classify,true,classify_up_to_two,Unsolvable,Unsolvable,0,0,0,0,0,0,0,54640
20260421T172600Z,data/none_easy.txt,none,easy,53,......5...47...8.2.8...9.1......52977...3...1.1.48..5...6..3...894...7........9..,26,solve_one,first,true,classify_up_to_two,Unsolvable,Unsolvable,0,0,0,0,0,0,0,45856
20260421T172600Z,data/none_easy.txt,none,easy,53,......5...47...8.2.8...9.1......52977...3...1.1.48..5...6..3...894...7........9..,26,full_solve_stats,enumerate_all,true,full_solve_stats,Unsolvable,Unsolvable,0,353,23644,13968,2559,2584,26,49767
20260421T172600Z,data/none_easy.txt,none,easy,54,...2...7.....98.6.97......4.2......93...4.....9..5.4....29.5..7.....78..8..3..25.,25,classify_up_to_two,classify,true,classify_up_to_two,Unsolvable,Unsolvable,0,0,0,0,0,0,0,42385
20260421T172600Z,data/none_easy.txt,none,easy,54,...2...7.....98.6.97......4.2......93...4.....9..5.4....29.5..7.....78..8..3..25.,25,solve_one,first,true,classify_up_to_two,Unsolvable,Unsolvable,0,0,0,0,0,0,0,36111
20260421T172600Z,data/none_easy.txt,none,easy,54,...2...7.....98.6.97......4.2......93...4.....9..5.4....29.5..7.....78..8..3..25.,25,full_solve_stats,enumerate_all,true,full_solve_stats,Unsolvable,Unsolvable,0,251,13537,17306,2863,4438,42,41082
20260421T172600Z,data/none_easy.txt,none,easy,55,7..68.....48..5...2...31.5..1.9...2.......543.75.....1......3.4..3...1..9..7.....,25,classify_up_to_two,classify,true,classify_up_to_two,Unsolvable,Unsolvable,0,0,0,0,0,0,0,78544
20260421T172600Z,data/none_easy.txt,none,easy,55,7..68.....48..5...2...31.5..1.9...2.......543.75.....1......3.4..3...1..9..7.....,25,solve_one,first,true,classify_up_to_two,Unsolvable,Unsolvable,0,0,0,0,0,0,0,58589
20260421T172600Z,data/none_easy.txt,none,easy,55,7..68.....48..5...2...31.5..1.9...2.......543.75.....1......3.4..3...1..9..7.....,25,full_solve_stats,enumerate_all,true,full_solve_stats,Unsolvable,Unsolvable,0,389,23831,18565,7063,5431,28,63314
20260421T172600Z,data/none_easy.txt,none,easy,56,.8.6.4.13..21...4...1.3.......978..2......7.......2.5...64...2...5.8.9...372....4,27,classify_up_to_two,classify,true,classify_up_to_two,Unsolvable,Unsolvable,0,0,0,0,0,0,0,104233
20260421T172600Z,data/none_easy.txt,none,easy,56,.8.6.4.13..21...4...1.3.......978..2......7.......2.5...64...2...5.8.9...372....4,27,solve_one,first,true,classify_up_to_two,Unsolvable,Unsolvable,0,0,0,0,0,0,0,88595
20260421T172600Z,data/none_easy.txt,none,easy,56,.8.6.4.13..21...4...1.3.......978..2......7.......2.5...64...2...5.8.9...372....4,27,full_solve_stats,enumerate_all,true,full_solve_stats,Unsolvable,Unsolvable,0,426,34486,17535,16034,8119,29,90037
20260421T172600Z,data/none_easy.txt,none,easy,57,..2.9...56...1.....1....9..8.1.......56..4..2.7.1.658......9..47...4..5..48....27,27,classify_up_to_two,classify,true,classify_up_to_two,Unsolvable,Unsolvable,0,0,0,0,0,0,0,97443
20260421T172600Z,data/none_easy.txt,none,easy,57,..2.9...56...1.....1....9..8.1.......56..4..2.7.1.658......9..47...4..5..48....27,27,solve_one,first,true,classify_up_to_two,Unsolvable,Unsolvable,0,0,0,0,0,0,0,87764
20260421T172600Z,data/none_easy.txt,none,easy,57,..2.9...56...1.....1....9..8.1.......56..4..2.7.1.658......9..47...4..5..48....27,27,full_solve_stats,enumerate_all,true,full_solve_stats,Unsolvable,Unsolvable,0,439,35426,20880,23288,11445,28,103962
20260421T172600Z,data/none_easy.txt,none,easy,58,..5.243...8..1....2.3...95........2.8...4.6.7...8.359....4.2.1...9..7.......5.4..,26,classify_up_to_two,classify,true,classify_up_to_two,Unsolvable,Unsolvable,0,0,0,0,0,0,0,42883
20260421T172600Z,data/none_easy.txt,none,easy,58,..5.243...8..1....2.3...95........2.8...4.6.7...8.359....4.2.1...9..7.......5.4..,26,solve_one,first,true,classify_up_to_two,Unsolvable,Unsolvable,0,0,0,0,0,0,0,37119
20260421T172600Z,data/none_easy.txt,none,easy,58,..5.243...8..1....2.3...95........2.8...4.6.7...8.359....4.2.1...9..7.......5.4..,26,full_solve_stats,enumerate_all,true,full_solve_stats,Unsolvable,Unsolvable,0,333,11582,13619,621,1840,42,29745
20260421T172600Z,data/none_easy.txt,none,easy,59,........4.74....3961.5.......84.1..79.5..7.1...28.......793...8....8......6.759.1,28,classify_up_to_two,classify,true,classify_up_to_two,Unsolvable,Unsolvable,0,0,0,0,0,0,0,55364
20260421T172600Z,data/none_easy.txt,none,easy,59,........4.74....3961.5.......84.1..79.5..7.1...28.......793...8....8......6.759.1,28,solve_one,first,true,classify_up_to_two,Unsolvable,Unsolvable,0,0,0,0,0,0,0,39506
20260421T172600Z,data/none_easy.txt,none,easy,59,........4.74....3961.5.......84.1..79.5..7.1...28.......793...8....8......6.759.1,28,full_solve_stats,enumerate_all,true,full_solve_stats,Unsolvable,Unsolvable,0,315,6990,15546,9423,5650,26,50229
20260421T172600Z,data/none_easy.txt,none,easy,60,9.3.5......6..2..........29...6.7...8.2...34.79....5..5.....6.3...39.4.1......7..,24,classify_up_to_two,classify,true,classify_up_to_two,Unsolvable,Unsolvable,0,0,0,0,0,0,0,45949
20260421T172600Z,data/none_easy.txt,none,easy,60,9.3.5......6..2..........29...6.7...8.2...34.79....5..5.....6.3...39.4.1......7..,24,solve_one,first,true,classify_up_to_two,Unsolvable,Unsolvable,0,0,0,0,0,0,0,37811
20260421T172600Z,data/none_easy.txt,none,easy,60,9.3.5......6..2..........29...6.7...8.2...34.79....5..5.....6.3...39.4.1......7..,24,full_solve_stats,enumerate_all,true,full_solve_stats,Unsolvable,Unsolvable,0,320,16737,15387,799,1820,24,36657
20260421T172600Z,data/none_easy.txt,none,easy,61,....2.3..4.3.9...7.....69.4.3...9.62214...85..8...3..........1.8...6....1..8.4...,26,classify_up_to_two,classify,true,classify_up_to_two,Unsolvable,Unsolvable,0,0,0,0,0,0,0,42225
20260421T172600Z,data/none_easy.txt,none,easy,61,....2.3..4.3.9...7.....69.4.3...9.62214...85..8...3..........1.8...6....1..8.4...,26,solve_one,first,true,classify_up_to_two,Unsolvable,Unsolvable,0,0,0,0,0,0,0,33559
20260421T172600Z,data/none_easy.txt,none,easy,61,....2.3..4.3.9...7.....69.4.3...9.62214...85..8...3..........1.8...6....1..8.4...,26,full_solve_stats,enumerate_all,true,full_solve_stats,Unsolvable,Unsolvable,0,235,11982,15537,307,969,20,29966
20260421T172600Z,data/none_easy.txt,none,easy,62,8.21...5......2..4.31....9.........5...6.92.8.4..1......4..86..7..9.....6.3.2.9..,25,classify_up_to_two,classify,true,classify_up_to_two,Unsolvable,Unsolvable,0,0,0,0,0,0,0,57521
20260421T172600Z,data/none_easy.txt,none,easy,62,8.21...5......2..4.31....9.........5...6.92.8.4..1......4..86..7..9.....6.3.2.9..,25,solve_one,first,true,classify_up_to_two,Unsolvable,Unsolvable,0,0,0,0,0,0,0,44525
20260421T172600Z,data/none_easy.txt,none,easy,62,8.21...5......2..4.31....9.........5...6.92.8.4..1......4..86..7..9.....6.3.2.9..,25,full_solve_stats,enumerate_all,true,full_solve_stats,Unsolvable,Unsolvable,0,218,22053,12926,772,1716,19,39210
20260421T172600Z,data/none_easy.txt,none,easy,63,...6....3..617.....24....5.5.3..1..2.8...6..42....9.....1.....5....574.9......32.,25,classify_up_to_two,classify,true,classify_up_to_two,Unsolvable,Unsolvable,0,0,0,0,0,0,0,76778
20260421T172600Z,data/none_easy.txt,none,easy,63,...6....3..617.....24....5.5.3..1..2.8...6..42....9.....1.....5....574.9......32.,25,solve_one,first,true,classify_up_to_two,Unsolvable,Unsolvable,0,0,0,0,0,0,0,58317
20260421T172600Z,data/none_easy.txt,none,easy,63,...6....3..617.....24....5.5.3..1..2.8...6..42....9.....1.....5....574.9......32.,25,full_solve_stats,enumerate_all,true,full_solve_stats,Unsolvable,Unsolvable,0,240,8442,18528,16229,8274,20,66975
20260421T172600Z,data/none_easy.txt,none,easy,64,..14573....7.916....3....2.7....9.4........8126..........3.67.......8.....6.75...,25,classify_up_to_two,classify,true,classify_up_to_two,Unsolvable,Unsolvable,0,0,0,0,0,0,0,37167
20260421T172600Z,data/none_easy.txt,none,easy,64,..14573....7.916....3....2.7....9.4........8126..........3.67.......8.....6.75...,25,solve_one,first,true,classify_up_to_two,Unsolvable,Unsolvable,0,0,0,0,0,0,0,32191
20260421T172600Z,data/none_easy.txt,none,easy,64,..14573....7.916....3....2.7....9.4........8126..........3.67.......8.....6.75...,25,full_solve_stats,enumerate_all,true,full_solve_stats,Unsolvable,Unsolvable,0,281,11459,16940,301,876,19,30801
20260421T172600Z,data/none_easy.txt,none,easy,65,.4...25.3......72......4.9..57...1....6813.5.2.46.....87..3.9...6.5.9...5...2....,28,classify_up_to_two,classify,true,classify_up_to_two,Unsolvable,Unsolvable,0,0,0,0,0,0,0,40691
20260421T172600Z,data/none_easy.txt,none,easy,65,.4...25.3......72......4.9..57...1....6813.5.2.46.....87..3.9...6.5.9...5...2....,28,solve_one,first,true,classify_up_to_two,Unsolvable,Unsolvable,0,0,0,0,0,0,0,33338
20260421T172600Z,data/none_easy.txt,none,easy,65,.4...25.3......72......4.9..57...1....6813.5.2.46.....87..3.9...6.5.9...5...2....,28,full_solve_stats,enumerate_all,true,full_solve_stats,Unsolvable,Unsolvable,0,235,13703,15691,560,1391,25,33025
20260421T172600Z,data/none_easy.txt,none,easy,66,.....4.519..7.........5..8....4.2..65...3..1.12.........1.6..9.294...7...8......5,24,classify_up_to_two,classify,true,classify_up_to_two,Unsolvable,Unsolvable,0,0,0,0,0,0,0,44693
20260421T172600Z,data/none_easy.txt,none,easy,66,.....4.519..7.........5..8....4.2..65...3..1.12.........1.6..9.294...7...8......5,24,solve_one,first,true,classify_up_to_two,Unsolvable,Unsolvable,0,0,0,0,0,0,0,35658
20260421T172600Z,data/none_easy.txt,none,easy,66,.....4.519..7.........5..8....4.2..65...3..1.12.........1.6..9.294...7...8......5,24,full_solve_stats,enumerate_all,true,full_solve_stats,Unsolvable,Unsolvable,0,264,14434,12802,959,1830,42,31896
20260421T172600Z,data/none_easy.txt,none,easy,67,.36..87....1....285.2......42.6.....359..........459.....98.........71..1.3....7.,25,classify_up_to_two,classify,true,classify_up_to_two,Unsolvable,Unsolvable,0,0,0,0,0,0,0,56227
20260421T172600Z,data/none_easy.txt,none,easy,67,.36..87....1....285.2......42.6.....359..........459.....98.........71..1.3....7.,25,solve_one,first,true,classify_up_to_two,Unsolvable,Unsolvable,0,0,0,0,0,0,0,42546
20260421T172600Z,data/none_easy.txt,none,easy,67,.36..87....1....285.2......42.6.....359..........459.....98.........71..1.3....7.,25,full_solve_stats,enumerate_all,true,full_solve_stats,Unsolvable,Unsolvable,0,275,17167,14827,3203,3011,36,47030
20260421T172600Z,data/none_easy.txt,none,easy,68,...1....44.2....7.6...39....2.....93..1..8.........4...8..5.9....5.7..81...2...36,24,classify_up_to_two,classify,true,classify_up_to_two,Unsolvable,Unsolvable,0,0,0,0,0,0,0,57547
20260421T172600Z,data/none_easy.txt,none,easy,68,...1....44.2....7.6...39....2.....93..1..8.........4...8..5.9....5.7..81...2...36,24,solve_one,first,true,classify_up_to_two,Unsolvable,Unsolvable,0,0,0,0,0,0,0,42887
20260421T172600Z,data/none_easy.txt,none,easy,68,...1....44.2....7.6...39....2.....93..1..8.........4...8..5.9....5.7..81...2...36,24,full_solve_stats,enumerate_all,true,full_solve_stats,Unsolvable,Unsolvable,0,322,11151,15002,6624,4691,20,44506
20260421T172600Z,data/none_easy.txt,none,easy,69,..1...738....57....6.......5..1.86....9.6.8....854..7...5..14...3.....1...7.3..5.,26,classify_up_to_two,classify,true,classify_up_to_two,Unsolvable,Unsolvable,0,0,0,0,0,0,0,37850
20260421T172600Z,data/none_easy.txt,none,easy,69,..1...738....57....6.......5..1.86....9.6.8....854..7...5..14...3.....1...7.3..5.,26,solve_one,first,true,classify_up_to_two,Unsolvable,Unsolvable,0,0,0,0,0,0,0,32717
20260421T172600Z,data/none_easy.txt,none,easy,69,..1...738....57....6.......5..1.86....9.6.8....854..7...5..14...3.....1...7.3..5.,26,full_solve_stats,enumerate_all,true,full_solve_stats,Unsolvable,Unsolvable,0,279,11185,16865,554,1568,28,31774
20260421T172600Z,data/none_easy.txt,none,easy,70,2...561...7...86..6....4....56..7.2..9.8.5.4...7.3....1.8....94..5.....8........1,26,classify_up_to_two,classify,true,classify_up_to_two,Unsolvable,Unsolvable,0,0,0,0,0,0,0,45667
20260421T172600Z,data/none_easy.txt,none,easy,70,2...561...7...86..6....4....56..7.2..9.8.5.4...7.3....1.8....94..5.....8........1,26,solve_one,first,true,classify_up_to_two,Unsolvable,Unsolvable,0,0,0,0,0,0,0,38701
20260421T172600Z,data/none_easy.txt,none,easy,70,2...561...7...86..6....4....56..7.2..9.8.5.4...7.3....1.8....94..5.....8........1,26,full_solve_stats,enumerate_all,true,full_solve_stats,Unsolvable,Unsolvable,0,314,19998,12356,748,1699,25,36589
20260421T172600Z,data/none_easy.txt,none,easy,71,.....28451...8....34.........721....6..7..9....5..9.1381...6.....9.7...8.......34,26,classify_up_to_two,classify,true,classify_up_to_two,Unsolvable,Unsolvable,0,0,0,0,0,0,0,44187
20260421T172600Z,data/none_easy.txt,none,easy,71,.....28451...8....34.........721....6..7..9....5..9.1381...6.....9.7...8.......34,26,solve_one,first,true,classify_up_to_two,Unsolvable,Unsolvable,0,0,0,0,0,0,0,37279
20260421T172600Z,data/none_easy.txt,none,easy,71,.....28451...8....34.........721....6..7..9....5..9.1381...6.....9.7...8.......34,26,full_solve_stats,enumerate_all,true,full_solve_stats,Unsolvable,Unsolvable,0,240,14235,19105,1471,2718,41,39739
20260421T172600Z,data/none_easy.txt,none,easy,72,1..........3.9......64..7....9...2.37..1..9..5.....1.4...8.1.37...7....2..2.49.5.,25,classify_up_to_two,classify,true,classify_up_to_two,Unsolvable,Unsolvable,0,0,0,0,0,0,0,76015
20260421T172600Z,data/none_easy.txt,none,easy,72,1..........3.9......64..7....9...2.37..1..9..5.....1.4...8.1.37...7....2..2.49.5.,25,solve_one,first,true,classify_up_to_two,Unsolvable,Unsolvable,0,0,0,0,0,0,0,64538
20260421T172600Z,data/none_easy.txt,none,easy,72,1..........3.9......64..7....9...2.37..1..9..5.....1.4...8.1.37...7....2..2.49.5.,25,full_solve_stats,enumerate_all,true,full_solve_stats,Unsolvable,Unsolvable,0,406,35503,19100,3539,3693,30,66816
20260421T172600Z,data/none_easy.txt,none,easy,73,.9.3....6..6..1.3.1.....59..64............2..2..483....87..6..5....9..7.94.1.5...,26,classify_up_to_two,classify,true,classify_up_to_two,Unsolvable,Unsolvable,0,0,0,0,0,0,0,88901
20260421T172600Z,data/none_easy.txt,none,easy,73,.9.3....6..6..1.3.1.....59..64............2..2..483....87..6..5....9..7.94.1.5...,26,solve_one,first,true,classify_up_to_two,Unsolvable,Unsolvable,0,0,0,0,0,0,0,84320
20260421T172600Z,data/none_easy.txt,none,easy,73,.9.3....6..6..1.3.1.....59..64............2..2..483....87..6..5....9..7.94.1.5...,26,full_solve_stats,enumerate_all,true,full_solve_stats,Unsolvable,Unsolvable,0,416,42504,19529,11531,6221,28,89518
20260421T172600Z,data/none_easy.txt,none,easy,74,...3.65.1...5....6..89...2.....6.7.....8....4296.1....9.2.....5.7..346...3.1.....,26,classify_up_to_two,classify,true,classify_up_to_two,Unsolvable,Unsolvable,0,0,0,0,0,0,0,109384
20260421T172600Z,data/none_easy.txt,none,easy,74,...3.65.1...5....6..89...2.....6.7.....8....4296.1....9.2.....5.7..346...3.1.....,26,solve_one,first,true,classify_up_to_two,Unsolvable,Unsolvable,0,0,0,0,0,0,0,100178
20260421T172600Z,data/none_easy.txt,none,easy,74,...3.65.1...5....6..89...2.....6.7.....8....4296.1....9.2.....5.7..346...3.1.....,26,full_solve_stats,enumerate_all,true,full_solve_stats,Unsolvable,Unsolvable,0,443,29014,24323,26520,14704,44,113569
20260421T172600Z,data/none_easy.txt,none,easy,75,14...273.8...4......3876.........3.....468.......9.54........155...2.6...7..81...,26,classify_up_to_two,classify,true,classify_up_to_two,Unsolvable,Unsolvable,0,0,0,0,0,0,0,62210
20260421T172600Z,data/none_easy.txt,none,easy,75,14...273.8...4......3876.........3.....468.......9.54........155...2.6...7..81...,26,solve_one,first,true,classify_up_to_two,Unsolvable,Unsolvable,0,0,0,0,0,0,0,57204
20260421T172600Z,data/none_easy.txt,none,easy,75,14...273.8...4......3876.........3.....468.......9.54........155...2.6...7..81...,26,full_solve_stats,enumerate_all,true,full_solve_stats,Unsolvable,Unsolvable,0,445,41679,20394,1099,2290,31,68058
20260421T172600Z,data/none_easy.txt,none,easy,76,....7..85.....4..3.4..86...2..63...89...1....1....23...92.......5....4..8...61.5.,25,classify_up_to_two,classify,true,classify_up_to_two,Unsolvable,Unsolvable,0,0,0,0,0,0,0,79080
20260421T172600Z,data/none_easy.txt,none,easy,76,....7..85.....4..3.4..86...2..63...89...1....1....23...92.......5....4..8...61.5.,25,solve_one,first,true,classify_up_to_two,Unsolvable,Unsolvable,0,0,0,0,0,0,0,72887
20260421T172600Z,data/none_easy.txt,none,easy,76,....7..85.....4..3.4..86...2..63...89...1....1....23...92.......5....4..8...61.5.,25,full_solve_stats,enumerate_all,true,full_solve_stats,Unsolvable,Unsolvable,0,428,17433,21781,22398,8434,30,86777
20260421T172600Z,data/none_easy.txt,none,easy,77,9....8..3.4.25......216..8........5.1.76.....8...21...68.....2.........4.39...5.7,25,classify_up_to_two,classify,true,classify_up_to_two,Unsolvable,Unsolvable,0,0,0,0,0,0,0,92416
20260421T172600Z,data/none_easy.txt,none,easy,77,9....8..3.4.25......216..8........5.1.76.....8...21...68.....2.........4.39...5.7,25,solve_one,first,true,classify_up_to_two,Unsolvable,Unsolvable,0,0,0,0,0,0,0,83359
20260421T172600Z,data/none_easy.txt,none,easy,77,9....8..3.4.25......216..8........5.1.76.....8...21...68.....2.........4.39...5.7,25,full_solve_stats,enumerate_all,true,full_solve_stats,Unsolvable,Unsolvable,0,395,57916,19635,1248,2110,27,83139
20260421T172600Z,data/none_easy.txt,none,easy,78,..5....74....5....3...9...19......5.....6318.........2..9..1...1..42.3.6.7.8..21.,25,classify_up_to_two,classify,true,classify_up_to_two,Unsolvable,Unsolvable,0,0,0,0,0,0,0,204371
20260421T172600Z,data/none_easy.txt,none,easy,78,..5....74....5....3...9...19......5.....6318.........2..9..1...1..42.3.6.7.8..21.,25,solve_one,first,true,classify_up_to_two,Unsolvable,Unsolvable,0,0,0,0,0,0,0,146674
20260421T172600Z,data/none_easy.txt,none,easy,78,..5....74....5....3...9...19......5.....6318.........2..9..1...1..42.3.6.7.8..21.,25,full_solve_stats,enumerate_all,true,full_solve_stats,Unsolvable,Unsolvable,0,252,10702,17205,65345,24283,20,148677
20260421T172600Z,data/none_easy.txt,none,easy,79,....4.25..3...6.84.42..3....8.3..9..72.........16........7.9.....5....49..75...3.,25,classify_up_to_two,classify,true,classify_up_to_two,Unsolvable,Unsolvable,0,0,0,0,0,0,0,45464
20260421T172600Z,data/none_easy.txt,none,easy,79,....4.25..3...6.84.42..3....8.3..9..72.........16........7.9.....5....49..75...3.,25,solve_one,first,true,classify_up_to_two,Unsolvable,Unsolvable,0,0,0,0,0,0,0,39555
20260421T172600Z,data/none_easy.txt,none,easy,79,....4.25..3...6.84.42..3....8.3..9..72.........16........7.9.....5....49..75...3.,25,full_solve_stats,enumerate_all,true,full_solve_stats,Unsolvable,Unsolvable,0,271,14599,15856,615,1552,24,34506
20260421T172600Z,data/none_easy.txt,none,easy,80,.186......9...1.7.5.7..3.42..9.......4.1..3........28................1.7.5346.8..,24,classify_up_to_two,classify,true,classify_up_to_two,Unsolvable,Unsolvable,0,0,0,0,0,0,0,81959
20260421T172600Z,data/none_easy.txt,none,easy,80,.186......9...1.7.5.7..3.42..9.......4.1..3........28................1.7.5346.8..,24,solve_one,first,true,classify_up_to_two,Unsolvable,Unsolvable,0,0,0,0,0,0,0,68163
20260421T172600Z,data/none_easy.txt,none,easy,80,.186......9...1.7.5.7..3.42..9.......4.1..3........28................1.7.5346.8..,24,full_solve_stats,enumerate_all,true,full_solve_stats,Unsolvable,Unsolvable,0,192,9453,28370,22690,8297,19,87799
20260421T172600Z,data/none_easy.txt,none,easy,81,3...2...7....86....1.9..3..4...7.16......3....2.1..8.5......74........81.9.85....,24,classify_up_to_two,classify,true,classify_up_to_two,Unsolvable,Unsolvable,0,0,0,0,0,0,0,42221
20260421T172600Z,data/none_easy.txt,none,easy,81,3...2...7....86....1.9..3..4...7.16......3....2.1..8.5......74........81.9.85....,24,solve_one,first,true,classify_up_to_two,Unsolvable,Unsolvable,0,0,0,0,0,0,0,32376
20260421T172600Z,data/none_easy.txt,none,easy,81,3...2...7....86....1.9..3..4...7.16......3....2.1..8.5......74........81.9.85....,24,full_solve_stats,enumerate_all,true,full_solve_stats,Unsolvable,Unsolvable,0,245,12562,16030,694,1646,26,32771
20260421T172600Z,data/none_easy.txt,none,easy,82,8..6....9.....12.83.15...7.27.....6..68.4..........4.7.......84......9..9...8.1.5,25,classify_up_to_two,classify,true,classify_up_to_two,Unsolvable,Unsolvable,0,0,0,0,0,0,0,44723
20260421T172600Z,data/none_easy.txt,none,easy,82,8..6....9.....12.83.15...7.27.....6..68.4..........4.7.......84......9..9...8.1.5,25,solve_one,first,true,classify_up_to_two,Unsolvable,Unsolvable,0,0,0,0,0,0,0,37952
20260421T172600Z,data/none_easy.txt,none,easy,82,8..6....9.....12.83.15...7.27.....6..68.4..........4.7.......84......9..9...8.1.5,25,full_solve_stats,enumerate_all,true,full_solve_stats,Unsolvable,Unsolvable,0,300,17491,14843,567,1432,21,35947
20260421T172600Z,data/none_easy.txt,none,easy,83,...3..9.5..6.......8.2....3..1.3.8..2.........6.79.1..1..9.3.54.3..8...2...41....,25,classify_up_to_two,classify,true,classify_up_to_two,Unsolvable,Unsolvable,0,0,0,0,0,0,0,45429
20260421T172600Z,data/none_easy.txt,none,easy,83,...3..9.5..6.......8.2....3..1.3.8..2.........6.79.1..1..9.3.54.3..8...2...41....,25,solve_one,first,true,classify_up_to_two,Unsolvable,Unsolvable,0,0,0,0,0,0,0,37782
20260421T172600Z,data/none_easy.txt,none,easy,83,...3..9.5..6.......8.2....3..1.3.8..2.........6.79.1..1..9.3.54.3..8...2...41....,25,full_solve_stats,enumerate_all,true,full_solve_stats,Unsolvable,Unsolvable,0,310,14209,18061,1007,2136,21,37417
20260421T172600Z,data/none_easy.txt,none,easy,84,2.....1764....9...63.5........362..1.....1..8....4..5....7..8...2..3.....8.....4.,23,classify_up_to_two,classify,true,classify_up_to_two,Unsolvable,Unsolvable,0,0,0,0,0,0,0,67673
20260421T172600Z,data/none_easy.txt,none,easy,84,2.....1764....9...63.5........362..1.....1..8....4..5....7..8...2..3.....8.....4.,23,solve_one,first,true,classify_up_to_two,Unsolvable,Unsolvable,0,0,0,0,0,0,0,52374
20260421T172600Z,data/none_easy.txt,none,easy,84,2.....1764....9...63.5........362..1.....1..8....4..5....7..8...2..3.....8.....4.,23,full_solve_stats,enumerate_all,true,full_solve_stats,Unsolvable,Unsolvable,0,164,9582,16083,13637,5854,21,59574
20260421T172600Z,data/none_easy.txt,none,easy,85,..1..3.........8.52..8941....82..4...1...7.5..425..7.1......2..9.7.....4...7.6..3,27,classify_up_to_two,classify,true,classify_up_to_two,Unsolvable,Unsolvable,0,0,0,0,0,0,0,42034
20260421T172600Z,data/none_easy.txt,none,easy,85,..1..3.........8.52..8941....82..4...1...7.5..425..7.1......2..9.7.....4...7.6..3,27,solve_one,first,true,classify_up_to_two,Unsolvable,Unsolvable,0,0,0,0,0,0,0,31468
20260421T172600Z,data/none_easy.txt,none,easy,85,..1..3.........8.52..8941....82..4...1...7.5..425..7.1......2..9.7.....4...7.6..3,27,full_solve_stats,enumerate_all,true,full_solve_stats,Unsolvable,Unsolvable,0,193,10640,14278,739,1597,38,29201
20260421T172600Z,data/none_easy.txt,none,easy,86,......536....7.......6...8..9.5.8.6...1.3......3794..19..8.....53...14.7..7..9.1.,27,classify_up_to_two,classify,true,classify_up_to_two,Unsolvable,Unsolvable,0,0,0,0,0,0,0,41529
20260421T172600Z,data/none_easy.txt,none,easy,86,......536....7.......6...8..9.5.8.6...1.3......3794..19..8.....53...14.7..7..9.1.,27,solve_one,first,true,classify_up_to_two,Unsolvable,Unsolvable,0,0,0,0,0,0,0,33347
20260421T172600Z,data/none_easy.txt,none,easy,86,......536....7.......6...8..9.5.8.6...1.3......3794..19..8.....53...14.7..7..9.1.,27,full_solve_stats,enumerate_all,true,full_solve_stats,Unsolvable,Unsolvable,0,224,12744,18625,590,1493,23,35120
20260421T172600Z,data/none_easy.txt,none,easy,87,4.5.6...713...4......9..8...7823...1......3.8..1....9..........21.67......6...53.,25,classify_up_to_two,classify,true,classify_up_to_two,Unsolvable,Unsolvable,0,0,0,0,0,0,0,41853
20260421T172600Z,data/none_easy.txt,none,easy,87,4.5.6...713...4......9..8...7823...1......3.8..1....9..........21.67......6...53.,25,solve_one,first,true,classify_up_to_two,Unsolvable,Unsolvable,0,0,0,0,0,0,0,36415
20260421T172600Z,data/none_easy.txt,none,easy,87,4.5.6...713...4......9..8...7823...1......3.8..1....9..........21.67......6...53.,25,full_solve_stats,enumerate_all,true,full_solve_stats,Unsolvable,Unsolvable,0,296,12565,17539,683,1641,22,34034
20260421T172600Z,data/none_easy.txt,none,easy,88,..1.97..4......6........52.3...1894...7.....3.4........2...4.5...6.3..1..7.6..3.2,25,classify_up_to_two,classify,true,classify_up_to_two,Unsolvable,Unsolvable,0,0,0,0,0,0,0,47230
20260421T172600Z,data/none_easy.txt,none,easy,88,..1.97..4......6........52.3...1894...7.....3.4........2...4.5...6.3..1..7.6..3.2,25,solve_one,first,true,classify_up_to_two,Unsolvable,Unsolvable,0,0,0,0,0,0,0,36063
20260421T172600Z,data/none_easy.txt,none,easy,88,..1.97..4......6........52.3...1894...7.....3.4........2...4.5...6.3..1..7.6..3.2,25,full_solve_stats,enumerate_all,true,full_solve_stats,Unsolvable,Unsolvable,0,237,9369,13932,3504,3114,21,37981
20260421T172600Z,data/none_easy.txt,none,easy,89,.6...95.2..4....3.83...2.6.......2.99.....8......4....5.6.2..4...36.........7.3..,23,classify_up_to_two,classify,true,classify_up_to_two,Unsolvable,Unsolvable,0,0,0,0,0,0,0,53752
20260421T172600Z,data/none_easy.txt,none,easy,89,.6...95.2..4....3.83...2.6.......2.99.....8......4....5.6.2..4...36.........7.3..,23,solve_one,first,true,classify_up_to_two,Unsolvable,Unsolvable,0,0,0,0,0,0,0,40655
20260421T172600Z,data/none_easy.txt,none,easy,89,.6...95.2..4....3.83...2.6.......2.99.....8......4....5.6.2..4...36.........7.3..,23,full_solve_stats,enumerate_all,true,full_solve_stats,Unsolvable,Unsolvable,0,235,12085,14863,6185,5015,25,44739
20260421T172600Z,data/none_easy.txt,none,easy,90,...3.......5...9..68.9.4.1.....6.7...2..9.68.1.3....2...415..6...2.........437...,25,classify_up_to_two,classify,true,classify_up_to_two,Unsolvable,Unsolvable,0,0,0,0,0,0,0,46088
20260421T172600Z,data/none_easy.txt,none,easy,90,...3.......5...9..68.9.4.1.....6.7...2..9.68.1.3....2...415..6...2.........437...,25,solve_one,first,true,classify_up_to_two,Unsolvable,Unsolvable,0,0,0,0,0,0,0,39774
20260421T172600Z,data/none_easy.txt,none,easy,90,...3.......5...9..68.9.4.1.....6.7...2..9.68.1.3....2...415..6...2.........437...,25,full_solve_stats,enumerate_all,true,full_solve_stats,Unsolvable,Unsolvable,0,336,18938,14363,562,1446,22,37009
20260421T172600Z,data/none_easy.txt,none,easy,91,.7.2...3...6..85......6.8....5872......1......3....7...13.....6.4.3...9.5.79..4..,25,classify_up_to_two,classify,true,classify_up_to_two,Unsolvable,Unsolvable,0,0,0,0,0,0,0,54788
20260421T172600Z,data/none_easy.txt,none,easy,91,.7.2...3...6..85......6.8....5872......1......3....7...13.....6.4.3...9.5.79..4..,25,solve_one,first,true,classify_up_to_two,Unsolvable,Unsolvable,0,0,0,0,0,0,0,40486
20260421T172600Z,data/none_easy.txt,none,easy,91,.7.2...3...6..85......6.8....5872......1......3....7...13.....6.4.3...9.5.79..4..,25,full_solve_stats,enumerate_all,true,full_solve_stats,Unsolvable,Unsolvable,0,321,12228,14511,5945,4076,28,43317
20260421T172600Z,data/none_easy.txt,none,easy,92,.84...5...2..56....3....1....5.....7......2.9.712.43.....3......1.57....4.....98.,24,classify_up_to_two,classify,true,classify_up_to_two,Unsolvable,Unsolvable,0,0,0,0,0,0,0,69469
20260421T172600Z,data/none_easy.txt,none,easy,92,.84...5...2..56....3....1....5.....7......2.9.712.43.....3......1.57....4.....98.,24,solve_one,first,true,classify_up_to_two,Unsolvable,Unsolvable,0,0,0,0,0,0,0,67947
20260421T172600Z,data/none_easy.txt,none,easy,92,.84...5...2..56....3....1....5.....7......2.9.712.43.....3......1.57....4.....98.,24,full_solve_stats,enumerate_all,true,full_solve_stats,Unsolvable,Unsolvable,0,487,43638,21804,9293,5875,90,86072
20260421T172600Z,data/none_easy.txt,none,easy,93,.47..123..........83.5....7....5....4.3..91...8....4.36...8....5...46.9...819....,26,classify_up_to_two,classify,true,classify_up_to_two,Unsolvable,Unsolvable,0,0,0,0,0,0,0,44937
20260421T172600Z,data/none_easy.txt,none,easy,93,.47..123..........83.5....7....5....4.3..91...8....4.36...8....5...46.9...819....,26,solve_one,first,true,classify_up_to_two,Unsolvable,Unsolvable,0,0,0,0,0,0,0,35317
20260421T172600Z,data/none_easy.txt,none,easy,93,.47..123..........83.5....7....5....4.3..91...8....4.36...8....5...46.9...819....,26,full_solve_stats,enumerate_all,true,full_solve_stats,Unsolvable,Unsolvable,0,298,13359,14602,922,1958,31,32968
20260421T172600Z,data/none_easy.txt,none,easy,94,..5.1.28.....76.1......4.536........2...685......4...8...3...26........9..4..23..,24,classify_up_to_two,classify,true,classify_up_to_two,Unsolvable,Unsolvable,0,0,0,0,0,0,0,45896
20260421T172600Z,data/none_easy.txt,none,easy,94,..5.1.28.....76.1......4.536........2...685......4...8...3...26........9..4..23..,24,solve_one,first,true,classify_up_to_two,Unsolvable,Unsolvable,0,0,0,0,0,0,0,34311
20260421T172600Z,data/none_easy.txt,none,easy,94,..5.1.28.....76.1......4.536........2...685......4...8...3...26........9..4..23..,24,full_solve_stats,enumerate_all,true,full_solve_stats,Unsolvable,Unsolvable,0,282,9611,16764,3913,3671,18,39654
20260421T172600Z,data/none_easy.txt,none,easy,95,...8.95..........6....45.....5.2.36......4..2.4..6...796.......8.19.....75.....28,24,classify_up_to_two,classify,true,classify_up_to_two,Unsolvable,Unsolvable,0,0,0,0,0,0,0,47027
20260421T172600Z,data/none_easy.txt,none,easy,95,...8.95..........6....45.....5.2.36......4..2.4..6...796.......8.19.....75.....28,24,solve_one,first,true,classify_up_to_two,Unsolvable,Unsolvable,0,0,0,0,0,0,0,41960
20260421T172600Z,data/none_easy.txt,none,easy,95,...8.95..........6....45.....5.2.36......4..2.4..6...796.......8.19.....75.....28,24,full_solve_stats,enumerate_all,true,full_solve_stats,Unsolvable,Unsolvable,0,263,16928,12492,912,1918,23,34210
20260421T172600Z,data/none_easy.txt,none,easy,96,7.3...15.42...93............3614..8.............68...3.95..6.2.3....85..2...9.4..,26,classify_up_to_two,classify,true,classify_up_to_two,Unsolvable,Unsolvable,0,0,0,0,0,0,0,55146
20260421T172600Z,data/none_easy.txt,none,easy,96,7.3...15.42...93............3614..8.............68...3.95..6.2.3....85..2...9.4..,26,solve_one,first,true,classify_up_to_two,Unsolvable,Unsolvable,0,0,0,0,0,0,0,41329
20260421T172600Z,data/none_easy.txt,none,easy,96,7.3...15.42...93............3614..8.............68...3.95..6.2.3....85..2...9.4..,26,full_solve_stats,enumerate_all,true,full_solve_stats,Unsolvable,Unsolvable,0,353,20048,12459,885,1935,19,37137
20260421T172600Z,data/none_easy.txt,none,easy,97,.....8..352....9...4...65.....2...7..834.....6......41.1..2.4...6.3.......2..9..5,24,classify_up_to_two,classify,true,classify_up_to_two,Unsolvable,Unsolvable,0,0,0,0,0,0,0,44063
20260421T172600Z,data/none_easy.txt,none,easy,97,.....8..352....9...4...65.....2...7..834.....6......41.1..2.4...6.3.......2..9..5,24,solve_one,first,true,classify_up_to_two,Unsolvable,Unsolvable,0,0,0,0,0,0,0,35518
20260421T172600Z,data/none_easy.txt,none,easy,97,.....8..352....9...4...65.....2...7..834.....6......41.1..2.4...6.3.......2..9..5,24,full_solve_stats,enumerate_all,true,full_solve_stats,Unsolvable,Unsolvable,0,308,14113,16095,754,1648,23,34412
20260421T172600Z,data/none_easy.txt,none,easy,98,.3..1...418.....3.2....36.....9...15....2...79...65..3..64...8.3.........1425....,26,classify_up_to_two,classify,true,classify_up_to_two,Unsolvable,Unsolvable,0,0,0,0,0,0,0,65711
20260421T172600Z,data/none_easy.txt,none,easy,98,.3..1...418.....3.2....36.....9...15....2...79...65..3..64...8.3.........1425....,26,solve_one,first,true,classify_up_to_two,Unsolvable,Unsolvable,0,0,0,0,0,0,0,48181
20260421T172600Z,data/none_easy.txt,none,easy,98,.3..1...418.....3.2....36.....9...15....2...79...65..3..64...8.3.........1425....,26,full_solve_stats,enumerate_all,true,full_solve_stats,Unsolvable,Unsolvable,0,206,7715,15916,12566,5887,19,53971
20260421T172600Z,data/none_easy.txt,none,easy,99,...76....2..8..7...4.......43..9.2.7....5.14.........5...6.....71.3.84..8.2.7...9,25,classify_up_to_two,classify,true,classify_up_to_two,Unsolvable,Unsolvable,0,0,0,0,0,0,0,50219
20260421T172600Z,data/none_easy.txt,none,easy,99,...76....2..8..7...4.......43..9.2.7....5.14.........5...6.....71.3.84..8.2.7...9,25,solve_one,first,true,classify_up_to_two,Unsolvable,Unsolvable,0,0,0,0,0,0,0,44256
20260421T172600Z,data/none_easy.txt,none,easy,99,...76....2..8..7...4.......43..9.2.7....5.14.........5...6.....71.3.84..8.2.7...9,25,full_solve_stats,enumerate_all,true,full_solve_stats,Unsolvable,Unsolvable,0,289,16565,15771,3178,6059,83,45089
20260421T172600Z,data/none_medium.txt,none,medium,0,1..5.37..6.3..8.9......98...1.......8761..........6.........5.7.8.9.76.47...6.312,28,classify_up_to_two,classify,true,classify_up_to_two,Unsolvable,Unsolvable,0,0,0,0,0,0,0,102717
20260421T172600Z,data/none_medium.txt,none,medium,0,1..5.37..6.3..8.9......98...1.......8761..........6.........5.7.8.9.76.47...6.312,28,solve_one,first,true,classify_up_to_two,Unsolvable,Unsolvable,0,0,0,0,0,0,0,92030
20260421T172600Z,data/none_medium.txt,none,medium,0,1..5.37..6.3..8.9......98...1.......8761..........6.........5.7.8.9.76.47...6.312,28,full_solve_stats,enumerate_all,true,full_solve_stats,Unsolvable,Unsolvable,0,341,16055,23679,24888,10892,24,91536
20260421T172600Z,data/none_medium.txt,none,medium,1,........5.2...9....9..2...373..481..1..36....58....4...1...358...42.......978...2,27,classify_up_to_two,classify,true,classify_up_to_two,Unsolvable,Unsolvable,0,0,0,0,0,0,0,92660
20260421T172600Z,data/none_medium.txt,none,medium,1,........5.2...9....9..2...373..481..1..36....58....4...1...358...42.......978...2,27,solve_one,first,true,classify_up_to_two,Unsolvable,Unsolvable,0,0,0,0,0,0,0,76710
20260421T172600Z,data/none_medium.txt,none,medium,1,........5.2...9....9..2...373..481..1..36....58....4...1...358...42.......978...2,27,full_solve_stats,enumerate_all,true,full_solve_stats,Unsolvable,Unsolvable,0,161,5171,18324,34078,9781,22,89004
20260421T172600Z,data/none_medium.txt,none,medium,2,.4.1..............653.2...1.8.9..74...24..91.......2.8...562....1..7..6...4..1..3,26,classify_up_to_two,classify,true,classify_up_to_two,Unsolvable,Unsolvable,0,0,0,0,0,0,0,73929
20260421T172600Z,data/none_medium.txt,none,medium,2,.4.1..............653.2...1.8.9..74...24..91.......2.8...562....1..7..6...4..1..3,26,solve_one,first,true,classify_up_to_two,Unsolvable,Unsolvable,0,0,0,0,0,0,0,60804
20260421T172600Z,data/none_medium.txt,none,medium,2,.4.1..............653.2...1.8.9..74...24..91.......2.8...562....1..7..6...4..1..3,26,full_solve_stats,enumerate_all,true,full_solve_stats,Unsolvable,Unsolvable,0,218,8766,24834,18960,9315,23,78290
20260421T172600Z,data/none_medium.txt,none,medium,3,.75.....34......1....672.....9..16.....3....5.2.56...49.7.4......3829............,24,classify_up_to_two,classify,true,classify_up_to_two,Unsolvable,Unsolvable,0,0,0,0,0,0,0,50558
20260421T172600Z,data/none_medium.txt,none,medium,3,.75.....34......1....672.....9..16.....3....5.2.56...49.7.4......3829............,24,solve_one,first,true,classify_up_to_two,Unsolvable,Unsolvable,0,0,0,0,0,0,0,39684
20260421T172600Z,data/none_medium.txt,none,medium,3,.75.....34......1....672.....9..16.....3....5.2.56...49.7.4......3829............,24,full_solve_stats,enumerate_all,true,full_solve_stats,Unsolvable,Unsolvable,0,529,26521,23746,647,1978,59,55144
20260421T172600Z,data/none_medium.txt,none,medium,4,..3.8.5...4.....9.7..15.4..98...1..5..2.7983...5.6....1....6.5.8.6...7..........4,27,classify_up_to_two,classify,true,classify_up_to_two,Unsolvable,Unsolvable,0,0,0,0,0,0,0,53226
20260421T172600Z,data/none_medium.txt,none,medium,4,..3.8.5...4.....9.7..15.4..98...1..5..2.7983...5.6....1....6.5.8.6...7..........4,27,solve_one,first,true,classify_up_to_two,Unsolvable,Unsolvable,0,0,0,0,0,0,0,42783
20260421T172600Z,data/none_medium.txt,none,medium,4,..3.8.5...4.....9.7..15.4..98...1..5..2.7983...5.6....1....6.5.8.6...7..........4,27,full_solve_stats,enumerate_all,true,full_solve_stats,Unsolvable,Unsolvable,0,317,11754,20895,1167,2577,34,38777
20260421T172600Z,data/none_medium.txt,none,medium,5,8..9........524.....5.1.67..2......45.179...3.......164....8..1....6...7......89.,25,classify_up_to_two,classify,true,classify_up_to_two,Unsolvable,Unsolvable,0,0,0,0,0,0,0,60821
20260421T172600Z,data/none_medium.txt,none,medium,5,8..9........524.....5.1.67..2......45.179...3.......164....8..1....6...7......89.,25,solve_one,first,true,classify_up_to_two,Unsolvable,Unsolvable,0,0,0,0,0,0,0,61303
20260421T172600Z,data/none_medium.txt,none,medium,5,8..9........524.....5.1.67..2......45.179...3.......164....8..1....6...7......89.,25,full_solve_stats,enumerate_all,true,full_solve_stats,Unsolvable,Unsolvable,0,505,29512,18322,7473,5701,94,77664
20260421T172600Z,data/none_medium.txt,none,medium,6,............86..79.....54....7.......53.9......67..58.5....2.4327.6.....8.94...5.,25,classify_up_to_two,classify,true,classify_up_to_two,Unsolvable,Unsolvable,0,0,0,0,0,0,0,55509
20260421T172600Z,data/none_medium.txt,none,medium,6,............86..79.....54....7.......53.9......67..58.5....2.4327.6.....8.94...5.,25,solve_one,first,true,classify_up_to_two,Unsolvable,Unsolvable,0,0,0,0,0,0,0,44364
20260421T172600Z,data/none_medium.txt,none,medium,6,............86..79.....54....7.......53.9......67..58.5....2.4327.6.....8.94...5.,25,full_solve_stats,enumerate_all,true,full_solve_stats,Unsolvable,Unsolvable,0,412,20265,16399,698,1707,35,41024
20260421T172600Z,data/none_medium.txt,none,medium,7,..61.4.9.35...9..7...25.........5..8......2...324...718...9.3...95...7...4.7.1...,27,classify_up_to_two,classify,true,classify_up_to_two,Unsolvable,Unsolvable,0,0,0,0,0,0,0,81669
20260421T172600Z,data/none_medium.txt,none,medium,7,..61.4.9.35...9..7...25.........5..8......2...324...718...9.3...95...7...4.7.1...,27,solve_one,first,true,classify_up_to_two,Unsolvable,Unsolvable,0,0,0,0,0,0,0,67181
20260421T172600Z,data/none_medium.txt,none,medium,7,..61.4.9.35...9..7...25.........5..8......2...324...718...9.3...95...7...4.7.1...,27,full_solve_stats,enumerate_all,true,full_solve_stats,Unsolvable,Unsolvable,0,272,7077,22157,23545,11486,37,82385
20260421T172600Z,data/none_medium.txt,none,medium,8,7.82...6...4..8..9..1.5............2..6..1.4.3..5..67..4.1.........45.87..5.7...3,26,classify_up_to_two,classify,true,classify_up_to_two,Unsolvable,Unsolvable,0,0,0,0,0,0,0,59932
20260421T172600Z,data/none_medium.txt,none,medium,8,7.82...6...4..8..9..1.5............2..6..1.4.3..5..67..4.1.........45.87..5.7...3,26,solve_one,first,true,classify_up_to_two,Unsolvable,Unsolvable,0,0,0,0,0,0,0,44163
20260421T172600Z,data/none_medium.txt,none,medium,8,7.82...6...4..8..9..1.5............2..6..1.4.3..5..67..4.1.........45.87..5.7...3,26,full_solve_stats,enumerate_all,true,full_solve_stats,Unsolvable,Unsolvable,0,297,24279,18905,680,1649,22,47368
20260421T172600Z,data/none_medium.txt,none,medium,9,....27....13..4.....9..57...8...63..5..9..1......32...651....4...8....9.....4.6.5,25,classify_up_to_two,classify,true,classify_up_to_two,Unsolvable,Unsolvable,0,0,0,0,0,0,0,198624
20260421T172600Z,data/none_medium.txt,none,medium,9,....27....13..4.....9..57...8...63..5..9..1......32...651....4...8....9.....4.6.5,25,solve_one,first,true,classify_up_to_two,Unsolvable,Unsolvable,0,0,0,0,0,0,0,170984
20260421T172600Z,data/none_medium.txt,none,medium,9,....27....13..4.....9..57...8...63..5..9..1......32...651....4...8....9.....4.6.5,25,full_solve_stats,enumerate_all,true,full_solve_stats,Unsolvable,Unsolvable,0,259,10397,22666,91563,35304,40,199580
20260421T172600Z,data/none_medium.txt,none,medium,10,.9.....8.5......96......4..6..34....9...5..2.2...6..17.1....8...6..17..97...95...,25,classify_up_to_two,classify,true,classify_up_to_two,Unsolvable,Unsolvable,0,0,0,0,0,0,0,58526
20260421T172600Z,data/none_medium.txt,none,medium,10,.9.....8.5......96......4..6..34....9...5..2.2...6..17.1....8...6..17..97...95...,25,solve_one,first,true,classify_up_to_two,Unsolvable,Unsolvable,0,0,0,0,0,0,0,42948
20260421T172600Z,data/none_medium.txt,none,medium,10,.9.....8.5......96......4..6..34....9...5..2.2...6..17.1....8...6..17..97...95...,25,full_solve_stats,enumerate_all,true,full_solve_stats,Unsolvable,Unsolvable,0,287,16739,13318,1002,2074,22,35384
20260421T172600Z,data/none_medium.txt,none,medium,11,..7.....34...6..12.....37..1.8.57.......8..6......21...........6...459....96...87,24,classify_up_to_two,classify,true,classify_up_to_two,Unsolvable,Unsolvable,0,0,0,0,0,0,0,75235
20260421T172600Z,data/none_medium.txt,none,medium,11,..7.....34...6..12.....37..1.8.57.......8..6......21...........6...459....96...87,24,solve_one,first,true,classify_up_to_two,Unsolvable,Unsolvable,0,0,0,0,0,0,0,56214
20260421T172600Z,data/none_medium.txt,none,medium,11,..7.....34...6..12.....37..1.8.57.......8..6......21...........6...459....96...87,24,full_solve_stats,enumerate_all,true,full_solve_stats,Unsolvable,Unsolvable,0,343,13908,20658,15102,8848,29,83967
20260421T172600Z,data/none_medium.txt,none,medium,12,1.........9.....6.82.4...9..6....8..2...987...4.27.3.....7...15.....6.3..5.8..9..,25,classify_up_to_two,classify,true,classify_up_to_two,Unsolvable,Unsolvable,0,0,0,0,0,0,0,53654
20260421T172600Z,data/none_medium.txt,none,medium,12,1.........9.....6.82.4...9..6....8..2...987...4.27.3.....7...15.....6.3..5.8..9..,25,solve_one,first,true,classify_up_to_two,Unsolvable,Unsolvable,0,0,0,0,0,0,0,40764
20260421T172600Z,data/none_medium.txt,none,medium,12,1.........9.....6.82.4...9..6....8..2...987...4.27.3.....7...15.....6.3..5.8..9..,25,full_solve_stats,enumerate_all,true,full_solve_stats,Unsolvable,Unsolvable,0,285,15552,13938,768,1950,26,34176
20260421T172600Z,data/none_medium.txt,none,medium,13,3....5278...6.7....6..1.4..6.....3.7..49...6.........442............8.51.13..67..,26,classify_up_to_two,classify,true,classify_up_to_two,Unsolvable,Unsolvable,0,0,0,0,0,0,0,52068
20260421T172600Z,data/none_medium.txt,none,medium,13,3....5278...6.7....6..1.4..6.....3.7..49...6.........442............8.51.13..67..,26,solve_one,first,true,classify_up_to_two,Unsolvable,Unsolvable,0,0,0,0,0,0,0,43050
20260421T172600Z,data/none_medium.txt,none,medium,13,3....5278...6.7....6..1.4..6.....3.7..49...6.........442............8.51.13..67..,26,full_solve_stats,enumerate_all,true,full_solve_stats,Unsolvable,Unsolvable,0,383,16365,20304,781,1580,28,40875
20260421T172600Z,data/none_medium.txt,none,medium,14,1..7.8..6.45...2.......1.9...439..........4.8.3.1..........9.7..9...6..5.5.27....,24,classify_up_to_two,classify,true,classify_up_to_two,Unsolvable,Unsolvable,0,0,0,0,0,0,0,226070
20260421T172600Z,data/none_medium.txt,none,medium,14,1..7.8..6.45...2.......1.9...439..........4.8.3.1..........9.7..9...6..5.5.27....,24,solve_one,first,true,classify_up_to_two,Unsolvable,Unsolvable,0,0,0,0,0,0,0,198470
20260421T172600Z,data/none_medium.txt,none,medium,14,1..7.8..6.45...2.......1.9...439..........4.8.3.1..........9.7..9...6..5.5.27....,24,full_solve_stats,enumerate_all,true,full_solve_stats,Unsolvable,Unsolvable,0,410,16255,28947,110423,32986,48,228268
20260421T172600Z,data/none_medium.txt,none,medium,15,.........68.....49...47...51.8..6...3679..8.....7......4.82..377.5.1..9........2.,26,classify_up_to_two,classify,true,classify_up_to_two,Unsolvable,Unsolvable,0,0,0,0,0,0,0,84092
20260421T172600Z,data/none_medium.txt,none,medium,15,.........68.....49...47...51.8..6...3679..8.....7......4.82..377.5.1..9........2.,26,solve_one,first,true,classify_up_to_two,Unsolvable,Unsolvable,0,0,0,0,0,0,0,77045
20260421T172600Z,data/none_medium.txt,none,medium,15,.........68.....49...47...51.8..6...3679..8.....7......4.82..377.5.1..9........2.,26,full_solve_stats,enumerate_all,true,full_solve_stats,Unsolvable,Unsolvable,0,486,70093,25853,1182,2830,48,102803
20260421T172600Z,data/none_medium.txt,none,medium,16,.4..8.......3...97.3..7..5.5.2.4.7.88.....2.....9..........4...6.78..9....475..61,26,classify_up_to_two,classify,true,classify_up_to_two,Unsolvable,Unsolvable,0,0,0,0,0,0,0,59652
20260421T172600Z,data/none_medium.txt,none,medium,16,.4..8.......3...97.3..7..5.5.2.4.7.88.....2.....9..........4...6.78..9....475..61,26,solve_one,first,true,classify_up_to_two,Unsolvable,Unsolvable,0,0,0,0,0,0,0,75892
20260421T172600Z,data/none_medium.txt,none,medium,16,.4..8.......3...97.3..7..5.5.2.4.7.88.....2.....9..........4...6.78..9....475..61,26,full_solve_stats,enumerate_all,true,full_solve_stats,Unsolvable,Unsolvable,0,428,40813,18047,1368,3324,75,66011
20260421T172600Z,data/none_medium.txt,none,medium,17,...49..6...6....58.5...7..4......53159..8...62....54.......3....4......2..21.....,24,classify_up_to_two,classify,true,classify_up_to_two,Unsolvable,Unsolvable,0,0,0,0,0,0,0,206548
20260421T172600Z,data/none_medium.txt,none,medium,17,...49..6...6....58.5...7..4......53159..8...62....54.......3....4......2..21.....,24,solve_one,first,true,classify_up_to_two,Unsolvable,Unsolvable,0,0,0,0,0,0,0,176129
20260421T172600Z,data/none_medium.txt,none,medium,17,...49..6...6....58.5...7..4......53159..8...62....54.......3....4......2..21.....,24,full_solve_stats,enumerate_all,true,full_solve_stats,Unsolvable,Unsolvable,0,230,11771,27494,108144,22420,53,206041
20260421T172600Z,data/none_medium.txt,none,medium,18,.6497....5....1...9...4.5......32......7.842...8.1..5.735.....969..8..7.......6..,27,classify_up_to_two,classify,true,classify_up_to_two,Unsolvable,Unsolvable,0,0,0,0,0,0,0,62777
20260421T172600Z,data/none_medium.txt,none,medium,18,.6497....5....1...9...4.5......32......7.842...8.1..5.735.....969..8..7.......6..,27,solve_one,first,true,classify_up_to_two,Unsolvable,Unsolvable,0,0,0,0,0,0,0,47926
20260421T172600Z,data/none_medium.txt,none,medium,18,.6497....5....1...9...4.5......32......7.842...8.1..5.735.....969..8..7.......6..,27,full_solve_stats,enumerate_all,true,full_solve_stats,Unsolvable,Unsolvable,0,375,14193,15574,7468,5256,23,63452
20260421T172600Z,data/none_medium.txt,none,medium,19,24..6..7...8.91...........1...2....9.1..897..5.9...3...5.62...4.7...865...65.....,27,classify_up_to_two,classify,true,classify_up_to_two,Unsolvable,Unsolvable,0,0,0,0,0,0,0,53386
20260421T172600Z,data/none_medium.txt,none,medium,19,24..6..7...8.91...........1...2....9.1..897..5.9...3...5.62...4.7...865...65.....,27,solve_one,first,true,classify_up_to_two,Unsolvable,Unsolvable,0,0,0,0,0,0,0,50907
20260421T172600Z,data/none_medium.txt,none,medium,19,24..6..7...8.91...........1...2....9.1..897..5.9...3...5.62...4.7...865...65.....,27,full_solve_stats,enumerate_all,true,full_solve_stats,Unsolvable,Unsolvable,0,405,20590,13061,2844,2941,33,44770
20260421T172600Z,data/none_medium.txt,none,medium,20,.2348.5........3.9...5...4.6...1.2...87.2.....1.63..5........6...82..1.4.3..9....,26,classify_up_to_two,classify,true,classify_up_to_two,Unsolvable,Unsolvable,0,0,0,0,0,0,0,64368
20260421T172600Z,data/none_medium.txt,none,medium,20,.2348.5........3.9...5...4.6...1.2...87.2.....1.63..5........6...82..1.4.3..9....,26,solve_one,first,true,classify_up_to_two,Unsolvable,Unsolvable,0,0,0,0,0,0,0,44331
20260421T172600Z,data/none_medium.txt,none,medium,20,.2348.5........3.9...5...4.6...1.2...87.2.....1.63..5........6...82..1.4.3..9....,26,full_solve_stats,enumerate_all,true,full_solve_stats,Unsolvable,Unsolvable,0,221,9665,30005,8259,6047,94,61799
20260421T172600Z,data/none_medium.txt,none,medium,21,....8....46..1.3......37...94....2.3...9....1..8..46.7..3....7.6...7..5415.......,25,classify_up_to_two,classify,true,classify_up_to_two,Unsolvable,Unsolvable,0,0,0,0,0,0,0,88259
20260421T172600Z,data/none_medium.txt,none,medium,21,....8....46..1.3......37...94....2.3...9....1..8..46.7..3....7.6...7..5415.......,25,solve_one,first,true,classify_up_to_two,Unsolvable,Unsolvable,0,0,0,0,0,0,0,55166
20260421T172600Z,data/none_medium.txt,none,medium,21,....8....46..1.3......37...94....2.3...9....1..8..46.7..3....7.6...7..5415.......,25,full_solve_stats,enumerate_all,true,full_solve_stats,Unsolvable,Unsolvable,0,373,20025,18694,5092,4614,34,55333
20260421T172600Z,data/none_medium.txt,none,medium,22,6..1..2...41.9......8...6..27.6.........47..6...95.8..15..3.4...6...9....3....5.7,26,classify_up_to_two,classify,true,classify_up_to_two,Unsolvable,Unsolvable,0,0,0,0,0,0,0,43610
20260421T172600Z,data/none_medium.txt,none,medium,22,6..1..2...41.9......8...6..27.6.........47..6...95.8..15..3.4...6...9....3....5.7,26,solve_one,first,true,classify_up_to_two,Unsolvable,Unsolvable,0,0,0,0,0,0,0,35301
20260421T172600Z,data/none_medium.txt,none,medium,22,6..1..2...41.9......8...6..27.6.........47..6...95.8..15..3.4...6...9....3....5.7,26,full_solve_stats,enumerate_all,true,full_solve_stats,Unsolvable,Unsolvable,0,431,14610,11726,1010,2247,33,32062
20260421T172600Z,data/none_medium.txt,none,medium,23,..149.7.......79..3..........5...3.9..3.586..........4..76..4..1.2.......3.2.5.87,25,classify_up_to_two,classify,true,classify_up_to_two,Unsolvable,Unsolvable,0,0,0,0,0,0,0,79325
20260421T172600Z,data/none_medium.txt,none,medium,23,..149.7.......79..3..........5...3.9..3.586..........4..76..4..1.2.......3.2.5.87,25,solve_one,first,true,classify_up_to_two,Unsolvable,Unsolvable,0,0,0,0,0,0,0,58054
20260421T172600Z,data/none_medium.txt,none,medium,23,..149.7.......79..3..........5...3.9..3.586..........4..76..4..1.2.......3.2.5.87,25,full_solve_stats,enumerate_all,true,full_solve_stats,Unsolvable,Unsolvable,0,444,17187,18499,14366,7273,23,69538
20260421T172600Z,data/none_medium.txt,none,medium,24,.3..8...54.7...62........8.....24.968........3..6.14......59...2.5.16..9.7.......,25,classify_up_to_two,classify,true,classify_up_to_two,Unsolvable,Unsolvable,0,0,0,0,0,0,0,57052
20260421T172600Z,data/none_medium.txt,none,medium,24,.3..8...54.7...62........8.....24.968........3..6.14......59...2.5.16..9.7.......,25,solve_one,first,true,classify_up_to_two,Unsolvable,Unsolvable,0,0,0,0,0,0,0,43777
20260421T172600Z,data/none_medium.txt,none,medium,24,.3..8...54.7...62........8.....24.968........3..6.14......59...2.5.16..9.7.......,25,full_solve_stats,enumerate_all,true,full_solve_stats,Unsolvable,Unsolvable,0,272,19622,16128,1297,2410,25,42232
20260421T172600Z,data/none_medium.txt,none,medium,25,..14.5...3..2.7........692.....891....2...43.......8..43.7...8.7.......6.......59,24,classify_up_to_two,classify,true,classify_up_to_two,Unsolvable,Unsolvable,0,0,0,0,0,0,0,64272
20260421T172600Z,data/none_medium.txt,none,medium,25,..14.5...3..2.7........692.....891....2...43.......8..43.7...8.7.......6.......59,24,solve_one,first,true,classify_up_to_two,Unsolvable,Unsolvable,0,0,0,0,0,0,0,43543
20260421T172600Z,data/none_medium.txt,none,medium,25,..14.5...3..2.7........692.....891....2...43.......8..43.7...8.7.......6.......59,24,full_solve_stats,enumerate_all,true,full_solve_stats,Unsolvable,Unsolvable,0,375,11139,26001,8568,4939,24,59751
20260421T172600Z,data/none_medium.txt,none,medium,26,......32.4...1...91.....7..........43.946......827.......9...63...3825...2.......,23,classify_up_to_two,classify,true,classify_up_to_two,Unsolvable,Unsolvable,0,0,0,0,0,0,0,107003
20260421T172600Z,data/none_medium.txt,none,medium,26,......32.4...1...91.....7..........43.946......827.......9...63...3825...2.......,23,solve_one,first,true,classify_up_to_two,Unsolvable,Unsolvable,0,0,0,0,0,0,0,86749
20260421T172600Z,data/none_medium.txt,none,medium,26,......32.4...1...91.....7..........43.946......827.......9...63...3825...2.......,23,full_solve_stats,enumerate_all,true,full_solve_stats,Unsolvable,Unsolvable,0,360,8745,17527,17512,35186,19,93467
20260421T172600Z,data/none_medium.txt,none,medium,27,.8.....74...1.5.3..6..4.8..4.7..3...9...6...8.18..7........61...3...16..64..5....,26,classify_up_to_two,classify,true,classify_up_to_two,Unsolvable,Unsolvable,0,0,0,0,0,0,0,47087
20260421T172600Z,data/none_medium.txt,none,medium,27,.8.....74...1.5.3..6..4.8..4.7..3...9...6...8.18..7........61...3...16..64..5....,26,solve_one,first,true,classify_up_to_two,Unsolvable,Unsolvable,0,0,0,0,0,0,0,35439
20260421T172600Z,data/none_medium.txt,none,medium,27,.8.....74...1.5.3..6..4.8..4.7..3...9...6...8.18..7........61...3...16..64..5....,26,full_solve_stats,enumerate_all,true,full_solve_stats,Unsolvable,Unsolvable,0,272,7319,16284,6892,4506,24,46784
20260421T172600Z,data/none_medium.txt,none,medium,28,.6...2.8..4.15.........63.5.3...91..7.4.3...9....41.2......7...8...1..3.1.....67.,26,classify_up_to_two,classify,true,classify_up_to_two,Unsolvable,Unsolvable,0,0,0,0,0,0,0,55454
20260421T172600Z,data/none_medium.txt,none,medium,28,.6...2.8..4.15.........63.5.3...91..7.4.3...9....41.2......7...8...1..3.1.....67.,26,solve_one,first,true,classify_up_to_two,Unsolvable,Unsolvable,0,0,0,0,0,0,0,39052
20260421T172600Z,data/none_medium.txt,none,medium,28,.6...2.8..4.15.........63.5.3...91..7.4.3...9....41.2......7...8...1..3.1.....67.,26,full_solve_stats,enumerate_all,true,full_solve_stats,Unsolvable,Unsolvable,0,320,15059,14049,1527,2672,26,35930
20260421T172600Z,data/none_medium.txt,none,medium,29,...13....63....8.25............65..1.4..2...62.69...4.8......9..572.43....2.7..5.,27,classify_up_to_two,classify,true,classify_up_to_two,Unsolvable,Unsolvable,0,0,0,0,0,0,0,50420
20260421T172600Z,data/none_medium.txt,none,medium,29,...13....63....8.25............65..1.4..2...62.69...4.8......9..572.43....2.7..5.,27,solve_one,first,true,classify_up_to_two,Unsolvable,Unsolvable,0,0,0,0,0,0,0,39570
20260421T172600Z,data/none_medium.txt,none,medium,29,...13....63....8.25............65..1.4..2...62.69...4.8......9..572.43....2.7..5.,27,full_solve_stats,enumerate_all,true,full_solve_stats,Unsolvable,Unsolvable,0,373,17265,15030,807,1903,25,37090
20260421T172600Z,data/none_medium.txt,none,medium,30,9.2....1.....6...81....7.3..1...........2.5....3.1..8.4..37......54....632..98...,24,classify_up_to_two,classify,true,classify_up_to_two,Unsolvable,Unsolvable,0,0,0,0,0,0,0,53339
20260421T172600Z,data/none_medium.txt,none,medium,30,9.2....1.....6...81....7.3..1...........2.5....3.1..8.4..37......54....632..98...,24,solve_one,first,true,classify_up_to_two,Unsolvable,Unsolvable,0,0,0,0,0,0,0,38321
20260421T172600Z,data/none_medium.txt,none,medium,30,9.2....1.....6...81....7.3..1...........2.5....3.1..8.4..37......54....632..98...,24,full_solve_stats,enumerate_all,true,full_solve_stats,Unsolvable,Unsolvable,0,280,19582,14946,874,1802,23,39162
20260421T172600Z,data/none_medium.txt,none,medium,31,7..4........1..96.....3..5....7....9.346.2.....9..1..619..4.3..4.....1.82.......7,25,classify_up_to_two,classify,true,classify_up_to_two,Unsolvable,Unsolvable,0,0,0,0,0,0,0,56742
20260421T172600Z,data/none_medium.txt,none,medium,31,7..4........1..96.....3..5....7....9.346.2.....9..1..619..4.3..4.....1.82.......7,25,solve_one,first,true,classify_up_to_two,Unsolvable,Unsolvable,0,0,0,0,0,0,0,45620
20260421T172600Z,data/none_medium.txt,none,medium,31,7..4........1..96.....3..5....7....9.346.2.....9..1..619..4.3..4.....1.82.......7,25,full_solve_stats,enumerate_all,true,full_solve_stats,Unsolvable,Unsolvable,0,392,22436,18717,908,2045,20,46206
20260421T172600Z,data/none_medium.txt,none,medium,32,.6.....72.92..1..4...3.9...7...6.....5.94.......1.7..894.8..5...1...2..........43,25,classify_up_to_two,classify,true,classify_up_to_two,Unsolvable,Unsolvable,0,0,0,0,0,0,0,92504
20260421T172600Z,data/none_medium.txt,none,medium,32,.6.....72.92..1..4...3.9...7...6.....5.94.......1.7..894.8..5...1...2..........43,25,solve_one,first,true,classify_up_to_two,Unsolvable,Unsolvable,0,0,0,0,0,0,0,92068
20260421T172600Z,data/none_medium.txt,none,medium,32,.6.....72.92..1..4...3.9...7...6.....5.94.......1.7..894.8..5...1...2..........43,25,full_solve_stats,enumerate_all,true,full_solve_stats,Unsolvable,Unsolvable,0,347,9780,27067,18834,13587,53,84658
20260421T172600Z,data/none_medium.txt,none,medium,33,9.6.5..1....3..9...4...8..6..8965.........3....51...8.....1..7.61.....2.7...34..9,26,classify_up_to_two,classify,true,classify_up_to_two,Unsolvable,Unsolvable,0,0,0,0,0,0,0,44558
20260421T172600Z,data/none_medium.txt,none,medium,33,9.6.5..1....3..9...4...8..6..8965.........3....51...8.....1..7.61.....2.7...34..9,26,solve_one,first,true,classify_up_to_two,Unsolvable,Unsolvable,0,0,0,0,0,0,0,42023
20260421T172600Z,data/none_medium.txt,none,medium,33,9.6.5..1....3..9...4...8..6..8965.........3....51...8.....1..7.61.....2.7...34..9,26,full_solve_stats,enumerate_all,true,full_solve_stats,Unsolvable,Unsolvable,0,428,29062,19192,1229,3149,43,55810
20260421T172600Z,data/none_medium.txt,none,medium,34,..3....8....78...61....34.97..2......19.......6.4..8.765.8..79......4........1.6.,25,classify_up_to_two,classify,true,classify_up_to_two,Unsolvable,Unsolvable,0,0,0,0,0,0,0,53134
20260421T172600Z,data/none_medium.txt,none,medium,34,..3....8....78...61....34.97..2......19.......6.4..8.765.8..79......4........1.6.,25,solve_one,first,true,classify_up_to_two,Unsolvable,Unsolvable,0,0,0,0,0,0,0,51730
20260421T172600Z,data/none_medium.txt,none,medium,34,..3....8....78...61....34.97..2......19.......6.4..8.765.8..79......4........1.6.,25,full_solve_stats,enumerate_all,true,full_solve_stats,Unsolvable,Unsolvable,0,340,17053,40968,1634,3077,39,65321
20260421T172600Z,data/none_medium.txt,none,medium,35,..53.....83......9...9.6..4.....5.4...8.1.63.........1.6.57.2...1.......9.28..5..,24,classify_up_to_two,classify,true,classify_up_to_two,Unsolvable,Unsolvable,0,0,0,0,0,0,0,100808
20260421T172600Z,data/none_medium.txt,none,medium,35,..53.....83......9...9.6..4.....5.4...8.1.63.........1.6.57.2...1.......9.28..5..,24,solve_one,first,true,classify_up_to_two,Unsolvable,Unsolvable,0,0,0,0,0,0,0,88585
20260421T172600Z,data/none_medium.txt,none,medium,35,..53.....83......9...9.6..4.....5.4...8.1.63.........1.6.57.2...1.......9.28..5..,24,full_solve_stats,enumerate_all,true,full_solve_stats,Unsolvable,Unsolvable,0,399,20224,25013,23890,12154,29,110051
20260421T172600Z,data/none_medium.txt,none,medium,36,...6..4.......35.2.3..916..2..7....4.......1.4.7...35.3.1..4..86......2..8.2.....,25,classify_up_to_two,classify,true,classify_up_to_two,Unsolvable,Unsolvable,0,0,0,0,0,0,0,65969
20260421T172600Z,data/none_medium.txt,none,medium,36,...6..4.......35.2.3..916..2..7....4.......1.4.7...35.3.1..4..86......2..8.2.....,25,solve_one,first,true,classify_up_to_two,Unsolvable,Unsolvable,0,0,0,0,0,0,0,69696
20260421T172600Z,data/none_medium.txt,none,medium,36,...6..4.......35.2.3..916..2..7....4.......1.4.7...35.3.1..4..86......2..8.2.....,25,full_solve_stats,enumerate_all,true,full_solve_stats,Unsolvable,Unsolvable,0,399,43988,19501,1522,3435,54,71243
20260421T172600Z,data/none_medium.txt,none,medium,37,....13.......6..2...69....8.4.2..7..39....8...5.....16..9.7.1...8.53...4..56.....,25,classify_up_to_two,classify,true,classify_up_to_two,Unsolvable,Unsolvable,0,0,0,0,0,0,0,48173
20260421T172600Z,data/none_medium.txt,none,medium,37,....13.......6..2...69....8.4.2..7..39....8...5.....16..9.7.1...8.53...4..56.....,25,solve_one,first,true,classify_up_to_two,Unsolvable,Unsolvable,0,0,0,0,0,0,0,36436
20260421T172600Z,data/none_medium.txt,none,medium,37,....13.......6..2...69....8.4.2..7..39....8...5.....16..9.7.1...8.53...4..56.....,25,full_solve_stats,enumerate_all,true,full_solve_stats,Unsolvable,Unsolvable,0,503,29337,14487,757,2014,40,48659
20260421T172600Z,data/none_medium.txt,none,medium,38,....7.24...95.......2.....597..524...6.3.....82.6...7..1..38.6.........46..1..7..,26,classify_up_to_two,classify,true,classify_up_to_two,Unsolvable,Unsolvable,0,0,0,0,0,0,0,110446
20260421T172600Z,data/none_medium.txt,none,medium,38,....7.24...95.......2.....597..524...6.3.....82.6...7..1..38.6.........46..1..7..,26,solve_one,first,true,classify_up_to_two,Unsolvable,Unsolvable,0,0,0,0,0,0,0,91871
20260421T172600Z,data/none_medium.txt,none,medium,38,....7.24...95.......2.....597..524...6.3.....82.6...7..1..38.6.........46..1..7..,26,full_solve_stats,enumerate_all,true,full_solve_stats,Unsolvable,Unsolvable,0,216,6081,23730,32649,16247,30,99984
20260421T172600Z,data/none_medium.txt,none,medium,39,....9..54.3..64.8....72...3..3...6.9..........72.....51....8......2.1..8.4695..1.,26,classify_up_to_two,classify,true,classify_up_to_two,Unsolvable,Unsolvable,0,0,0,0,0,0,0,65899
20260421T172600Z,data/none_medium.txt,none,medium,39,....9..54.3..64.8....72...3..3...6.9..........72.....51....8......2.1..8.4695..1.,26,solve_one,first,true,classify_up_to_two,Unsolvable,Unsolvable,0,0,0,0,0,0,0,58193
20260421T172600Z,data/none_medium.txt,none,medium,39,....9..54.3..64.8....72...3..3...6.9..........72.....51....8......2.1..8.4695..1.,26,full_solve_stats,enumerate_all,true,full_solve_stats,Unsolvable,Unsolvable,0,343,22739,20216,908,1885,31,47732
20260421T172600Z,data/none_medium.txt,none,medium,40,5...9.8....3..4....7.62.........2..91.835..2...7...4...........9....16...2..8.73.,24,classify_up_to_two,classify,true,classify_up_to_two,Unsolvable,Unsolvable,0,0,0,0,0,0,0,53688
20260421T172600Z,data/none_medium.txt,none,medium,40,5...9.8....3..4....7.62.........2..91.835..2...7...4...........9....16...2..8.73.,24,solve_one,first,true,classify_up_to_two,Unsolvable,Unsolvable,0,0,0,0,0,0,0,41763
20260421T172600Z,data/none_medium.txt,none,medium,40,5...9.8....3..4....7.62.........2..91.835..2...7...4...........9....16...2..8.73.,24,full_solve_stats,enumerate_all,true,full_solve_stats,Unsolvable,Unsolvable,0,207,14806,17062,758,1834,24,36201
20260421T172600Z,data/none_medium.txt,none,medium,41,.8264.91.4.......5...81...6.564....8........732..8..4........5.1...76......3....4,26,classify_up_to_two,classify,true,classify_up_to_two,Unsolvable,Unsolvable,0,0,0,0,0,0,0,43557
20260421T172600Z,data/none_medium.txt,none,medium,41,.8264.91.4.......5...81...6.564....8........732..8..4........5.1...76......3....4,26,solve_one,first,true,classify_up_to_two,Unsolvable,Unsolvable,0,0,0,0,0,0,0,39884
20260421T172600Z,data/none_medium.txt,none,medium,41,.8264.91.4.......5...81...6.564....8........732..8..4........5.1...76......3....4,26,full_solve_stats,enumerate_all,true,full_solve_stats,Unsolvable,Unsolvable,0,318,11010,17719,2292,2373,18,44776
20260421T172600Z,data/none_medium.txt,none,medium,42,7......58...6..92...........6..45...4..398..6.831......3....2..64..7.8.3.....65..,26,classify_up_to_two,classify,true,classify_up_to_two,Unsolvable,Unsolvable,0,0,0,0,0,0,0,103887
20260421T172600Z,data/none_medium.txt,none,medium,42,7......58...6..92...........6..45...4..398..6.831......3....2..64..7.8.3.....65..,26,solve_one,first,true,classify_up_to_two,Unsolvable,Unsolvable,0,0,0,0,0,0,0,110905
20260421T172600Z,data/none_medium.txt,none,medium,42,7......58...6..92...........6..45...4..398..6.831......3....2..64..7.8.3.....65..,26,full_solve_stats,enumerate_all,true,full_solve_stats,Unsolvable,Unsolvable,0,436,45157,25137,15583,8746,45,107632
20260421T172600Z,data/none_medium.txt,none,medium,43,....7.61..471..95.8.6.....39......45.2....1.....4..........4...4.3..92.7.9.8.35..,27,classify_up_to_two,classify,true,classify_up_to_two,Unsolvable,Unsolvable,0,0,0,0,0,0,0,104811
20260421T172600Z,data/none_medium.txt,none,medium,43,....7.61..471..95.8.6.....39......45.2....1.....4..........4...4.3..92.7.9.8.35..,27,solve_one,first,true,classify_up_to_two,Unsolvable,Unsolvable,0,0,0,0,0,0,0,90954
20260421T172600Z,data/none_medium.txt,none,medium,43,....7.61..471..95.8.6.....39......45.2....1.....4..........4...4.3..92.7.9.8.35..,27,full_solve_stats,enumerate_all,true,full_solve_stats,Unsolvable,Unsolvable,0,435,23172,24774,25705,14737,31,106526
20260421T172600Z,data/none_medium.txt,none,medium,44,9.8..3..412...5...75..14..8..3.4..9.......4...1..86......7..1.5..9.....7....6..4.,26,classify_up_to_two,classify,true,classify_up_to_two,Unsolvable,Unsolvable,0,0,0,0,0,0,0,83572
20260421T172600Z,data/none_medium.txt,none,medium,44,9.8..3..412...5...75..14..8..3.4..9.......4...1..86......7..1.5..9.....7....6..4.,26,solve_one,first,true,classify_up_to_two,Unsolvable,Unsolvable,0,0,0,0,0,0,0,61411
20260421T172600Z,data/none_medium.txt,none,medium,44,9.8..3..412...5...75..14..8..3.4..9.......4...1..86......7..1.5..9.....7....6..4.,26,full_solve_stats,enumerate_all,true,full_solve_stats,Unsolvable,Unsolvable,0,436,40952,23343,1297,3138,29,71419
20260421T172600Z,data/none_medium.txt,none,medium,45,.92.54.3....6135...7..8......1......43....7.....9.68.3.568.....81......6.....2...,26,classify_up_to_two,classify,true,classify_up_to_two,Unsolvable,Unsolvable,0,0,0,0,0,0,0,71244
20260421T172600Z,data/none_medium.txt,none,medium,45,.92.54.3....6135...7..8......1......43....7.....9.68.3.568.....81......6.....2...,26,solve_one,first,true,classify_up_to_two,Unsolvable,Unsolvable,0,0,0,0,0,0,0,70452
20260421T172600Z,data/none_medium.txt,none,medium,45,.92.54.3....6135...7..8......1......43....7.....9.68.3.568.....81......6.....2...,26,full_solve_stats,enumerate_all,true,full_solve_stats,Unsolvable,Unsolvable,0,463,27901,29941,6474,5170,43,80849
20260421T172600Z,data/none_medium.txt,none,medium,46,.2.9...63....539....6.8.....8..2.5......9.1.61..7...3...1...6.9..9..4.8.5.......2,26,classify_up_to_two,classify,true,classify_up_to_two,Unsolvable,Unsolvable,0,0,0,0,0,0,0,60662
20260421T172600Z,data/none_medium.txt,none,medium,46,.2.9...63....539....6.8.....8..2.5......9.1.61..7...3...1...6.9..9..4.8.5.......2,26,solve_one,first,true,classify_up_to_two,Unsolvable,Unsolvable,0,0,0,0,0,0,0,61788
20260421T172600Z,data/none_medium.txt,none,medium,46,.2.9...63....539....6.8.....8..2.5......9.1.61..7...3...1...6.9..9..4.8.5.......2,26,full_solve_stats,enumerate_all,true,full_solve_stats,Unsolvable,Unsolvable,0,419,40909,19048,860,2373,63,65429
20260421T172600Z,data/none_medium.txt,none,medium,47,.28.....3.....9...6...5178....6.......63.4.5.3.1...8.....9...2..9.4.7.......6.3.5,25,classify_up_to_two,classify,true,classify_up_to_two,Unsolvable,Unsolvable,0,0,0,0,0,0,0,40794
20260421T172600Z,data/none_medium.txt,none,medium,47,.28.....3.....9...6...5178....6.......63.4.5.3.1...8.....9...2..9.4.7.......6.3.5,25,solve_one,first,true,classify_up_to_two,Unsolvable,Unsolvable,0,0,0,0,0,0,0,35710
20260421T172600Z,data/none_medium.txt,none,medium,47,.28.....3.....9...6...5178....6.......63.4.5.3.1...8.....9...2..9.4.7.......6.3.5,25,full_solve_stats,enumerate_all,true,full_solve_stats,Unsolvable,Unsolvable,0,281,10852,19660,734,1770,35,35162
20260421T172600Z,data/none_medium.txt,none,medium,48,5.8..3......27...3.....9847.8.3...........56.1.6.2.....5..4..76..17.......9..5..2,26,classify_up_to_two,classify,true,classify_up_to_two,Unsolvable,Unsolvable,0,0,0,0,0,0,0,109818
20260421T172600Z,data/none_medium.txt,none,medium,48,5.8..3......27...3.....9847.8.3...........56.1.6.2.....5..4..76..17.......9..5..2,26,solve_one,first,true,classify_up_to_two,Unsolvable,Unsolvable,0,0,0,0,0,0,0,116321
20260421T172600Z,data/none_medium.txt,none,medium,48,5.8..3......27...3.....9847.8.3...........56.1.6.2.....5..4..76..17.......9..5..2,26,full_solve_stats,enumerate_all,true,full_solve_stats,Unsolvable,Unsolvable,0,347,12521,22085,20980,42737,31,114732
20260421T172600Z,data/none_medium.txt,none,medium,49,......12..98..43..31..5...6.7..2..5.15.3.6.8..46..5..74......9...........8.9..5.2,28,classify_up_to_two,classify,true,classify_up_to_two,Unsolvable,Unsolvable,0,0,0,0,0,0,0,283661
20260421T172600Z,data/none_medium.txt,none,medium,49,......12..98..43..31..5...6.7..2..5.15.3.6.8..46..5..74......9...........8.9..5.2,28,solve_one,first,true,classify_up_to_two,Unsolvable,Unsolvable,0,0,0,0,0,0,0,263767
20260421T172600Z,data/none_medium.txt,none,medium,49,......12..98..43..31..5...6.7..2..5.15.3.6.8..46..5..74......9...........8.9..5.2,28,full_solve_stats,enumerate_all,true,full_solve_stats,Unsolvable,Unsolvable,0,412,23035,43135,124846,57262,36,301124
20260421T172600Z,data/none_medium.txt,none,medium,50,..8..6....6..4..75..5..2..14...5..9.89.71.64...2...3.....42....914..........3..5.,27,classify_up_to_two,classify,true,classify_up_to_two,Unsolvable,Unsolvable,0,0,0,0,0,0,0,82080
20260421T172600Z,data/none_medium.txt,none,medium,50,..8..6....6..4..75..5..2..14...5..9.89.71.64...2...3.....42....914..........3..5.,27,solve_one,first,true,classify_up_to_two,Unsolvable,Unsolvable,0,0,0,0,0,0,0,74716
20260421T172600Z,data/none_medium.txt,none,medium,50,..8..6....6..4..75..5..2..14...5..9.89.71.64...2...3.....42....914..........3..5.,27,full_solve_stats,enumerate_all,true,full_solve_stats,Unsolvable,Unsolvable,0,442,17798,27202,23800,15940,18,114212
20260421T172600Z,data/none_medium.txt,none,medium,51,..1.3..7..726..9....6.....8.1..9.2.....31.4.....8.53..5.7.28...4................6,24,classify_up_to_two,classify,true,classify_up_to_two,Unsolvable,Unsolvable,0,0,0,0,0,0,0,116333
20260421T172600Z,data/none_medium.txt,none,medium,51,..1.3..7..726..9....6.....8.1..9.2.....31.4.....8.53..5.7.28...4................6,24,solve_one,first,true,classify_up_to_two,Unsolvable,Unsolvable,0,0,0,0,0,0,0,94455
20260421T172600Z,data/none_medium.txt,none,medium,51,..1.3..7..726..9....6.....8.1..9.2.....31.4.....8.53..5.7.28...4................6,24,full_solve_stats,enumerate_all,true,full_solve_stats,Unsolvable,Unsolvable,0,249,8301,30921,46342,16552,40,132374
20260421T172600Z,data/none_medium.txt,none,medium,52,23.....5.75.....6.....6...81....869......9..1.......7.8.19.72.....4......64..15..,25,classify_up_to_two,classify,true,classify_up_to_two,Unsolvable,Unsolvable,0,0,0,0,0,0,0,54695
20260421T172600Z,data/none_medium.txt,none,medium,52,23.....5.75.....6.....6...81....869......9..1.......7.8.19.72.....4......64..15..,25,solve_one,first,true,classify_up_to_two,Unsolvable,Unsolvable,0,0,0,0,0,0,0,44033
20260421T172600Z,data/none_medium.txt,none,medium,52,23.....5.75.....6.....6...81....869......9..1.......7.8.19.72.....4......64..15..,25,full_solve_stats,enumerate_all,true,full_solve_stats,Unsolvable,Unsolvable,0,290,11299,18460,7705,3332,19,55195
20260421T172600Z,data/none_medium.txt,none,medium,53,...9.8.....8.21759.1..3.4...4.3....7.........1.98..3..6...1......7..9...83...596.,27,classify_up_to_two,classify,true,classify_up_to_two,Unsolvable,Unsolvable,0,0,0,0,0,0,0,46200
20260421T172600Z,data/none_medium.txt,none,medium,53,...9.8.....8.21759.1..3.4...4.3....7.........1.98..3..6...1......7..9...83...596.,27,solve_one,first,true,classify_up_to_two,Unsolvable,Unsolvable,0,0,0,0,0,0,0,42036
20260421T172600Z,data/none_medium.txt,none,medium,53,...9.8.....8.21759.1..3.4...4.3....7.........1.98..3..6...1......7..9...83...596.,27,full_solve_stats,enumerate_all,true,full_solve_stats,Unsolvable,Unsolvable,0,375,17125,13401,1010,1879,19,35547
20260421T172600Z,data/none_medium.txt,none,medium,54,13.....8.....9.6.3....58..7.....73.6..1..47..2......15.....6....45.....9..7......,23,classify_up_to_two,classify,true,classify_up_to_two,Unsolvable,Unsolvable,0,0,0,0,0,0,0,63718
20260421T172600Z,data/none_medium.txt,none,medium,54,13.....8.....9.6.3....58..7.....73.6..1..47..2......15.....6....45.....9..7......,23,solve_one,first,true,classify_up_to_two,Unsolvable,Unsolvable,0,0,0,0,0,0,0,49216
20260421T172600Z,data/none_medium.txt,none,medium,54,13.....8.....9.6.3....58..7.....73.6..1..47..2......15.....6....45.....9..7......,23,full_solve_stats,enumerate_all,true,full_solve_stats,Unsolvable,Unsolvable,0,391,22123,16677,732,1647,25,43283
20260421T172600Z,data/none_medium.txt,none,medium,55,.9.6...7..4....32.8.623.95...4....68621....3.............75....91..4.......9..5..,26,classify_up_to_two,classify,true,classify_up_to_two,Unsolvable,Unsolvable,0,0,0,0,0,0,0,84475
20260421T172600Z,data/none_medium.txt,none,medium,55,.9.6...7..4....32.8.623.95...4....68621....3.............75....91..4.......9..5..,26,solve_one,first,true,classify_up_to_two,Unsolvable,Unsolvable,0,0,0,0,0,0,0,69170
20260421T172600Z,data/none_medium.txt,none,medium,55,.9.6...7..4....32.8.623.95...4....68621....3.............75....91..4.......9..5..,26,full_solve_stats,enumerate_all,true,full_solve_stats,Unsolvable,Unsolvable,0,274,8900,26393,22762,8957,20,77742
20260421T172600Z,data/none_medium.txt,none,medium,56,.57.....638.2...5....3..4.....4.7.19.9..1..........8..9.6..82...2.1.4...71..2..6.,27,classify_up_to_two,classify,true,classify_up_to_two,Unsolvable,Unsolvable,0,0,0,0,0,0,0,48012
20260421T172600Z,data/none_medium.txt,none,medium,56,.57.....638.2...5....3..4.....4.7.19.9..1..........8..9.6..82...2.1.4...71..2..6.,27,solve_one,first,true,classify_up_to_two,Unsolvable,Unsolvable,0,0,0,0,0,0,0,36214
20260421T172600Z,data/none_medium.txt,none,medium,56,.57.....638.2...5....3..4.....4.7.19.9..1..........8..9.6..82...2.1.4...71..2..6.,27,full_solve_stats,enumerate_all,true,full_solve_stats,Unsolvable,Unsolvable,0,318,13522,14617,919,2275,28,33578
20260421T172600Z,data/none_medium.txt,none,medium,57,2.14..5.87....812.8....5....7..6....1.6.2..9..4...1.......5.6...1...9..44.....8..,26,classify_up_to_two,classify,true,classify_up_to_two,Unsolvable,Unsolvable,0,0,0,0,0,0,0,45018
20260421T172600Z,data/none_medium.txt,none,medium,57,2.14..5.87....812.8....5....7..6....1.6.2..9..4...1.......5.6...1...9..44.....8..,26,solve_one,first,true,classify_up_to_two,Unsolvable,Unsolvable,0,0,0,0,0,0,0,31667
20260421T172600Z,data/none_medium.txt,none,medium,57,2.14..5.87....812.8....5....7..6....1.6.2..9..4...1.......5.6...1...9..44.....8..,26,full_solve_stats,enumerate_all,true,full_solve_stats,Unsolvable,Unsolvable,0,287,10264,18955,1082,2811,20,35358
20260421T172600Z,data/none_medium.txt,none,medium,58,.........8...569.31.3..287.....3..565..21.....4....2....5...6.....1....749....52.,26,classify_up_to_two,classify,true,classify_up_to_two,Unsolvable,Unsolvable,0,0,0,0,0,0,0,42597
20260421T172600Z,data/none_medium.txt,none,medium,58,.........8...569.31.3..287.....3..565..21.....4....2....5...6.....1....749....52.,26,solve_one,first,true,classify_up_to_two,Unsolvable,Unsolvable,0,0,0,0,0,0,0,33147
20260421T172600Z,data/none_medium.txt,none,medium,58,.........8...569.31.3..287.....3..565..21.....4....2....5...6.....1....749....52.,26,full_solve_stats,enumerate_all,true,full_solve_stats,Unsolvable,Unsolvable,0,298,13809,13917,573,1618,21,31580
20260421T172600Z,data/none_medium.txt,none,medium,59,.2..1....36..7...5....89...9..........3..7..1742..6.3...9..815........42....63..8,26,classify_up_to_two,classify,true,classify_up_to_two,Unsolvable,Unsolvable,0,0,0,0,0,0,0,106128
20260421T172600Z,data/none_medium.txt,none,medium,59,.2..1....36..7...5....89...9..........3..7..1742..6.3...9..815........42....63..8,26,solve_one,first,true,classify_up_to_two,Unsolvable,Unsolvable,0,0,0,0,0,0,0,69544
20260421T172600Z,data/none_medium.txt,none,medium,59,.2..1....36..7...5....89...9..........3..7..1742..6.3...9..815........42....63..8,26,full_solve_stats,enumerate_all,true,full_solve_stats,Unsolvable,Unsolvable,0,241,4915,22437,22953,10602,19,85079
20260421T172600Z,data/none_medium.txt,none,medium,60,9..6..2..........8.7.4....53.2..6...4517............2......1..9....3.76.218......,23,classify_up_to_two,classify,true,classify_up_to_two,Unsolvable,Unsolvable,0,0,0,0,0,0,0,140831
20260421T172600Z,data/none_medium.txt,none,medium,60,9..6..2..........8.7.4....53.2..6...4517............2......1..9....3.76.218......,23,solve_one,first,true,classify_up_to_two,Unsolvable,Unsolvable,0,0,0,0,0,0,0,120886
20260421T172600Z,data/none_medium.txt,none,medium,60,9..6..2..........8.7.4....53.2..6...4517............2......1..9....3.76.218......,23,full_solve_stats,enumerate_all,true,full_solve_stats,Unsolvable,Unsolvable,0,248,5672,26015,58257,20832,20,140650
20260421T172600Z,data/none_medium.txt,none,medium,61,...16273...94..5..5..........5..1..6....53....8...6.2.89.5....7..2......357......,25,classify_up_to_two,classify,true,classify_up_to_two,Unsolvable,Unsolvable,0,0,0,0,0,0,0,89243
20260421T172600Z,data/none_medium.txt,none,medium,61,...16273...94..5..5..........5..1..6....53....8...6.2.89.5....7..2......357......,25,solve_one,first,true,classify_up_to_two,Unsolvable,Unsolvable,0,0,0,0,0,0,0,75822
20260421T172600Z,data/none_medium.txt,none,medium,61,...16273...94..5..5..........5..1..6....53....8...6.2.89.5....7..2......357......,25,full_solve_stats,enumerate_all,true,full_solve_stats,Unsolvable,Unsolvable,0,216,8944,19045,23464,8404,21,81811
20260421T172600Z,data/none_medium.txt,none,medium,62,....287.........2..635....4...3..9.....2....741..97......67.3.8..6...5...81.5...6,26,classify_up_to_two,classify,true,classify_up_to_two,Unsolvable,Unsolvable,0,0,0,0,0,0,0,47851
20260421T172600Z,data/none_medium.txt,none,medium,62,....287.........2..635....4...3..9.....2....741..97......67.3.8..6...5...81.5...6,26,solve_one,first,true,classify_up_to_two,Unsolvable,Unsolvable,0,0,0,0,0,0,0,40550
20260421T172600Z,data/none_medium.txt,none,medium,62,....287.........2..635....4...3..9.....2....741..97......67.3.8..6...5...81.5...6,26,full_solve_stats,enumerate_all,true,full_solve_stats,Unsolvable,Unsolvable,0,366,16071,19016,844,1826,24,39883
20260421T172600Z,data/none_medium.txt,none,medium,63,2...169.....2..78...........365.7....7.6...5..4...3..71.5.......9..8......47.5..1,25,classify_up_to_two,classify,true,classify_up_to_two,Unsolvable,Unsolvable,0,0,0,0,0,0,0,182244
20260421T172600Z,data/none_medium.txt,none,medium,63,2...169.....2..78...........365.7....7.6...5..4...3..71.5.......9..8......47.5..1,25,solve_one,first,true,classify_up_to_two,Unsolvable,Unsolvable,0,0,0,0,0,0,0,184472
20260421T172600Z,data/none_medium.txt,none,medium,63,2...169.....2..78...........365.7....7.6...5..4...3..71.5.......9..8......47.5..1,25,full_solve_stats,enumerate_all,true,full_solve_stats,Unsolvable,Unsolvable,0,274,12009,32375,89145,29337,29,198921
20260421T172600Z,data/none_medium.txt,none,medium,64,..9..5.8..3....6......742.97.6...9.5.15.97...2...6..3..8....1.....72...........9.,25,classify_up_to_two,classify,true,classify_up_to_two,Unsolvable,Unsolvable,0,0,0,0,0,0,0,75416
20260421T172600Z,data/none_medium.txt,none,medium,64,..9..5.8..3....6......742.97.6...9.5.15.97...2...6..3..8....1.....72...........9.,25,solve_one,first,true,classify_up_to_two,Unsolvable,Unsolvable,0,0,0,0,0,0,0,58372
20260421T172600Z,data/none_medium.txt,none,medium,64,..9..5.8..3....6......742.97.6...9.5.15.97...2...6..3..8....1.....72...........9.,25,full_solve_stats,enumerate_all,true,full_solve_stats,Unsolvable,Unsolvable,0,358,18744,16910,6345,5036,20,65802
20260421T172600Z,data/none_medium.txt,none,medium,65,.8.5..4.17.4.2.5.........92.6..............28..316.....5.91.6........9..6..75..3.,25,classify_up_to_two,classify,true,classify_up_to_two,Unsolvable,Unsolvable,0,0,0,0,0,0,0,116815
20260421T172600Z,data/none_medium.txt,none,medium,65,.8.5..4.17.4.2.5.........92.6..............28..316.....5.91.6........9..6..75..3.,25,solve_one,first,true,classify_up_to_two,Unsolvable,Unsolvable,0,0,0,0,0,0,0,100099
20260421T172600Z,data/none_medium.txt,none,medium,65,.8.5..4.17.4.2.5.........92.6..............28..316.....5.91.6........9..6..75..3.,25,full_solve_stats,enumerate_all,true,full_solve_stats,Unsolvable,Unsolvable,0,243,14223,18803,44736,13908,19,117346
20260421T172600Z,data/none_medium.txt,none,medium,66,.57.96....6.2.19..2.....5...4.96................4.8.6.8.5...6..7...4.31..2.1.....,25,classify_up_to_two,classify,true,classify_up_to_two,Unsolvable,Unsolvable,0,0,0,0,0,0,0,59299
20260421T172600Z,data/none_medium.txt,none,medium,66,.57.96....6.2.19..2.....5...4.96................4.8.6.8.5...6..7...4.31..2.1.....,25,solve_one,first,true,classify_up_to_two,Unsolvable,Unsolvable,0,0,0,0,0,0,0,48719
20260421T172600Z,data/none_medium.txt,none,medium,66,.57.96....6.2.19..2.....5...4.96................4.8.6.8.5...6..7...4.31..2.1.....,25,full_solve_stats,enumerate_all,true,full_solve_stats,Unsolvable,Unsolvable,0,346,14145,16107,6685,3568,19,54822
20260421T172600Z,data/none_medium.txt,none,medium,67,89.7...4...6....85...2..9...6.3.2..9.5..6.........1..26.4....1..72...3.4..5......,25,classify_up_to_two,classify,true,classify_up_to_two,Unsolvable,Unsolvable,0,0,0,0,0,0,0,111494
20260421T172600Z,data/none_medium.txt,none,medium,67,89.7...4...6....85...2..9...6.3.2..9.5..6.........1..26.4....1..72...3.4..5......,25,solve_one,first,true,classify_up_to_two,Unsolvable,Unsolvable,0,0,0,0,0,0,0,90465
20260421T172600Z,data/none_medium.txt,none,medium,67,89.7...4...6....85...2..9...6.3.2..9.5..6.........1..26.4....1..72...3.4..5......,25,full_solve_stats,enumerate_all,true,full_solve_stats,Unsolvable,Unsolvable,0,180,6826,28452,46326,23247,64,129195
20260421T172600Z,data/none_medium.txt,none,medium,68,.45.........2...39..81...7.....5.64.8...9...7.7......11..527.8......94....3......,24,classify_up_to_two,classify,true,classify_up_to_two,Unsolvable,Unsolvable,0,0,0,0,0,0,0,73823
20260421T172600Z,data/none_medium.txt,none,medium,68,.45.........2...39..81...7.....5.64.8...9...7.7......11..527.8......94....3......,24,solve_one,first,true,classify_up_to_two,Unsolvable,Unsolvable,0,0,0,0,0,0,0,59397
20260421T172600Z,data/none_medium.txt,none,medium,68,.45.........2...39..81...7.....5.64.8...9...7.7......11..527.8......94....3......,24,full_solve_stats,enumerate_all,true,full_solve_stats,Unsolvable,Unsolvable,0,238,5094,16950,16629,10138,29,67974
20260421T172600Z,data/none_medium.txt,none,medium,69,....386....5...9..2..........6..1..4.......2..5..438.74..8.6...1.8.2.....9.5..7.8,25,classify_up_to_two,classify,true,classify_up_to_two,Unsolvable,Unsolvable,0,0,0,0,0,0,0,41896
20260421T172600Z,data/none_medium.txt,none,medium,69,....386....5...9..2..........6..1..4.......2..5..438.74..8.6...1.8.2.....9.5..7.8,25,solve_one,first,true,classify_up_to_two,Unsolvable,Unsolvable,0,0,0,0,0,0,0,33260
20260421T172600Z,data/none_medium.txt,none,medium,69,....386....5...9..2..........6..1..4.......2..5..438.74..8.6...1.8.2.....9.5..7.8,25,full_solve_stats,enumerate_all,true,full_solve_stats,Unsolvable,Unsolvable,0,237,15807,17036,1033,2316,50,38280
20260421T172600Z,data/none_medium.txt,none,medium,70,8.....4.2.3..2.6..5....8.....3..9....5.....1.6.9.3.....8.24.1.9..137...84........,25,classify_up_to_two,classify,true,classify_up_to_two,Unsolvable,Unsolvable,0,0,0,0,0,0,0,148810
20260421T172600Z,data/none_medium.txt,none,medium,70,8.....4.2.3..2.6..5....8.....3..9....5.....1.6.9.3.....8.24.1.9..137...84........,25,solve_one,first,true,classify_up_to_two,Unsolvable,Unsolvable,0,0,0,0,0,0,0,125101
20260421T172600Z,data/none_medium.txt,none,medium,70,8.....4.2.3..2.6..5....8.....3..9....5.....1.6.9.3.....8.24.1.9..137...84........,25,full_solve_stats,enumerate_all,true,full_solve_stats,Unsolvable,Unsolvable,0,307,17220,21291,34930,18581,19,115069
20260421T172600Z,data/none_medium.txt,none,medium,71,2..43......45...29.568.1...6.8...1..13...2.9.......4.........8.....1..52.2..65..7,27,classify_up_to_two,classify,true,classify_up_to_two,Unsolvable,Unsolvable,0,0,0,0,0,0,0,40751
20260421T172600Z,data/none_medium.txt,none,medium,71,2..43......45...29.568.1...6.8...1..13...2.9.......4.........8.....1..52.2..65..7,27,solve_one,first,true,classify_up_to_two,Unsolvable,Unsolvable,0,0,0,0,0,0,0,32226
20260421T172600Z,data/none_medium.txt,none,medium,71,2..43......45...29.568.1...6.8...1..13...2.9.......4.........8.....1..52.2..65..7,27,full_solve_stats,enumerate_all,true,full_solve_stats,Unsolvable,Unsolvable,0,298,11928,15671,933,2518,23,33297
20260421T172600Z,data/none_medium.txt,none,medium,72,915...73.....2.9...2483..65...1..3..5.2.....9..1.98.7....4...9..5.......6....75..,28,classify_up_to_two,classify,true,classify_up_to_two,Unsolvable,Unsolvable,0,0,0,0,0,0,0,52840
20260421T172600Z,data/none_medium.txt,none,medium,72,915...73.....2.9...2483..65...1..3..5.2.....9..1.98.7....4...9..5.......6....75..,28,solve_one,first,true,classify_up_to_two,Unsolvable,Unsolvable,0,0,0,0,0,0,0,39897
20260421T172600Z,data/none_medium.txt,none,medium,72,915...73.....2.9...2483..65...1..3..5.2.....9..1.98.7....4...9..5.......6....75..,28,full_solve_stats,enumerate_all,true,full_solve_stats,Unsolvable,Unsolvable,0,344,10770,16597,5590,2807,19,48396
20260421T172600Z,data/none_medium.txt,none,medium,73,.64...137..1...52...2.3.....1..2.8....6..57.....71...4..3....9.58......6.....2...,25,classify_up_to_two,classify,true,classify_up_to_two,Unsolvable,Unsolvable,0,0,0,0,0,0,0,63787
20260421T172600Z,data/none_medium.txt,none,medium,73,.64...137..1...52...2.3.....1..2.8....6..57.....71...4..3....9.58......6.....2...,25,solve_one,first,true,classify_up_to_two,Unsolvable,Unsolvable,0,0,0,0,0,0,0,47845
20260421T172600Z,data/none_medium.txt,none,medium,73,.64...137..1...52...2.3.....1..2.8....6..57.....71...4..3....9.58......6.....2...,25,full_solve_stats,enumerate_all,true,full_solve_stats,Unsolvable,Unsolvable,0,209,11217,15974,9963,5310,19,50530
20260421T172600Z,data/none_medium.txt,none,medium,74,....8.7.6..49...5..263....4.3..4.21..58.213.....56.....6.......183.....2....35...,28,classify_up_to_two,classify,true,classify_up_to_two,Unsolvable,Unsolvable,0,0,0,0,0,0,0,35522
20260421T172600Z,data/none_medium.txt,none,medium,74,....8.7.6..49...5..263....4.3..4.21..58.213.....56.....6.......183.....2....35...,28,solve_one,first,true,classify_up_to_two,Unsolvable,Unsolvable,0,0,0,0,0,0,0,32087
20260421T172600Z,data/none_medium.txt,none,medium,74,....8.7.6..49...5..263....4.3..4.21..58.213.....56.....6.......183.....2....35...,28,full_solve_stats,enumerate_all,true,full_solve_stats,Unsolvable,Unsolvable,0,318,10931,17145,859,1746,26,32584
20260421T172600Z,data/none_medium.txt,none,medium,75,9...6.5.1..18..........9..7.3541....46.3.....1....5.....8...3...5..97.18...68....,26,classify_up_to_two,classify,true,classify_up_to_two,Unsolvable,Unsolvable,0,0,0,0,0,0,0,108642
20260421T172600Z,data/none_medium.txt,none,medium,75,9...6.5.1..18..........9..7.3541....46.3.....1....5.....8...3...5..97.18...68....,26,solve_one,first,true,classify_up_to_two,Unsolvable,Unsolvable,0,0,0,0,0,0,0,88223
20260421T172600Z,data/none_medium.txt,none,medium,75,9...6.5.1..18..........9..7.3541....46.3.....1....5.....8...3...5..97.18...68....,26,full_solve_stats,enumerate_all,true,full_solve_stats,Unsolvable,Unsolvable,0,225,8808,17596,41280,17997,20,107782
20260421T172600Z,data/none_medium.txt,none,medium,76,...5......85.16..2..7..8....5..9...7.71..29....4.7..5.23....6.........9.4..2....3,25,classify_up_to_two,classify,true,classify_up_to_two,Unsolvable,Unsolvable,0,0,0,0,0,0,0,72293
20260421T172600Z,data/none_medium.txt,none,medium,76,...5......85.16..2..7..8....5..9...7.71..29....4.7..5.23....6.........9.4..2....3,25,solve_one,first,true,classify_up_to_two,Unsolvable,Unsolvable,0,0,0,0,0,0,0,50407
20260421T172600Z,data/none_medium.txt,none,medium,76,...5......85.16..2..7..8....5..9...7.71..29....4.7..5.23....6.........9.4..2....3,25,full_solve_stats,enumerate_all,true,full_solve_stats,Unsolvable,Unsolvable,0,324,25444,20289,735,1752,25,49931
20260421T172600Z,data/none_medium.txt,none,medium,77,6....2.....1...98.9..6.7....45...7..2..71....1...3.5....6.2..1.3...7......9.....4,24,classify_up_to_two,classify,true,classify_up_to_two,Unsolvable,Unsolvable,0,0,0,0,0,0,0,56106
20260421T172600Z,data/none_medium.txt,none,medium,77,6....2.....1...98.9..6.7....45...7..2..71....1...3.5....6.2..1.3...7......9.....4,24,solve_one,first,true,classify_up_to_two,Unsolvable,Unsolvable,0,0,0,0,0,0,0,45933
20260421T172600Z,data/none_medium.txt,none,medium,77,6....2.....1...98.9..6.7....45...7..2..71....1...3.5....6.2..1.3...7......9.....4,24,full_solve_stats,enumerate_all,true,full_solve_stats,Unsolvable,Unsolvable,0,303,19953,15447,1687,2843,23,42212
20260421T172600Z,data/none_medium.txt,none,medium,78,1......5..2....1.4.7..6........2.5...37.....8....9.72.9...54.....21....3.1...3...,23,classify_up_to_two,classify,true,classify_up_to_two,Unsolvable,Unsolvable,0,0,0,0,0,0,0,83562
20260421T172600Z,data/none_medium.txt,none,medium,78,1......5..2....1.4.7..6........2.5...37.....8....9.72.9...54.....21....3.1...3...,23,solve_one,first,true,classify_up_to_two,Unsolvable,Unsolvable,0,0,0,0,0,0,0,70635
20260421T172600Z,data/none_medium.txt,none,medium,78,1......5..2....1.4.7..6........2.5...37.....8....9.72.9...54.....21....3.1...3...,23,full_solve_stats,enumerate_all,true,full_solve_stats,Unsolvable,Unsolvable,0,218,8995,19355,19645,12882,19,76569
20260421T172600Z,data/none_medium.txt,none,medium,79,4.3..69.......9.3..8....15...56.13..61..9.8.4.....4...9.....6...32......1....7...,25,classify_up_to_two,classify,true,classify_up_to_two,Unsolvable,Unsolvable,0,0,0,0,0,0,0,47092
20260421T172600Z,data/none_medium.txt,none,medium,79,4.3..69.......9.3..8....15...56.13..61..9.8.4.....4...9.....6...32......1....7...,25,solve_one,first,true,classify_up_to_two,Unsolvable,Unsolvable,0,0,0,0,0,0,0,38779
20260421T172600Z,data/none_medium.txt,none,medium,79,4.3..69.......9.3..8....15...56.13..61..9.8.4.....4...9.....6...32......1....7...,25,full_solve_stats,enumerate_all,true,full_solve_stats,Unsolvable,Unsolvable,0,241,14897,18157,895,1939,26,37859
20260421T172600Z,data/none_medium.txt,none,medium,80,....7.2..3.....8.949.2.6..78...4....67....5..1....849...29.3...7.......8.4.....3.,26,classify_up_to_two,classify,true,classify_up_to_two,Unsolvable,Unsolvable,0,0,0,0,0,0,0,72326
20260421T172600Z,data/none_medium.txt,none,medium,80,....7.2..3.....8.949.2.6..78...4....67....5..1....849...29.3...7.......8.4.....3.,26,solve_one,first,true,classify_up_to_two,Unsolvable,Unsolvable,0,0,0,0,0,0,0,58880
20260421T172600Z,data/none_medium.txt,none,medium,80,....7.2..3.....8.949.2.6..78...4....67....5..1....849...29.3...7.......8.4.....3.,26,full_solve_stats,enumerate_all,true,full_solve_stats,Unsolvable,Unsolvable,0,226,8157,20037,18380,7475,19,70905
20260421T172600Z,data/none_medium.txt,none,medium,81,7.4.19.2.....2.6..2....8..58....47....1..3..8..5..71....9...3....6....1.1.74.....,26,classify_up_to_two,classify,true,classify_up_to_two,Unsolvable,Unsolvable,0,0,0,0,0,0,0,54874
20260421T172600Z,data/none_medium.txt,none,medium,81,7.4.19.2.....2.6..2....8..58....47....1..3..8..5..71....9...3....6....1.1.74.....,26,solve_one,first,true,classify_up_to_two,Unsolvable,Unsolvable,0,0,0,0,0,0,0,39529
20260421T172600Z,data/none_medium.txt,none,medium,81,7.4.19.2.....2.6..2....8..58....47....1..3..8..5..71....9...3....6....1.1.74.....,26,full_solve_stats,enumerate_all,true,full_solve_stats,Unsolvable,Unsolvable,0,286,5676,20043,8259,3802,19,49637
20260421T172600Z,data/none_medium.txt,none,medium,82,3......8..12.9...5..8.4....1.94...2......96.45..3..1......2.8964...6.......1.....,25,classify_up_to_two,classify,true,classify_up_to_two,Unsolvable,Unsolvable,0,0,0,0,0,0,0,56898
20260421T172600Z,data/none_medium.txt,none,medium,82,3......8..12.9...5..8.4....1.94...2......96.45..3..1......2.8964...6.......1.....,25,solve_one,first,true,classify_up_to_two,Unsolvable,Unsolvable,0,0,0,0,0,0,0,45762
20260421T172600Z,data/none_medium.txt,none,medium,82,3......8..12.9...5..8.4....1.94...2......96.45..3..1......2.8964...6.......1.....,25,full_solve_stats,enumerate_all,true,full_solve_stats,Unsolvable,Unsolvable,0,236,18513,13717,1172,2352,27,37978
20260421T172600Z,data/none_medium.txt,none,medium,83,..35........6.......8.94....6....98..7.....1....17..5...7.4.2.5...3...48..2.1.69.,25,classify_up_to_two,classify,true,classify_up_to_two,Unsolvable,Unsolvable,0,0,0,0,0,0,0,58169
20260421T172600Z,data/none_medium.txt,none,medium,83,..35........6.......8.94....6....98..7.....1....17..5...7.4.2.5...3...48..2.1.69.,25,solve_one,first,true,classify_up_to_two,Unsolvable,Unsolvable,0,0,0,0,0,0,0,45514
20260421T172600Z,data/none_medium.txt,none,medium,83,..35........6.......8.94....6....98..7.....1....17..5...7.4.2.5...3...48..2.1.69.,25,full_solve_stats,enumerate_all,true,full_solve_stats,Unsolvable,Unsolvable,0,289,11782,15291,8479,3917,18,47069
20260421T172600Z,data/none_medium.txt,none,medium,84,.........6.387..9....1.64....7...1....9...6523..26...89..5..2...4.7...6.7...43...,27,classify_up_to_two,classify,true,classify_up_to_two,Unsolvable,Unsolvable,0,0,0,0,0,0,0,74298
20260421T172600Z,data/none_medium.txt,none,medium,84,.........6.387..9....1.64....7...1....9...6523..26...89..5..2...4.7...6.7...43...,27,solve_one,first,true,classify_up_to_two,Unsolvable,Unsolvable,0,0,0,0,0,0,0,58630
20260421T172600Z,data/none_medium.txt,none,medium,84,.........6.387..9....1.64....7...1....9...6523..26...89..5..2...4.7...6.7...43...,27,full_solve_stats,enumerate_all,true,full_solve_stats,Unsolvable,Unsolvable,0,260,8297,15450,9903,14662,24,59027
20260421T172600Z,data/none_medium.txt,none,medium,85,..97.68...1......5.3..2....4.......6....7.2...539....7.....174..4..6...3.9.3..6..,25,classify_up_to_two,classify,true,classify_up_to_two,Unsolvable,Unsolvable,0,0,0,0,0,0,0,55919
20260421T172600Z,data/none_medium.txt,none,medium,85,..97.68...1......5.3..2....4.......6....7.2...539....7.....174..4..6...3.9.3..6..,25,solve_one,first,true,classify_up_to_two,Unsolvable,Unsolvable,0,0,0,0,0,0,0,42186
20260421T172600Z,data/none_medium.txt,none,medium,85,..97.68...1......5.3..2....4.......6....7.2...539....7.....174..4..6...3.9.3..6..,25,full_solve_stats,enumerate_all,true,full_solve_stats,Unsolvable,Unsolvable,0,304,13359,15986,5010,2629,19,45984
20260421T172600Z,data/none_medium.txt,none,medium,86,..7..89.5..2...1..8.69......8..........2.6..85....934..2.4...........73.94...5...,24,classify_up_to_two,classify,true,classify_up_to_two,Unsolvable,Unsolvable,0,0,0,0,0,0,0,48503
20260421T172600Z,data/none_medium.txt,none,medium,86,..7..89.5..2...1..8.69......8..........2.6..85....934..2.4...........73.94...5...,24,solve_one,first,true,classify_up_to_two,Unsolvable,Unsolvable,0,0,0,0,0,0,0,38367
20260421T172600Z,data/none_medium.txt,none,medium,86,..7..89.5..2...1..8.69......8..........2.6..85....934..2.4...........73.94...5...,24,full_solve_stats,enumerate_all,true,full_solve_stats,Unsolvable,Unsolvable,0,283,14641,16942,943,1892,31,36501
20260421T172600Z,data/none_medium.txt,none,medium,87,.....3.2..5..8......84...617..56....8.....6.9..9..17..32...8.........3.89...1...7,25,classify_up_to_two,classify,true,classify_up_to_two,Unsolvable,Unsolvable,0,0,0,0,0,0,0,67790
20260421T172600Z,data/none_medium.txt,none,medium,87,.....3.2..5..8......84...617..56....8.....6.9..9..17..32...8.........3.89...1...7,25,solve_one,first,true,classify_up_to_two,Unsolvable,Unsolvable,0,0,0,0,0,0,0,80194
20260421T172600Z,data/none_medium.txt,none,medium,87,.....3.2..5..8......84...617..56....8.....6.9..9..17..32...8.........3.89...1...7,25,full_solve_stats,enumerate_all,true,full_solve_stats,Unsolvable,Unsolvable,0,394,22311,21461,14262,8119,30,78234
20260421T172600Z,data/none_medium.txt,none,medium,88,....31..6.3.2.78....64..5....3......7.8..4.2.42.....5.......39..1......56....8.7.,25,classify_up_to_two,classify,true,classify_up_to_two,Unsolvable,Unsolvable,0,0,0,0,0,0,0,49562
20260421T172600Z,data/none_medium.txt,none,medium,88,....31..6.3.2.78....64..5....3......7.8..4.2.42.....5.......39..1......56....8.7.,25,solve_one,first,true,classify_up_to_two,Unsolvable,Unsolvable,0,0,0,0,0,0,0,36585
20260421T172600Z,data/none_medium.txt,none,medium,88,....31..6.3.2.78....64..5....3......7.8..4.2.42.....5.......39..1......56....8.7.,25,full_solve_stats,enumerate_all,true,full_solve_stats,Unsolvable,Unsolvable,0,277,14282,17790,939,1976,25,37099
20260421T172600Z,data/none_medium.txt,none,medium,89,...7.4......8..5.2.8.53.1...3..59..1......9..8.......4....13....58..23.6.2.4.....,25,classify_up_to_two,classify,true,classify_up_to_two,Unsolvable,Unsolvable,0,0,0,0,0,0,0,51105
20260421T172600Z,data/none_medium.txt,none,medium,89,...7.4......8..5.2.8.53.1...3..59..1......9..8.......4....13....58..23.6.2.4.....,25,solve_one,first,true,classify_up_to_two,Unsolvable,Unsolvable,0,0,0,0,0,0,0,39833
20260421T172600Z,data/none_medium.txt,none,medium,89,...7.4......8..5.2.8.53.1...3..59..1......9..8.......4....13....58..23.6.2.4.....,25,full_solve_stats,enumerate_all,true,full_solve_stats,Unsolvable,Unsolvable,0,255,16541,13782,892,1888,22,34825
20260421T172600Z,data/none_medium.txt,none,medium,90,2.4....8..8..2.1...195..7.4......8.5..6.4......2839......7.495.6..95.4...........,27,classify_up_to_two,classify,true,classify_up_to_two,Unsolvable,Unsolvable,0,0,0,0,0,0,0,47170
20260421T172600Z,data/none_medium.txt,none,medium,90,2.4....8..8..2.1...195..7.4......8.5..6.4......2839......7.495.6..95.4...........,27,solve_one,first,true,classify_up_to_two,Unsolvable,Unsolvable,0,0,0,0,0,0,0,37035
20260421T172600Z,data/none_medium.txt,none,medium,90,2.4....8..8..2.1...195..7.4......8.5..6.4......2839......7.495.6..95.4...........,27,full_solve_stats,enumerate_all,true,full_solve_stats,Unsolvable,Unsolvable,0,364,16675,16117,625,1584,22,36720
20260421T172600Z,data/none_medium.txt,none,medium,91,..34..8.5....1.....7...5.932..9......6...3.19......32....2.4.....51.7...84......2,25,classify_up_to_two,classify,true,classify_up_to_two,Unsolvable,Unsolvable,0,0,0,0,0,0,0,46329
20260421T172600Z,data/none_medium.txt,none,medium,91,..34..8.5....1.....7...5.932..9......6...3.19......32....2.4.....51.7...84......2,25,solve_one,first,true,classify_up_to_two,Unsolvable,Unsolvable,0,0,0,0,0,0,0,34382
20260421T172600Z,data/none_medium.txt,none,medium,91,..34..8.5....1.....7...5.932..9......6...3.19......32....2.4.....51.7...84......2,25,full_solve_stats,enumerate_all,true,full_solve_stats,Unsolvable,Unsolvable,0,288,16708,14752,768,1689,20,35479
20260421T172600Z,data/none_medium.txt,none,medium,92,.....4563724.....1......2...7..1...2...4......69.3...5....8....5.2..63.7.3...7.16,27,classify_up_to_two,classify,true,classify_up_to_two,Unsolvable,Unsolvable,0,0,0,0,0,0,0,58655
20260421T172600Z,data/none_medium.txt,none,medium,92,.....4563724.....1......2...7..1...2...4......69.3...5....8....5.2..63.7.3...7.16,27,solve_one,first,true,classify_up_to_two,Unsolvable,Unsolvable,0,0,0,0,0,0,0,46196
20260421T172600Z,data/none_medium.txt,none,medium,92,.....4563724.....1......2...7..1...2...4......69.3...5....8....5.2..63.7.3...7.16,27,full_solve_stats,enumerate_all,true,full_solve_stats,Unsolvable,Unsolvable,0,251,13904,16078,9180,4590,21,54096
20260421T172600Z,data/none_medium.txt,none,medium,93,.....491..4......5..1.9..82.1.....2....9416..6.........8.2..15.7.5...3.8....78.4.,27,classify_up_to_two,classify,true,classify_up_to_two,Unsolvable,Unsolvable,0,0,0,0,0,0,0,58770
20260421T172600Z,data/none_medium.txt,none,medium,93,.....491..4......5..1.9..82.1.....2....9416..6.........8.2..15.7.5...3.8....78.4.,27,solve_one,first,true,classify_up_to_two,Unsolvable,Unsolvable,0,0,0,0,0,0,0,45328
20260421T172600Z,data/none_medium.txt,none,medium,93,.....491..4......5..1.9..82.1.....2....9416..6.........8.2..15.7.5...3.8....78.4.,27,full_solve_stats,enumerate_all,true,full_solve_stats,Unsolvable,Unsolvable,0,237,7676,14648,14607,5099,19,52968
20260421T172600Z,data/none_medium.txt,none,medium,94,..43.17..9...........4..25..2...8..5.....9.327...5...836....8.14..6.......8...6..,25,classify_up_to_two,classify,true,classify_up_to_two,Unsolvable,Unsolvable,0,0,0,0,0,0,0,65958
20260421T172600Z,data/none_medium.txt,none,medium,94,..43.17..9...........4..25..2...8..5.....9.327...5...836....8.14..6.......8...6..,25,solve_one,first,true,classify_up_to_two,Unsolvable,Unsolvable,0,0,0,0,0,0,0,48373
20260421T172600Z,data/none_medium.txt,none,medium,94,..43.17..9...........4..25..2...8..5.....9.327...5...836....8.14..6.......8...6..,25,full_solve_stats,enumerate_all,true,full_solve_stats,Unsolvable,Unsolvable,0,203,11221,16529,7855,4085,24,48203
20260421T172600Z,data/none_medium.txt,none,medium,95,...57.......1..8..715.6............4.5...6..968....1279...3..8...2.59.4.......2..,25,classify_up_to_two,classify,true,classify_up_to_two,Unsolvable,Unsolvable,0,0,0,0,0,0,0,106032
20260421T172600Z,data/none_medium.txt,none,medium,95,...57.......1..8..715.6............4.5...6..968....1279...3..8...2.59.4.......2..,25,solve_one,first,true,classify_up_to_two,Unsolvable,Unsolvable,0,0,0,0,0,0,0,91095
20260421T172600Z,data/none_medium.txt,none,medium,95,...57.......1..8..715.6............4.5...6..968....1279...3..8...2.59.4.......2..,25,full_solve_stats,enumerate_all,true,full_solve_stats,Unsolvable,Unsolvable,0,238,10220,17058,33956,13860,21,95995
20260421T172600Z,data/none_medium.txt,none,medium,96,.......4..1...6......52..37.69...2.....8.97..........5..2.47.9.7.....15.3.62.....,24,classify_up_to_two,classify,true,classify_up_to_two,Unsolvable,Unsolvable,0,0,0,0,0,0,0,51537
20260421T172600Z,data/none_medium.txt,none,medium,96,.......4..1...6......52..37.69...2.....8.97..........5..2.47.9.7.....15.3.62.....,24,solve_one,first,true,classify_up_to_two,Unsolvable,Unsolvable,0,0,0,0,0,0,0,41593
20260421T172600Z,data/none_medium.txt,none,medium,96,.......4..1...6......52..37.69...2.....8.97..........5..2.47.9.7.....15.3.62.....,24,full_solve_stats,enumerate_all,true,full_solve_stats,Unsolvable,Unsolvable,0,345,15941,15560,4052,3386,17,50813
20260421T172600Z,data/none_medium.txt,none,medium,97,.....3.8...9........41.7.5..3..6.94.875.....1.9..2..7...3..5.....8.7.3..2..4....7,26,classify_up_to_two,classify,true,classify_up_to_two,Unsolvable,Unsolvable,0,0,0,0,0,0,0,42029
20260421T172600Z,data/none_medium.txt,none,medium,97,.....3.8...9........41.7.5..3..6.94.875.....1.9..2..7...3..5.....8.7.3..2..4....7,26,solve_one,first,true,classify_up_to_two,Unsolvable,Unsolvable,0,0,0,0,0,0,0,33740
20260421T172600Z,data/none_medium.txt,none,medium,97,.....3.8...9........41.7.5..3..6.94.875.....1.9..2..7...3..5.....8.7.3..2..4....7,26,full_solve_stats,enumerate_all,true,full_solve_stats,Unsolvable,Unsolvable,0,259,10512,17026,2013,2667,25,34963
20260421T172600Z,data/none_medium.txt,none,medium,98,1.54..2.....2387.......7...4....9..126.....79.....5..3.84.......2..7.9.6.......5.,25,classify_up_to_two,classify,true,classify_up_to_two,Unsolvable,Unsolvable,0,0,0,0,0,0,0,94478
20260421T172600Z,data/none_medium.txt,none,medium,98,1.54..2.....2387.......7...4....9..126.....79.....5..3.84.......2..7.9.6.......5.,25,solve_one,first,true,classify_up_to_two,Unsolvable,Unsolvable,0,0,0,0,0,0,0,79890
20260421T172600Z,data/none_medium.txt,none,medium,98,1.54..2.....2387.......7...4....9..126.....79.....5..3.84.......2..7.9.6.......5.,25,full_solve_stats,enumerate_all,true,full_solve_stats,Unsolvable,Unsolvable,0,276,12975,25436,33569,11159,27,100564
20260421T172600Z,data/none_medium.txt,none,medium,99,..4....328.3..4....6......1.......6....72.5..51.3........1.36.9....49.......6.2.7,24,classify_up_to_two,classify,true,classify_up_to_two,Unsolvable,Unsolvable,0,0,0,0,0,0,0,69458
20260421T172600Z,data/none_medium.txt,none,medium,99,..4....328.3..4....6......1.......6....72.5..51.3........1.36.9....49.......6.2.7,24,solve_one,first,true,classify_up_to_two,Unsolvable,Unsolvable,0,0,0,0,0,0,0,47903
20260421T172600Z,data/none_medium.txt,none,medium,99,..4....328.3..4....6......1.......6....72.5..51.3........1.36.9....49.......6.2.7,24,full_solve_stats,enumerate_all,true,full_solve_stats,Unsolvable,Unsolvable,0,287,18904,16249,4639,2546,18,52344
20260421T172600Z,data/none_hard.txt,none,hard,0,..5...7483..6...19.....1..5...7...2.9....58..7..84......3.9...2.9.4.....8.....1.3,26,classify_up_to_two,classify,true,classify_up_to_two,Unsolvable,Unsolvable,0,0,0,0,0,0,0,62773
20260421T172600Z,data/none_hard.txt,none,hard,0,..5...7483..6...19.....1..5...7...2.9....58..7..84......3.9...2.9.4.....8.....1.3,26,solve_one,first,true,classify_up_to_two,Unsolvable,Unsolvable,0,0,0,0,0,0,0,49223
20260421T172600Z,data/none_hard.txt,none,hard,0,..5...7483..6...19.....1..5...7...2.9....58..7..84......3.9...2.9.4.....8.....1.3,26,full_solve_stats,enumerate_all,true,full_solve_stats,Unsolvable,Unsolvable,0,248,8886,17291,10906,4662,24,52234
20260421T172600Z,data/none_hard.txt,none,hard,1,38.1.........5.69....9....3.4.........5.18.......9.561.6..2478.8.......6..4.8..2.,26,classify_up_to_two,classify,true,classify_up_to_two,Unsolvable,Unsolvable,0,0,0,0,0,0,0,77871
20260421T172600Z,data/none_hard.txt,none,hard,1,38.1.........5.69....9....3.4.........5.18.......9.561.6..2478.8.......6..4.8..2.,26,solve_one,first,true,classify_up_to_two,Unsolvable,Unsolvable,0,0,0,0,0,0,0,62922
20260421T172600Z,data/none_hard.txt,none,hard,1,38.1.........5.69....9....3.4.........5.18.......9.561.6..2478.8.......6..4.8..2.,26,full_solve_stats,enumerate_all,true,full_solve_stats,Unsolvable,Unsolvable,0,242,7796,15351,18238,11802,29,68276
20260421T172600Z,data/none_hard.txt,none,hard,2,.7316....4....7........8..2..9...2.52..9..1.....5.36..6..2..8..91......3..7.....6,25,classify_up_to_two,classify,true,classify_up_to_two,Unsolvable,Unsolvable,0,0,0,0,0,0,0,158564
20260421T172600Z,data/none_hard.txt,none,hard,2,.7316....4....7........8..2..9...2.52..9..1.....5.36..6..2..8..91......3..7.....6,25,solve_one,first,true,classify_up_to_two,Unsolvable,Unsolvable,0,0,0,0,0,0,0,156668
20260421T172600Z,data/none_hard.txt,none,hard,2,.7316....4....7........8..2..9...2.52..9..1.....5.36..6..2..8..91......3..7.....6,25,full_solve_stats,enumerate_all,true,full_solve_stats,Unsolvable,Unsolvable,0,367,11527,30730,70145,27088,52,178994
20260421T172600Z,data/none_hard.txt,none,hard,3,9.4.728.....8.36..8..9.....6.9....1..83..7.....7.....22...385..4..729..6...6.....,28,classify_up_to_two,classify,true,classify_up_to_two,Unsolvable,Unsolvable,0,0,0,0,0,0,0,89996
20260421T172600Z,data/none_hard.txt,none,hard,3,9.4.728.....8.36..8..9.....6.9....1..83..7.....7.....22...385..4..729..6...6.....,28,solve_one,first,true,classify_up_to_two,Unsolvable,Unsolvable,0,0,0,0,0,0,0,71744
20260421T172600Z,data/none_hard.txt,none,hard,3,9.4.728.....8.36..8..9.....6.9....1..83..7.....7.....22...385..4..729..6...6.....,28,full_solve_stats,enumerate_all,true,full_solve_stats,Unsolvable,Unsolvable,0,289,8286,18866,24127,16161,28,90722
20260421T172600Z,data/none_hard.txt,none,hard,4,...6..8....35.4...65..217...6........4.....5..7138..2...7.1.6.4.1.......9....3..7,26,classify_up_to_two,classify,true,classify_up_to_two,Unsolvable,Unsolvable,0,0,0,0,0,0,0,70984
20260421T172600Z,data/none_hard.txt,none,hard,4,...6..8....35.4...65..217...6........4.....5..7138..2...7.1.6.4.1.......9....3..7,26,solve_one,first,true,classify_up_to_two,Unsolvable,Unsolvable,0,0,0,0,0,0,0,60615
20260421T172600Z,data/none_hard.txt,none,hard,4,...6..8....35.4...65..217...6........4.....5..7138..2...7.1.6.4.1.......9....3..7,26,full_solve_stats,enumerate_all,true,full_solve_stats,Unsolvable,Unsolvable,0,250,5160,15694,17448,9845,24,64554
20260421T172600Z,data/none_hard.txt,none,hard,5,....3.76.5....91.29.........49..53.......327...52..........75.4..1.4.....6..1....,24,classify_up_to_two,classify,true,classify_up_to_two,Unsolvable,Unsolvable,0,0,0,0,0,0,0,48109
20260421T172600Z,data/none_hard.txt,none,hard,5,....3.76.5....91.29.........49..53.......327...52..........75.4..1.4.....6..1....,24,solve_one,first,true,classify_up_to_two,Unsolvable,Unsolvable,0,0,0,0,0,0,0,46795
20260421T172600Z,data/none_hard.txt,none,hard,5,....3.76.5....91.29.........49..53.......327...52..........75.4..1.4.....6..1....,24,full_solve_stats,enumerate_all,true,full_solve_stats,Unsolvable,Unsolvable,0,228,14875,17063,311,1047,30,34587
20260421T172600Z,data/none_hard.txt,none,hard,6,.5.....43.1.....82.84..7.1..7159....4.........23.1..6.8..1...26...7.4......9.2...,27,classify_up_to_two,classify,true,classify_up_to_two,Unsolvable,Unsolvable,0,0,0,0,0,0,0,44429
20260421T172600Z,data/none_hard.txt,none,hard,6,.5.....43.1.....82.84..7.1..7159....4.........23.1..6.8..1...26...7.4......9.2...,27,solve_one,first,true,classify_up_to_two,Unsolvable,Unsolvable,0,0,0,0,0,0,0,33923
20260421T172600Z,data/none_hard.txt,none,hard,6,.5.....43.1.....82.84..7.1..7159....4.........23.1..6.8..1...26...7.4......9.2...,27,full_solve_stats,enumerate_all,true,full_solve_stats,Unsolvable,Unsolvable,0,270,8889,18425,2628,1877,20,40131
20260421T172600Z,data/none_hard.txt,none,hard,7,..3..9........23......5..876.......53.94.....48...523...7.13.....6..8.9...12.....,25,classify_up_to_two,classify,true,classify_up_to_two,Unsolvable,Unsolvable,0,0,0,0,0,0,0,61884
20260421T172600Z,data/none_hard.txt,none,hard,7,..3..9........23......5..876.......53.94.....48...523...7.13.....6..8.9...12.....,25,solve_one,first,true,classify_up_to_two,Unsolvable,Unsolvable,0,0,0,0,0,0,0,52360
20260421T172600Z,data/none_hard.txt,none,hard,7,..3..9........23......5..876.......53.94.....48...523...7.13.....6..8.9...12.....,25,full_solve_stats,enumerate_all,true,full_solve_stats,Unsolvable,Unsolvable,0,307,23576,16233,1735,2259,27,47814
20260421T172600Z,data/none_hard.txt,none,hard,8,.....8.3.2.3...4.6..54.37....4...6...9.8.....5..9.4..27..589..34..2...7..........,26,classify_up_to_two,classify,true,classify_up_to_two,Unsolvable,Unsolvable,0,0,0,0,0,0,0,87389
20260421T172600Z,data/none_hard.txt,none,hard,8,.....8.3.2.3...4.6..54.37....4...6...9.8.....5..9.4..27..589..34..2...7..........,26,solve_one,first,true,classify_up_to_two,Unsolvable,Unsolvable,0,0,0,0,0,0,0,79473
20260421T172600Z,data/none_hard.txt,none,hard,8,.....8.3.2.3...4.6..54.37....4...6...9.8.....5..9.4..27..589..34..2...7..........,26,full_solve_stats,enumerate_all,true,full_solve_stats,Unsolvable,Unsolvable,0,280,14804,17226,19923,12186,27,78812
20260421T172600Z,data/none_hard.txt,none,hard,9,2...7..4.1.93.......78..2..56...78.17.........9.26..3...573...46...1..98.........,27,classify_up_to_two,classify,true,classify_up_to_two,Unsolvable,Unsolvable,0,0,0,0,0,0,0,63334
20260421T172600Z,data/none_hard.txt,none,hard,9,2...7..4.1.93.......78..2..56...78.17.........9.26..3...573...46...1..98.........,27,solve_one,first,true,classify_up_to_two,Unsolvable,Unsolvable,0,0,0,0,0,0,0,47620
20260421T172600Z,data/none_hard.txt,none,hard,9,2...7..4.1.93.......78..2..56...78.17.........9.26..3...573...46...1..98.........,27,full_solve_stats,enumerate_all,true,full_solve_stats,Unsolvable,Unsolvable,0,203,9211,15379,9543,5948,19,52175
20260421T172600Z,data/none_hard.txt,none,hard,10,.4...8.....6.2......57....8.52..7...1..35....4....27...7.9...64.......1...9431..2,26,classify_up_to_two,classify,true,classify_up_to_two,Unsolvable,Unsolvable,0,0,0,0,0,0,0,52809
20260421T172600Z,data/none_hard.txt,none,hard,10,.4...8.....6.2......57....8.52..7...1..35....4....27...7.9...64.......1...9431..2,26,solve_one,first,true,classify_up_to_two,Unsolvable,Unsolvable,0,0,0,0,0,0,0,44072
20260421T172600Z,data/none_hard.txt,none,hard,10,.4...8.....6.2......57....8.52..7...1..35....4....27...7.9...64.......1...9431..2,26,full_solve_stats,enumerate_all,true,full_solve_stats,Unsolvable,Unsolvable,0,363,17881,15061,3572,3165,22,46417
20260421T172600Z,data/none_hard.txt,none,hard,11,5.7...3.8..6.4...7.937........3.7.5..3..2......2..18.........1.1..4...9.9.4..3...,25,classify_up_to_two,classify,true,classify_up_to_two,Unsolvable,Unsolvable,0,0,0,0,0,0,0,100120
20260421T172600Z,data/none_hard.txt,none,hard,11,5.7...3.8..6.4...7.937........3.7.5..3..2......2..18.........1.1..4...9.9.4..3...,25,solve_one,first,true,classify_up_to_two,Unsolvable,Unsolvable,0,0,0,0,0,0,0,82361
20260421T172600Z,data/none_hard.txt,none,hard,11,5.7...3.8..6.4...7.937........3.7.5..3..2......2..18.........1.1..4...9.9.4..3...,25,full_solve_stats,enumerate_all,true,full_solve_stats,Unsolvable,Unsolvable,0,210,8372,26385,31969,10100,18,95577
20260421T172600Z,data/none_hard.txt,none,hard,12,.6.5...7.8.5..3..2.2......57...8..9..8..6...4...4..3..2......3....7.56....3.98...,25,classify_up_to_two,classify,true,classify_up_to_two,Unsolvable,Unsolvable,0,0,0,0,0,0,0,39371
20260421T172600Z,data/none_hard.txt,none,hard,12,.6.5...7.8.5..3..2.2......57...8..9..8..6...4...4..3..2......3....7.56....3.98...,25,solve_one,first,true,classify_up_to_two,Unsolvable,Unsolvable,0,0,0,0,0,0,0,34378
20260421T172600Z,data/none_hard.txt,none,hard,12,.6.5...7.8.5..3..2.2......57...8..9..8..6...4...4..3..2......3....7.56....3.98...,25,full_solve_stats,enumerate_all,true,full_solve_stats,Unsolvable,Unsolvable,0,238,12211,16759,1713,4305,67,37704
20260421T172600Z,data/none_hard.txt,none,hard,13,....2639..........2.83.....7.9....8.35...9.1....2....69...516..4.......7......53.,24,classify_up_to_two,classify,true,classify_up_to_two,Unsolvable,Unsolvable,0,0,0,0,0,0,0,75683
20260421T172600Z,data/none_hard.txt,none,hard,13,....2639..........2.83.....7.9....8.35...9.1....2....69...516..4.......7......53.,24,solve_one,first,true,classify_up_to_two,Unsolvable,Unsolvable,0,0,0,0,0,0,0,69988
20260421T172600Z,data/none_hard.txt,none,hard,13,....2639..........2.83.....7.9....8.35...9.1....2....69...516..4.......7......53.,24,full_solve_stats,enumerate_all,true,full_solve_stats,Unsolvable,Unsolvable,0,384,42256,20279,1287,2674,28,68814
20260421T172600Z,data/none_hard.txt,none,hard,14,......6.....4...97...7.18.247..18......2....639...4.1..5....1..78..5......48.9.6.,27,classify_up_to_two,classify,true,classify_up_to_two,Unsolvable,Unsolvable,0,0,0,0,0,0,0,138847
20260421T172600Z,data/none_hard.txt,none,hard,14,......6.....4...97...7.18.247..18......2....639...4.1..5....1..78..5......48.9.6.,27,solve_one,first,true,classify_up_to_two,Unsolvable,Unsolvable,0,0,0,0,0,0,0,126089
20260421T172600Z,data/none_hard.txt,none,hard,14,......6.....4...97...7.18.247..18......2....639...4.1..5....1..78..5......48.9.6.,27,full_solve_stats,enumerate_all,true,full_solve_stats,Unsolvable,Unsolvable,0,521,23112,23532,27815,16908,76,114465
20260421T172600Z,data/none_hard.txt,none,hard,15,9..6..8.5........1.31.4.7......586.7..2.1..4.......9..4....5.8..5.1.9.....9.7....,25,classify_up_to_two,classify,true,classify_up_to_two,Unsolvable,Unsolvable,0,0,0,0,0,0,0,118533
20260421T172600Z,data/none_hard.txt,none,hard,15,9..6..8.5........1.31.4.7......586.7..2.1..4.......9..4....5.8..5.1.9.....9.7....,25,solve_one,first,true,classify_up_to_two,Unsolvable,Unsolvable,0,0,0,0,0,0,0,104569
20260421T172600Z,data/none_hard.txt,none,hard,15,9..6..8.5........1.31.4.7......586.7..2.1..4.......9..4....5.8..5.1.9.....9.7....,25,full_solve_stats,enumerate_all,true,full_solve_stats,Unsolvable,Unsolvable,0,242,11317,23600,44702,29604,45,133564
20260421T172600Z,data/none_hard.txt,none,hard,16,6...7.....173.6...4....8....9.2.35.....7.4.82.2..9....9...17..32.....7.1....3..65,28,classify_up_to_two,classify,true,classify_up_to_two,Unsolvable,Unsolvable,0,0,0,0,0,0,0,62043
20260421T172600Z,data/none_hard.txt,none,hard,16,6...7.....173.6...4....8....9.2.35.....7.4.82.2..9....9...17..32.....7.1....3..65,28,solve_one,first,true,classify_up_to_two,Unsolvable,Unsolvable,0,0,0,0,0,0,0,49738
20260421T172600Z,data/none_hard.txt,none,hard,16,6...7.....173.6...4....8....9.2.35.....7.4.82.2..9....9...17..32.....7.1....3..65,28,full_solve_stats,enumerate_all,true,full_solve_stats,Unsolvable,Unsolvable,0,283,11962,18125,9194,5819,22,60004
20260421T172600Z,data/none_hard.txt,none,hard,17,.32......64...1..9..589.......7.3.......4..63..9.6..8.......63........97.17..5...,24,classify_up_to_two,classify,true,classify_up_to_two,Unsolvable,Unsolvable,0,0,0,0,0,0,0,47292
20260421T172600Z,data/none_hard.txt,none,hard,17,.32......64...1..9..589.......7.3.......4..63..9.6..8.......63........97.17..5...,24,solve_one,first,true,classify_up_to_two,Unsolvable,Unsolvable,0,0,0,0,0,0,0,37339
20260421T172600Z,data/none_hard.txt,none,hard,17,.32......64...1..9..589.......7.3.......4..63..9.6..8.......63........97.17..5...,24,full_solve_stats,enumerate_all,true,full_solve_stats,Unsolvable,Unsolvable,0,320,14187,19769,671,1522,34,37996
20260421T172600Z,data/none_hard.txt,none,hard,18,...48.56..1.5.6.9.....973....9.2..4.6....5......37....5.2.......63.........96.8..,25,classify_up_to_two,classify,true,classify_up_to_two,Unsolvable,Unsolvable,0,0,0,0,0,0,0,113308
20260421T172600Z,data/none_hard.txt,none,hard,18,...48.56..1.5.6.9.....973....9.2..4.6....5......37....5.2.......63.........96.8..,25,solve_one,first,true,classify_up_to_two,Unsolvable,Unsolvable,0,0,0,0,0,0,0,96100
20260421T172600Z,data/none_hard.txt,none,hard,18,...48.56..1.5.6.9.....973....9.2..4.6....5......37....5.2.......63.........96.8..,25,full_solve_stats,enumerate_all,true,full_solve_stats,Unsolvable,Unsolvable,0,256,11629,30740,34255,16461,19,105175
20260421T172600Z,data/none_hard.txt,none,hard,19,..24..83.6...7....5.83..7.98.........23...15.49..2......7.1.......2.5..6..4...2..,26,classify_up_to_two,classify,true,classify_up_to_two,Unsolvable,Unsolvable,0,0,0,0,0,0,0,65450
20260421T172600Z,data/none_hard.txt,none,hard,19,..24..83.6...7....5.83..7.98.........23...15.49..2......7.1.......2.5..6..4...2..,26,solve_one,first,true,classify_up_to_two,Unsolvable,Unsolvable,0,0,0,0,0,0,0,49320
20260421T172600Z,data/none_hard.txt,none,hard,19,..24..83.6...7....5.83..7.98.........23...15.49..2......7.1.......2.5..6..4...2..,26,full_solve_stats,enumerate_all,true,full_solve_stats,Unsolvable,Unsolvable,0,415,13591,17234,7341,3319,19,54981
20260421T172600Z,data/none_hard.txt,none,hard,20,8.1....9..4..3.2..7.....158...........4..9...5..17.93.1..4.6....5.........791..8.,25,classify_up_to_two,classify,true,classify_up_to_two,Unsolvable,Unsolvable,0,0,0,0,0,0,0,68939
20260421T172600Z,data/none_hard.txt,none,hard,20,8.1....9..4..3.2..7.....158...........4..9...5..17.93.1..4.6....5.........791..8.,25,solve_one,first,true,classify_up_to_two,Unsolvable,Unsolvable,0,0,0,0,0,0,0,58058
20260421T172600Z,data/none_hard.txt,none,hard,20,8.1....9..4..3.2..7.....158...........4..9...5..17.93.1..4.6....5.........791..8.,25,full_solve_stats,enumerate_all,true,full_solve_stats,Unsolvable,Unsolvable,0,286,13714,20117,12605,5398,23,63230
20260421T172600Z,data/none_hard.txt,none,hard,21,....9....46.....7...9...51...53...4...3.2.8..8.2..........819.7..16....223.......,24,classify_up_to_two,classify,true,classify_up_to_two,Unsolvable,Unsolvable,0,0,0,0,0,0,0,105235
20260421T172600Z,data/none_hard.txt,none,hard,21,....9....46.....7...9...51...53...4...3.2.8..8.2..........819.7..16....223.......,24,solve_one,first,true,classify_up_to_two,Unsolvable,Unsolvable,0,0,0,0,0,0,0,85218
20260421T172600Z,data/none_hard.txt,none,hard,21,....9....46.....7...9...51...53...4...3.2.8..8.2..........819.7..16....223.......,24,full_solve_stats,enumerate_all,true,full_solve_stats,Unsolvable,Unsolvable,0,316,13358,21431,37640,14948,277,113574
20260421T172600Z,data/none_hard.txt,none,hard,22,.4......39..7...4.3.6...2.......9.678...2..54..5.1.9.2..81.2....2..45..9.53......,28,classify_up_to_two,classify,true,classify_up_to_two,Unsolvable,Unsolvable,0,0,0,0,0,0,0,127849
20260421T172600Z,data/none_hard.txt,none,hard,22,.4......39..7...4.3.6...2.......9.678...2..54..5.1.9.2..81.2....2..45..9.53......,28,solve_one,first,true,classify_up_to_two,Unsolvable,Unsolvable,0,0,0,0,0,0,0,103690
20260421T172600Z,data/none_hard.txt,none,hard,22,.4......39..7...4.3.6...2.......9.678...2..54..5.1.9.2..81.2....2..45..9.53......,28,full_solve_stats,enumerate_all,true,full_solve_stats,Unsolvable,Unsolvable,0,409,10283,24837,29787,38279,28,125898
20260421T172600Z,data/none_hard.txt,none,hard,23,6.12.......89..7.....83..5.1....45...83.....74......8..29.1.........7.9271.......,25,classify_up_to_two,classify,true,classify_up_to_two,Unsolvable,Unsolvable,0,0,0,0,0,0,0,168688
20260421T172600Z,data/none_hard.txt,none,hard,23,6.12.......89..7.....83..5.1....45...83.....74......8..29.1.........7.9271.......,25,solve_one,first,true,classify_up_to_two,Unsolvable,Unsolvable,0,0,0,0,0,0,0,159901
20260421T172600Z,data/none_hard.txt,none,hard,23,6.12.......89..7.....83..5.1....45...83.....74......8..29.1.........7.9271.......,25,full_solve_stats,enumerate_all,true,full_solve_stats,Unsolvable,Unsolvable,0,312,13049,22936,50987,48336,30,168808
20260421T172600Z,data/none_hard.txt,none,hard,24,..6.........3..8...2...1.4.....6.5....9.4...3.....9.7...31.54...1.9....8..52..16.,24,classify_up_to_two,classify,true,classify_up_to_two,Unsolvable,Unsolvable,0,0,0,0,0,0,0,58253
20260421T172600Z,data/none_hard.txt,none,hard,24,..6.........3..8...2...1.4.....6.5....9.4...3.....9.7...31.54...1.9....8..52..16.,24,solve_one,first,true,classify_up_to_two,Unsolvable,Unsolvable,0,0,0,0,0,0,0,49993
20260421T172600Z,data/none_hard.txt,none,hard,24,..6.........3..8...2...1.4.....6.5....9.4...3.....9.7...31.54...1.9....8..52..16.,24,full_solve_stats,enumerate_all,true,full_solve_stats,Unsolvable,Unsolvable,0,414,21715,13665,786,1988,48,40395
20260421T172600Z,data/none_hard.txt,none,hard,25,471...8............2.1.9.4....5..698....8..7......2...7...9....6.8.7.251..4...3..,25,classify_up_to_two,classify,true,classify_up_to_two,Unsolvable,Unsolvable,0,0,0,0,0,0,0,101917
20260421T172600Z,data/none_hard.txt,none,hard,25,471...8............2.1.9.4....5..698....8..7......2...7...9....6.8.7.251..4...3..,25,solve_one,first,true,classify_up_to_two,Unsolvable,Unsolvable,0,0,0,0,0,0,0,86173
20260421T172600Z,data/none_hard.txt,none,hard,25,471...8............2.1.9.4....5..698....8..7......2...7...9....6.8.7.251..4...3..,25,full_solve_stats,enumerate_all,true,full_solve_stats,Unsolvable,Unsolvable,0,254,7681,19601,31842,14996,25,98819
20260421T172600Z,data/none_hard.txt,none,hard,26,.6..7....3.5..2..4..1.....2....41.6.7....9.........8...8.5.7.49.96...1.......3...,23,classify_up_to_two,classify,true,classify_up_to_two,Unsolvable,Unsolvable,0,0,0,0,0,0,0,88448
20260421T172600Z,data/none_hard.txt,none,hard,26,.6..7....3.5..2..4..1.....2....41.6.7....9.........8...8.5.7.49.96...1.......3...,23,solve_one,first,true,classify_up_to_two,Unsolvable,Unsolvable,0,0,0,0,0,0,0,71763
20260421T172600Z,data/none_hard.txt,none,hard,26,.6..7....3.5..2..4..1.....2....41.6.7....9.........8...8.5.7.49.96...1.......3...,23,full_solve_stats,enumerate_all,true,full_solve_stats,Unsolvable,Unsolvable,0,214,6937,15768,25794,13609,20,82821
20260421T172600Z,data/none_hard.txt,none,hard,27,....3.5..........7...791.2.1.....6.88....39...9.5..24...9.46.8..1.........72..49.,26,classify_up_to_two,classify,true,classify_up_to_two,Unsolvable,Unsolvable,0,0,0,0,0,0,0,53140
20260421T172600Z,data/none_hard.txt,none,hard,27,....3.5..........7...791.2.1.....6.88....39...9.5..24...9.46.8..1.........72..49.,26,solve_one,first,true,classify_up_to_two,Unsolvable,Unsolvable,0,0,0,0,0,0,0,43220
20260421T172600Z,data/none_hard.txt,none,hard,27,....3.5..........7...791.2.1.....6.88....39...9.5..24...9.46.8..1.........72..49.,26,full_solve_stats,enumerate_all,true,full_solve_stats,Unsolvable,Unsolvable,0,347,17878,17238,493,1320,19,38514
20260421T172600Z,data/none_hard.txt,none,hard,28,...9.1..69...56...1.6.7.5...7.8..3..82.....5...1..5......7.418.63....29..........,26,classify_up_to_two,classify,true,classify_up_to_two,Unsolvable,Unsolvable,0,0,0,0,0,0,0,44524
20260421T172600Z,data/none_hard.txt,none,hard,28,...9.1..69...56...1.6.7.5...7.8..3..82.....5...1..5......7.418.63....29..........,26,solve_one,first,true,classify_up_to_two,Unsolvable,Unsolvable,0,0,0,0,0,0,0,37426
20260421T172600Z,data/none_hard.txt,none,hard,28,...9.1..69...56...1.6.7.5...7.8..3..82.....5...1..5......7.418.63....29..........,26,full_solve_stats,enumerate_all,true,full_solve_stats,Unsolvable,Unsolvable,0,250,14282,17969,879,1649,26,36700
20260421T172600Z,data/none_hard.txt,none,hard,29,......6...3....4.8....87...4.21...6..759468...8.2.....2....4...5....97.3....5...4,26,classify_up_to_two,classify,true,classify_up_to_two,Unsolvable,Unsolvable,0,0,0,0,0,0,0,171174
20260421T172600Z,data/none_hard.txt,none,hard,29,......6...3....4.8....87...4.21...6..759468...8.2.....2....4...5....97.3....5...4,26,solve_one,first,true,classify_up_to_two,Unsolvable,Unsolvable,0,0,0,0,0,0,0,151871
20260421T172600Z,data/none_hard.txt,none,hard,29,......6...3....4.8....87...4.21...6..759468...8.2.....2....4...5....97.3....5...4,26,full_solve_stats,enumerate_all,true,full_solve_stats,Unsolvable,Unsolvable,0,231,8135,22013,74594,30845,20,170686
20260421T172600Z,data/none_hard.txt,none,hard,30,8...7.........65.8..13.......46.1..59...5...7...2..31..75.4.8...1.....53...12....,26,classify_up_to_two,classify,true,classify_up_to_two,Unsolvable,Unsolvable,0,0,0,0,0,0,0,44959
20260421T172600Z,data/none_hard.txt,none,hard,30,8...7.........65.8..13.......46.1..59...5...7...2..31..75.4.8...1.....53...12....,26,solve_one,first,true,classify_up_to_two,Unsolvable,Unsolvable,0,0,0,0,0,0,0,32283
20260421T172600Z,data/none_hard.txt,none,hard,30,8...7.........65.8..13.......46.1..59...5...7...2..31..75.4.8...1.....53...12....,26,full_solve_stats,enumerate_all,true,full_solve_stats,Unsolvable,Unsolvable,0,280,11110,17612,1301,3402,173,36033
20260421T172600Z,data/none_hard.txt,none,hard,31,.3...2..1.......6.624..3...3..7..8..2.....3....12.4..7...51...84.......5..9....7.,24,classify_up_to_two,classify,true,classify_up_to_two,Unsolvable,Unsolvable,0,0,0,0,0,0,0,58619
20260421T172600Z,data/none_hard.txt,none,hard,31,.3...2..1.......6.624..3...3..7..8..2.....3....12.4..7...51...84.......5..9....7.,24,solve_one,first,true,classify_up_to_two,Unsolvable,Unsolvable,0,0,0,0,0,0,0,51692
20260421T172600Z,data/none_hard.txt,none,hard,31,.3...2..1.......6.624..3...3..7..8..2.....3....12.4..7...51...84.......5..9....7.,24,full_solve_stats,enumerate_all,true,full_solve_stats,Unsolvable,Unsolvable,0,344,28451,16316,817,1894,38,49320
20260421T172600Z,data/none_hard.txt,none,hard,32,2.........3..81..5..623..914...1..7..5.978.2..2......89.........1.65.7...........,25,classify_up_to_two,classify,true,classify_up_to_two,Unsolvable,Unsolvable,0,0,0,0,0,0,0,152487
20260421T172600Z,data/none_hard.txt,none,hard,32,2.........3..81..5..623..914...1..7..5.978.2..2......89.........1.65.7...........,25,solve_one,first,true,classify_up_to_two,Unsolvable,Unsolvable,0,0,0,0,0,0,0,143403
20260421T172600Z,data/none_hard.txt,none,hard,32,2.........3..81..5..623..914...1..7..5.978.2..2......89.........1.65.7...........,25,full_solve_stats,enumerate_all,true,full_solve_stats,Unsolvable,Unsolvable,0,284,9371,47145,61112,20672,52,178736
20260421T172600Z,data/none_hard.txt,none,hard,33,3.7..6..4..4.5...9......1..21.3.95.....71..6....6.....7.....6....3...2.8..6....3.,24,classify_up_to_two,classify,true,classify_up_to_two,Unsolvable,Unsolvable,0,0,0,0,0,0,0,59204
20260421T172600Z,data/none_hard.txt,none,hard,33,3.7..6..4..4.5...9......1..21.3.95.....71..6....6.....7.....6....3...2.8..6....3.,24,solve_one,first,true,classify_up_to_two,Unsolvable,Unsolvable,0,0,0,0,0,0,0,46009
20260421T172600Z,data/none_hard.txt,none,hard,33,3.7..6..4..4.5...9......1..21.3.95.....71..6....6.....7.....6....3...2.8..6....3.,24,full_solve_stats,enumerate_all,true,full_solve_stats,Unsolvable,Unsolvable,0,474,37696,22085,1629,3914,93,81239
20260421T172600Z,data/none_hard.txt,none,hard,34,61...28...8..4..5...53.........8...1......4..192.......6....2.5...7...3.4...39..7,24,classify_up_to_two,classify,true,classify_up_to_two,Unsolvable,Unsolvable,0,0,0,0,0,0,0,391533
20260421T172600Z,data/none_hard.txt,none,hard,34,61...28...8..4..5...53.........8...1......4..192.......6....2.5...7...3.4...39..7,24,solve_one,first,true,classify_up_to_two,Unsolvable,Unsolvable,0,0,0,0,0,0,0,253408
20260421T172600Z,data/none_hard.txt,none,hard,34,61...28...8..4..5...53.........8...1......4..192.......6....2.5...7...3.4...39..7,24,full_solve_stats,enumerate_all,true,full_solve_stats,Unsolvable,Unsolvable,0,440,11235,29994,116045,53745,72,253873
20260421T172600Z,data/none_hard.txt,none,hard,35,38...7.565....42.8..9.....36.5..8...........2.9.6.34...........24.13......1.9.8..,26,classify_up_to_two,classify,true,classify_up_to_two,Unsolvable,Unsolvable,0,0,0,0,0,0,0,48963
20260421T172600Z,data/none_hard.txt,none,hard,35,38...7.565....42.8..9.....36.5..8...........2.9.6.34...........24.13......1.9.8..,26,solve_one,first,true,classify_up_to_two,Unsolvable,Unsolvable,0,0,0,0,0,0,0,44381
20260421T172600Z,data/none_hard.txt,none,hard,35,38...7.565....42.8..9.....36.5..8...........2.9.6.34...........24.13......1.9.8..,26,full_solve_stats,enumerate_all,true,full_solve_stats,Unsolvable,Unsolvable,0,296,19243,18598,873,2060,35,42789
20260421T172600Z,data/none_hard.txt,none,hard,36,..27.61.....1..6..4.......59.3.7..2..4.9...5......8...5...6..7...7....9.89......4,24,classify_up_to_two,classify,true,classify_up_to_two,Unsolvable,Unsolvable,0,0,0,0,0,0,0,133784
20260421T172600Z,data/none_hard.txt,none,hard,36,..27.61.....1..6..4.......59.3.7..2..4.9...5......8...5...6..7...7....9.89......4,24,solve_one,first,true,classify_up_to_two,Unsolvable,Unsolvable,0,0,0,0,0,0,0,117814
20260421T172600Z,data/none_hard.txt,none,hard,36,..27.61.....1..6..4.......59.3.7..2..4.9...5......8...5...6..7...7....9.89......4,24,full_solve_stats,enumerate_all,true,full_solve_stats,Unsolvable,Unsolvable,0,272,6383,19237,50127,25726,21,133679
20260421T172600Z,data/none_hard.txt,none,hard,37,.....13.7.9.......6....5..4..91.3..6.2.8..7.151.........26..8...3.....5.4....96..,25,classify_up_to_two,classify,true,classify_up_to_two,Unsolvable,Unsolvable,0,0,0,0,0,0,0,78794
20260421T172600Z,data/none_hard.txt,none,hard,37,.....13.7.9.......6....5..4..91.3..6.2.8..7.151.........26..8...3.....5.4....96..,25,solve_one,first,true,classify_up_to_two,Unsolvable,Unsolvable,0,0,0,0,0,0,0,66205
20260421T172600Z,data/none_hard.txt,none,hard,37,.....13.7.9.......6....5..4..91.3..6.2.8..7.151.........26..8...3.....5.4....96..,25,full_solve_stats,enumerate_all,true,full_solve_stats,Unsolvable,Unsolvable,0,229,11201,16758,16525,7012,25,70894
20260421T172600Z,data/none_hard.txt,none,hard,38,3.......892..4..7...8.2.69.19.46...3.4...3..5.....9..68..75..2..7.........2.3....,27,classify_up_to_two,classify,true,classify_up_to_two,Unsolvable,Unsolvable,0,0,0,0,0,0,0,36824
20260421T172600Z,data/none_hard.txt,none,hard,38,3.......892..4..7...8.2.69.19.46...3.4...3..5.....9..68..75..2..7.........2.3....,27,solve_one,first,true,classify_up_to_two,Unsolvable,Unsolvable,0,0,0,0,0,0,0,34846
20260421T172600Z,data/none_hard.txt,none,hard,38,3.......892..4..7...8.2.69.19.46...3.4...3..5.....9..68..75..2..7.........2.3....,27,full_solve_stats,enumerate_all,true,full_solve_stats,Unsolvable,Unsolvable,0,270,9576,15955,588,1639,21,29570
20260421T172600Z,data/none_hard.txt,none,hard,39,..3...79..2.9.7...5..2....89.......66....293....6..4...5..43.6.7.9.8..4........5.,26,classify_up_to_two,classify,true,classify_up_to_two,Unsolvable,Unsolvable,0,0,0,0,0,0,0,43226
20260421T172600Z,data/none_hard.txt,none,hard,39,..3...79..2.9.7...5..2....89.......66....293....6..4...5..43.6.7.9.8..4........5.,26,solve_one,first,true,classify_up_to_two,Unsolvable,Unsolvable,0,0,0,0,0,0,0,36410
20260421T172600Z,data/none_hard.txt,none,hard,39,..3...79..2.9.7...5..2....89.......66....293....6..4...5..43.6.7.9.8..4........5.,26,full_solve_stats,enumerate_all,true,full_solve_stats,Unsolvable,Unsolvable,0,313,14594,18571,690,1650,20,37155
20260421T172600Z,data/none_hard.txt,none,hard,40,.....4...8.6.32..9.3..698.......87..9..6.75....1.......45....6..8..2.....62.45..8,27,classify_up_to_two,classify,true,classify_up_to_two,Unsolvable,Unsolvable,0,0,0,0,0,0,0,52373
20260421T172600Z,data/none_hard.txt,none,hard,40,.....4...8.6.32..9.3..698.......87..9..6.75....1.......45....6..8..2.....62.45..8,27,solve_one,first,true,classify_up_to_two,Unsolvable,Unsolvable,0,0,0,0,0,0,0,39707
20260421T172600Z,data/none_hard.txt,none,hard,40,.....4...8.6.32..9.3..698.......87..9..6.75....1.......45....6..8..2.....62.45..8,27,full_solve_stats,enumerate_all,true,full_solve_stats,Unsolvable,Unsolvable,0,269,16601,17013,859,1959,22,38542
20260421T172600Z,data/none_hard.txt,none,hard,41,.4.........3.2.........59.1.8...9.3.129..4.8....7..4......7.69.6..31...22....8...,25,classify_up_to_two,classify,true,classify_up_to_two,Unsolvable,Unsolvable,0,0,0,0,0,0,0,41364
20260421T172600Z,data/none_hard.txt,none,hard,41,.4.........3.2.........59.1.8...9.3.129..4.8....7..4......7.69.6..31...22....8...,25,solve_one,first,true,classify_up_to_two,Unsolvable,Unsolvable,0,0,0,0,0,0,0,36072
20260421T172600Z,data/none_hard.txt,none,hard,41,.4.........3.2.........59.1.8...9.3.129..4.8....7..4......7.69.6..31...22....8...,25,full_solve_stats,enumerate_all,true,full_solve_stats,Unsolvable,Unsolvable,0,286,12582,19529,349,1067,27,35000
20260421T172600Z,data/none_hard.txt,none,hard,42,3..2..97.....7.5.1......6..1...5...2..7..9..3.....3.4.983......2......98..5.3....,24,classify_up_to_two,classify,true,classify_up_to_two,Unsolvable,Unsolvable,0,0,0,0,0,0,0,71393
20260421T172600Z,data/none_hard.txt,none,hard,42,3..2..97.....7.5.1......6..1...5...2..7..9..3.....3.4.983......2......98..5.3....,24,solve_one,first,true,classify_up_to_two,Unsolvable,Unsolvable,0,0,0,0,0,0,0,44422
20260421T172600Z,data/none_hard.txt,none,hard,42,3..2..97.....7.5.1......6..1...5...2..7..9..3.....3.4.983......2......98..5.3....,24,full_solve_stats,enumerate_all,true,full_solve_stats,Unsolvable,Unsolvable,0,270,14769,17117,4966,2919,20,46050
20260421T172600Z,data/none_hard.txt,none,hard,43,1.3....25.5......468.1......395.....5.....2.6..4.97......7.1.5.............2.9617,26,classify_up_to_two,classify,true,classify_up_to_two,Unsolvable,Unsolvable,0,0,0,0,0,0,0,42842
20260421T172600Z,data/none_hard.txt,none,hard,43,1.3....25.5......468.1......395.....5.....2.6..4.97......7.1.5.............2.9617,26,solve_one,first,true,classify_up_to_two,Unsolvable,Unsolvable,0,0,0,0,0,0,0,35706
20260421T172600Z,data/none_hard.txt,none,hard,43,1.3....25.5......468.1......395.....5.....2.6..4.97......7.1.5.............2.9617,26,full_solve_stats,enumerate_all,true,full_solve_stats,Unsolvable,Unsolvable,0,255,14460,14747,570,1521,24,33148
20260421T172600Z,data/none_hard.txt,none,hard,44,.2...9.4.3..47.......25..9......8.6....64...3.59.138...7.....5...1.....9....67.32,27,classify_up_to_two,classify,true,classify_up_to_two,Unsolvable,Unsolvable,0,0,0,0,0,0,0,83396
20260421T172600Z,data/none_hard.txt,none,hard,44,.2...9.4.3..47.......25..9......8.6....64...3.59.138...7.....5...1.....9....67.32,27,solve_one,first,true,classify_up_to_two,Unsolvable,Unsolvable,0,0,0,0,0,0,0,63779
20260421T172600Z,data/none_hard.txt,none,hard,44,.2...9.4.3..47.......25..9......8.6....64...3.59.138...7.....5...1.....9....67.32,27,full_solve_stats,enumerate_all,true,full_solve_stats,Unsolvable,Unsolvable,0,276,8170,15280,17041,12787,24,67828
20260421T172600Z,data/none_hard.txt,none,hard,45,........4....53.1...281.9...4.9.2..5.3....7...78.6....1.....5.8.85....2......7...,24,classify_up_to_two,classify,true,classify_up_to_two,Unsolvable,Unsolvable,0,0,0,0,0,0,0,66441
20260421T172600Z,data/none_hard.txt,none,hard,45,........4....53.1...281.9...4.9.2..5.3....7...78.6....1.....5.8.85....2......7...,24,solve_one,first,true,classify_up_to_two,Unsolvable,Unsolvable,0,0,0,0,0,0,0,56090
20260421T172600Z,data/none_hard.txt,none,hard,45,........4....53.1...281.9...4.9.2..5.3....7...78.6....1.....5.8.85....2......7...,24,full_solve_stats,enumerate_all,true,full_solve_stats,Unsolvable,Unsolvable,0,238,14415,18298,11742,8941,19,65937
20260421T172600Z,data/none_hard.txt,none,hard,46,...358....6.7......582..1...4....6..7..63......2..4.71.....2....79...4.......793.,25,classify_up_to_two,classify,true,classify_up_to_two,Unsolvable,Unsolvable,0,0,0,0,0,0,0,95491
20260421T172600Z,data/none_hard.txt,none,hard,46,...358....6.7......582..1...4....6..7..63......2..4.71.....2....79...4.......793.,25,solve_one,first,true,classify_up_to_two,Unsolvable,Unsolvable,0,0,0,0,0,0,0,79056
20260421T172600Z,data/none_hard.txt,none,hard,46,...358....6.7......582..1...4....6..7..63......2..4.71.....2....79...4.......793.,25,full_solve_stats,enumerate_all,true,full_solve_stats,Unsolvable,Unsolvable,0,219,6676,16501,33771,11153,19,87978
20260421T172600Z,data/none_hard.txt,none,hard,47,7....9.1........7642..5....5.6...24........9....23..5.....48...69...7..4.8..9.3..,25,classify_up_to_two,classify,true,classify_up_to_two,Unsolvable,Unsolvable,0,0,0,0,0,0,0,43513
20260421T172600Z,data/none_hard.txt,none,hard,47,7....9.1........7642..5....5.6...24........9....23..5.....48...69...7..4.8..9.3..,25,solve_one,first,true,classify_up_to_two,Unsolvable,Unsolvable,0,0,0,0,0,0,0,32730
20260421T172600Z,data/none_hard.txt,none,hard,47,7....9.1........7642..5....5.6...24........9....23..5.....48...69...7..4.8..9.3..,25,full_solve_stats,enumerate_all,true,full_solve_stats,Unsolvable,Unsolvable,0,207,15293,18898,1170,2401,29,40129
20260421T172600Z,data/none_hard.txt,none,hard,48,4..62....2..85...636..1......8....697..34...2...........32..9.4.2...93.5.....5...,26,classify_up_to_two,classify,true,classify_up_to_two,Unsolvable,Unsolvable,0,0,0,0,0,0,0,51724
20260421T172600Z,data/none_hard.txt,none,hard,48,4..62....2..85...636..1......8....697..34...2...........32..9.4.2...93.5.....5...,26,solve_one,first,true,classify_up_to_two,Unsolvable,Unsolvable,0,0,0,0,0,0,0,38703
20260421T172600Z,data/none_hard.txt,none,hard,48,4..62....2..85...636..1......8....697..34...2...........32..9.4.2...93.5.....5...,26,full_solve_stats,enumerate_all,true,full_solve_stats,Unsolvable,Unsolvable,0,259,16578,14059,962,2091,23,35724
20260421T172600Z,data/none_hard.txt,none,hard,49,7..4...3..9..1.....4....2.9.....37.5..3.2..........16.3....795..79......8.5..6..4,25,classify_up_to_two,classify,true,classify_up_to_two,Unsolvable,Unsolvable,0,0,0,0,0,0,0,68400
20260421T172600Z,data/none_hard.txt,none,hard,49,7..4...3..9..1.....4....2.9.....37.5..3.2..........16.3....795..79......8.5..6..4,25,solve_one,first,true,classify_up_to_two,Unsolvable,Unsolvable,0,0,0,0,0,0,0,52798
20260421T172600Z,data/none_hard.txt,none,hard,49,7..4...3..9..1.....4....2.9.....37.5..3.2..........16.3....795..79......8.5..6..4,25,full_solve_stats,enumerate_all,true,full_solve_stats,Unsolvable,Unsolvable,0,187,7341,16086,12923,5588,20,57685
20260421T172600Z,data/none_hard.txt,none,hard,50,.9.5...1...4......3.8.2.6..8.6.7.42....9...87.....4........9..5...1....327.......,23,classify_up_to_two,classify,true,classify_up_to_two,Unsolvable,Unsolvable,0,0,0,0,0,0,0,53094
20260421T172600Z,data/none_hard.txt,none,hard,50,.9.5...1...4......3.8.2.6..8.6.7.42....9...87.....4........9..5...1....327.......,23,solve_one,first,true,classify_up_to_two,Unsolvable,Unsolvable,0,0,0,0,0,0,0,42471
20260421T172600Z,data/none_hard.txt,none,hard,50,.9.5...1...4......3.8.2.6..8.6.7.42....9...87.....4........9..5...1....327.......,23,full_solve_stats,enumerate_all,true,full_solve_stats,Unsolvable,Unsolvable,0,242,19878,13134,598,1456,25,36798
20260421T172600Z,data/none_hard.txt,none,hard,51,...351.4.5..29..3.....7......7.....823.....6..4978.....2.6...........6.1.7......4,24,classify_up_to_two,classify,true,classify_up_to_two,Unsolvable,Unsolvable,0,0,0,0,0,0,0,205016
20260421T172600Z,data/none_hard.txt,none,hard,51,...351.4.5..29..3.....7......7.....823.....6..4978.....2.6...........6.1.7......4,24,solve_one,first,true,classify_up_to_two,Unsolvable,Unsolvable,0,0,0,0,0,0,0,182115
20260421T172600Z,data/none_hard.txt,none,hard,51,...351.4.5..29..3.....7......7.....823.....6..4978.....2.6...........6.1.7......4,24,full_solve_stats,enumerate_all,true,full_solve_stats,Unsolvable,Unsolvable,0,295,16328,21649,52199,87174,21,202339
20260421T172600Z,data/none_hard.txt,none,hard,52,..4..6...3...5.97.7.....56...567..32........1.614......3..8..2..1.9......27......,25,classify_up_to_two,classify,true,classify_up_to_two,Unsolvable,Unsolvable,0,0,0,0,0,0,0,44793
20260421T172600Z,data/none_hard.txt,none,hard,52,..4..6...3...5.97.7.....56...567..32........1.614......3..8..2..1.9......27......,25,solve_one,first,true,classify_up_to_two,Unsolvable,Unsolvable,0,0,0,0,0,0,0,41618
20260421T172600Z,data/none_hard.txt,none,hard,52,..4..6...3...5.97.7.....56...567..32........1.614......3..8..2..1.9......27......,25,full_solve_stats,enumerate_all,true,full_solve_stats,Unsolvable,Unsolvable,0,319,14700,16554,1301,2266,29,37359
20260421T172600Z,data/none_hard.txt,none,hard,53,...8.......9..1....8.75..3...2..8..4.......17.14.....9.9.....62...6378..1..9..7..,25,classify_up_to_two,classify,true,classify_up_to_two,Unsolvable,Unsolvable,0,0,0,0,0,0,0,117955
20260421T172600Z,data/none_hard.txt,none,hard,53,...8.......9..1....8.75..3...2..8..4.......17.14.....9.9.....62...6378..1..9..7..,25,solve_one,first,true,classify_up_to_two,Unsolvable,Unsolvable,0,0,0,0,0,0,0,114859
20260421T172600Z,data/none_hard.txt,none,hard,53,...8.......9..1....8.75..3...2..8..4.......17.14.....9.9.....62...6378..1..9..7..,25,full_solve_stats,enumerate_all,true,full_solve_stats,Unsolvable,Unsolvable,0,393,16771,25074,43405,23764,23,137751
20260421T172600Z,data/none_hard.txt,none,hard,54,.6.8.2.....1...5.2......3...92..186.1...7.....8.3.......9....41.5.2.76.....4....5,25,classify_up_to_two,classify,true,classify_up_to_two,Unsolvable,Unsolvable,0,0,0,0,0,0,0,47480
20260421T172600Z,data/none_hard.txt,none,hard,54,.6.8.2.....1...5.2......3...92..186.1...7.....8.3.......9....41.5.2.76.....4....5,25,solve_one,first,true,classify_up_to_two,Unsolvable,Unsolvable,0,0,0,0,0,0,0,38044
20260421T172600Z,data/none_hard.txt,none,hard,54,.6.8.2.....1...5.2......3...92..186.1...7.....8.3.......9....41.5.2.76.....4....5,25,full_solve_stats,enumerate_all,true,full_solve_stats,Unsolvable,Unsolvable,0,296,16022,18172,1646,3338,63,41947
20260421T172600Z,data/none_hard.txt,none,hard,55,2..8...61..56.........91..7.9..13....3.5.....7.2.6.....7.3..5......82.4...6....7.,25,classify_up_to_two,classify,true,classify_up_to_two,Unsolvable,Unsolvable,0,0,0,0,0,0,0,65923
20260421T172600Z,data/none_hard.txt,none,hard,55,2..8...61..56.........91..7.9..13....3.5.....7.2.6.....7.3..5......82.4...6....7.,25,solve_one,first,true,classify_up_to_two,Unsolvable,Unsolvable,0,0,0,0,0,0,0,57810
20260421T172600Z,data/none_hard.txt,none,hard,55,2..8...61..56.........91..7.9..13....3.5.....7.2.6.....7.3..5......82.4...6....7.,25,full_solve_stats,enumerate_all,true,full_solve_stats,Unsolvable,Unsolvable,0,364,32190,17410,1262,2725,29,56040
20260421T172600Z,data/none_hard.txt,none,hard,56,......8.....2.7.96...98...4..73...........4..3.1...9.86..5...1...5..6..7219..4...,25,classify_up_to_two,classify,true,classify_up_to_two,Unsolvable,Unsolvable,0,0,0,0,0,0,0,156763
20260421T172600Z,data/none_hard.txt,none,hard,56,......8.....2.7.96...98...4..73...........4..3.1...9.86..5...1...5..6..7219..4...,25,solve_one,first,true,classify_up_to_two,Unsolvable,Unsolvable,0,0,0,0,0,0,0,134911
20260421T172600Z,data/none_hard.txt,none,hard,56,......8.....2.7.96...98...4..73...........4..3.1...9.86..5...1...5..6..7219..4...,25,full_solve_stats,enumerate_all,true,full_solve_stats,Unsolvable,Unsolvable,0,414,24287,18548,13874,34218,25,105200
20260421T172600Z,data/none_hard.txt,none,hard,57,.....1.76.........5...3..9..7.6.3.1...8.....79...4..6.7..9......4.....8.892.5..4.,24,classify_up_to_two,classify,true,classify_up_to_two,Unsolvable,Unsolvable,0,0,0,0,0,0,0,277267
20260421T172600Z,data/none_hard.txt,none,hard,57,.....1.76.........5...3..9..7.6.3.1...8.....79...4..6.7..9......4.....8.892.5..4.,24,solve_one,first,true,classify_up_to_two,Unsolvable,Unsolvable,0,0,0,0,0,0,0,264919
20260421T172600Z,data/none_hard.txt,none,hard,57,.....1.76.........5...3..9..7.6.3.1...8.....79...4..6.7..9......4.....8.892.5..4.,24,full_solve_stats,enumerate_all,true,full_solve_stats,Unsolvable,Unsolvable,0,269,8400,25693,168790,72498,25,323319
20260421T172600Z,data/none_hard.txt,none,hard,58,.2.8....35...97.4...1..........4.9.78..........93.8..27..5632..4.........654....8,26,classify_up_to_two,classify,true,classify_up_to_two,Unsolvable,Unsolvable,0,0,0,0,0,0,0,86911
20260421T172600Z,data/none_hard.txt,none,hard,58,.2.8....35...97.4...1..........4.9.78..........93.8..27..5632..4.........654....8,26,solve_one,first,true,classify_up_to_two,Unsolvable,Unsolvable,0,0,0,0,0,0,0,71336
20260421T172600Z,data/none_hard.txt,none,hard,58,.2.8....35...97.4...1..........4.9.78..........93.8..27..5632..4.........654....8,26,full_solve_stats,enumerate_all,true,full_solve_stats,Unsolvable,Unsolvable,0,224,5667,19198,28170,12432,20,93558
20260421T172600Z,data/none_hard.txt,none,hard,59,.9.5.7.1.4....1..23...........6....4283...9......237....91...8.73........1.....6.,24,classify_up_to_two,classify,true,classify_up_to_two,Unsolvable,Unsolvable,0,0,0,0,0,0,0,160072
20260421T172600Z,data/none_hard.txt,none,hard,59,.9.5.7.1.4....1..23...........6....4283...9......237....91...8.73........1.....6.,24,solve_one,first,true,classify_up_to_two,Unsolvable,Unsolvable,0,0,0,0,0,0,0,156889
20260421T172600Z,data/none_hard.txt,none,hard,59,.9.5.7.1.4....1..23...........6....4283...9......237....91...8.73........1.....6.,24,full_solve_stats,enumerate_all,true,full_solve_stats,Unsolvable,Unsolvable,0,341,19946,31197,63543,21361,58,166855
20260421T172600Z,data/none_hard.txt,none,hard,60,1....4..2..27....49...5.7...9..21..8.6.....3...1..9........71..52.........7.3.62.,25,classify_up_to_two,classify,true,classify_up_to_two,Unsolvable,Unsolvable,0,0,0,0,0,0,0,120157
20260421T172600Z,data/none_hard.txt,none,hard,60,1....4..2..27....49...5.7...9..21..8.6.....3...1..9........71..52.........7.3.62.,25,solve_one,first,true,classify_up_to_two,Unsolvable,Unsolvable,0,0,0,0,0,0,0,94768
20260421T172600Z,data/none_hard.txt,none,hard,60,1....4..2..27....49...5.7...9..21..8.6.....3...1..9........71..52.........7.3.62.,25,full_solve_stats,enumerate_all,true,full_solve_stats,Unsolvable,Unsolvable,0,320,11120,23568,32558,43173,20,120087
20260421T172600Z,data/none_hard.txt,none,hard,61,29.4871.........276.1......4..1...6......8..9...6....4....5...6.4..2...39..8..7..,25,classify_up_to_two,classify,true,classify_up_to_two,Unsolvable,Unsolvable,0,0,0,0,0,0,0,84774
20260421T172600Z,data/none_hard.txt,none,hard,61,29.4871.........276.1......4..1...6......8..9...6....4....5...6.4..2...39..8..7..,25,solve_one,first,true,classify_up_to_two,Unsolvable,Unsolvable,0,0,0,0,0,0,0,70934
20260421T172600Z,data/none_hard.txt,none,hard,61,29.4871.........276.1......4..1...6......8..9...6....4....5...6.4..2...39..8..7..,25,full_solve_stats,enumerate_all,true,full_solve_stats,Unsolvable,Unsolvable,0,205,8823,16915,24284,7845,23,77295
20260421T172600Z,data/none_hard.txt,none,hard,62,......1471......3...5.7.....6..2..1.2..73...8..8..9.....6.1.72..9.8...5..8.2..4..,26,classify_up_to_two,classify,true,classify_up_to_two,Unsolvable,Unsolvable,0,0,0,0,0,0,0,62968
20260421T172600Z,data/none_hard.txt,none,hard,62,......1471......3...5.7.....6..2..1.2..73...8..8..9.....6.1.72..9.8...5..8.2..4..,26,solve_one,first,true,classify_up_to_two,Unsolvable,Unsolvable,0,0,0,0,0,0,0,48216
20260421T172600Z,data/none_hard.txt,none,hard,62,......1471......3...5.7.....6..2..1.2..73...8..8..9.....6.1.72..9.8...5..8.2..4..,26,full_solve_stats,enumerate_all,true,full_solve_stats,Unsolvable,Unsolvable,0,229,12462,18267,6979,4885,20,55033
20260421T172600Z,data/none_hard.txt,none,hard,63,..46..1....7....6.62...8.7..3..4..2.5..13....9.......6...8....9.8....4...5......8,23,classify_up_to_two,classify,true,classify_up_to_two,Unsolvable,Unsolvable,0,0,0,0,0,0,0,830592
20260421T172600Z,data/none_hard.txt,none,hard,63,..46..1....7....6.62...8.7..3..4..2.5..13....9.......6...8....9.8....4...5......8,23,solve_one,first,true,classify_up_to_two,Unsolvable,Unsolvable,0,0,0,0,0,0,0,1461808
20260421T172600Z,data/none_hard.txt,none,hard,63,..46..1....7....6.62...8.7..3..4..2.5..13....9.......6...8....9.8....4...5......8,23,full_solve_stats,enumerate_all,true,full_solve_stats,Unsolvable,Unsolvable,0,467,29283,59031,1240888,225220,89,1696053
20260421T172600Z,data/none_hard.txt,none,hard,64,........8..8....76.1..7.2.32........7...69......5...8...9158.4...64....74........,23,classify_up_to_two,classify,true,classify_up_to_two,Unsolvable,Unsolvable,0,0,0,0,0,0,0,115473
20260421T172600Z,data/none_hard.txt,none,hard,64,........8..8....76.1..7.2.32........7...69......5...8...9158.4...64....74........,23,solve_one,first,true,classify_up_to_two,Unsolvable,Unsolvable,0,0,0,0,0,0,0,114000
20260421T172600Z,data/none_hard.txt,none,hard,64,........8..8....76.1..7.2.32........7...69......5...8...9158.4...64....74........,23,full_solve_stats,enumerate_all,true,full_solve_stats,Unsolvable,Unsolvable,0,399,27439,21943,31024,14835,31,118169
20260421T172600Z,data/none_hard.txt,none,hard,65,.6..9.8....7..2.....5.4..7..34.....91...85..7.2.....4.....7..54...1........5..26.,24,classify_up_to_two,classify,true,classify_up_to_two,Unsolvable,Unsolvable,0,0,0,0,0,0,0,74872
20260421T172600Z,data/none_hard.txt,none,hard,65,.6..9.8....7..2.....5.4..7..34.....91...85..7.2.....4.....7..54...1........5..26.,24,solve_one,first,true,classify_up_to_two,Unsolvable,Unsolvable,0,0,0,0,0,0,0,68676
20260421T172600Z,data/none_hard.txt,none,hard,65,.6..9.8....7..2.....5.4..7..34.....91...85..7.2.....4.....7..54...1........5..26.,24,full_solve_stats,enumerate_all,true,full_solve_stats,Unsolvable,Unsolvable,0,391,25271,17784,13628,7909,29,80822
20260421T172600Z,data/none_hard.txt,none,hard,66,.4....56.8......31..1.432....8.17...2...3..1......5...9138...2.....9..8...4..6..7,27,classify_up_to_two,classify,true,classify_up_to_two,Unsolvable,Unsolvable,0,0,0,0,0,0,0,76314
20260421T172600Z,data/none_hard.txt,none,hard,66,.4....56.8......31..1.432....8.17...2...3..1......5...9138...2.....9..8...4..6..7,27,solve_one,first,true,classify_up_to_two,Unsolvable,Unsolvable,0,0,0,0,0,0,0,68819
20260421T172600Z,data/none_hard.txt,none,hard,66,.4....56.8......31..1.432....8.17...2...3..1......5...9138...2.....9..8...4..6..7,27,full_solve_stats,enumerate_all,true,full_solve_stats,Unsolvable,Unsolvable,0,431,43139,17787,1213,3206,29,68026
20260421T172600Z,data/none_hard.txt,none,hard,67,....19.2.4...2..6...93....7...2.3..517......9....9.3.4.96...83..5.6.............1,25,classify_up_to_two,classify,true,classify_up_to_two,Unsolvable,Unsolvable,0,0,0,0,0,0,0,93156
20260421T172600Z,data/none_hard.txt,none,hard,67,....19.2.4...2..6...93....7...2.3..517......9....9.3.4.96...83..5.6.............1,25,solve_one,first,true,classify_up_to_two,Unsolvable,Unsolvable,0,0,0,0,0,0,0,86680
20260421T172600Z,data/none_hard.txt,none,hard,67,....19.2.4...2..6...93....7...2.3..517......9....9.3.4.96...83..5.6.............1,25,full_solve_stats,enumerate_all,true,full_solve_stats,Unsolvable,Unsolvable,0,450,59663,19023,1375,2468,28,85003
20260421T172600Z,data/none_hard.txt,none,hard,68,...8.6.....8....5113..2...4..4..839....64...7.1.......569..4.7.873.5.............,26,classify_up_to_two,classify,true,classify_up_to_two,Unsolvable,Unsolvable,0,0,0,0,0,0,0,108792
20260421T172600Z,data/none_hard.txt,none,hard,68,...8.6.....8....5113..2...4..4..839....64...7.1.......569..4.7.873.5.............,26,solve_one,first,true,classify_up_to_two,Unsolvable,Unsolvable,0,0,0,0,0,0,0,99957
20260421T172600Z,data/none_hard.txt,none,hard,68,...8.6.....8....5113..2...4..4..839....64...7.1.......569..4.7.873.5.............,26,full_solve_stats,enumerate_all,true,full_solve_stats,Unsolvable,Unsolvable,0,446,18530,23893,32572,21662,30,116331
20260421T172600Z,data/none_hard.txt,none,hard,69,...384...34.7...1....6....5......5.1....38.2..6....74..26..........1....4.7...2..,23,classify_up_to_two,classify,true,classify_up_to_two,Unsolvable,Unsolvable,0,0,0,0,0,0,0,91124
20260421T172600Z,data/none_hard.txt,none,hard,69,...384...34.7...1....6....5......5.1....38.2..6....74..26..........1....4.7...2..,23,solve_one,first,true,classify_up_to_two,Unsolvable,Unsolvable,0,0,0,0,0,0,0,91819
20260421T172600Z,data/none_hard.txt,none,hard,69,...384...34.7...1....6....5......5.1....38.2..6....74..26..........1....4.7...2..,23,full_solve_stats,enumerate_all,true,full_solve_stats,Unsolvable,Unsolvable,0,444,35247,20790,15502,9139,44,97416
20260421T172600Z,data/none_hard.txt,none,hard,70,.2.............74.7..6...15347.528..2.98...........9..8..5..6......7...36.3..9..7,26,classify_up_to_two,classify,true,classify_up_to_two,Unsolvable,Unsolvable,0,0,0,0,0,0,0,183526
20260421T172600Z,data/none_hard.txt,none,hard,70,.2.............74.7..6...15347.528..2.98...........9..8..5..6......7...36.3..9..7,26,solve_one,first,true,classify_up_to_two,Unsolvable,Unsolvable,0,0,0,0,0,0,0,170408
20260421T172600Z,data/none_hard.txt,none,hard,70,.2.............74.7..6...15347.528..2.98...........9..8..5..6......7...36.3..9..7,26,full_solve_stats,enumerate_all,true,full_solve_stats,Unsolvable,Unsolvable,0,463,23902,24467,55703,28082,55,173651
20260421T172600Z,data/none_hard.txt,none,hard,71,..4.3.6....2.......6..218..9...83....2.4...........985........1....48253..52.7...,25,classify_up_to_two,classify,true,classify_up_to_two,Unsolvable,Unsolvable,0,0,0,0,0,0,0,80743
20260421T172600Z,data/none_hard.txt,none,hard,71,..4.3.6....2.......6..218..9...83....2.4...........985........1....48253..52.7...,25,solve_one,first,true,classify_up_to_two,Unsolvable,Unsolvable,0,0,0,0,0,0,0,58759
20260421T172600Z,data/none_hard.txt,none,hard,71,..4.3.6....2.......6..218..9...83....2.4...........985........1....48253..52.7...,25,full_solve_stats,enumerate_all,true,full_solve_stats,Unsolvable,Unsolvable,0,260,11952,16445,11615,10200,19,67155
20260421T172600Z,data/none_hard.txt,none,hard,72,35....7.9.9.4...8...1...6.......89..5..9.7..1..6.1..75.......9....793....4....1..,25,classify_up_to_two,classify,true,classify_up_to_two,Unsolvable,Unsolvable,0,0,0,0,0,0,0,64762
20260421T172600Z,data/none_hard.txt,none,hard,72,35....7.9.9.4...8...1...6.......89..5..9.7..1..6.1..75.......9....793....4....1..,25,solve_one,first,true,classify_up_to_two,Unsolvable,Unsolvable,0,0,0,0,0,0,0,46007
20260421T172600Z,data/none_hard.txt,none,hard,72,35....7.9.9.4...8...1...6.......89..5..9.7..1..6.1..75.......9....793....4....1..,25,full_solve_stats,enumerate_all,true,full_solve_stats,Unsolvable,Unsolvable,0,273,20733,12978,1124,2154,22,39144
20260421T172600Z,data/none_hard.txt,none,hard,73,...8....9.....1..47..5..1..6.5....4..493.5..7.3.4...6..937......7.....51.....29..,26,classify_up_to_two,classify,true,classify_up_to_two,Unsolvable,Unsolvable,0,0,0,0,0,0,0,84882
20260421T172600Z,data/none_hard.txt,none,hard,73,...8....9.....1..47..5..1..6.5....4..493.5..7.3.4...6..937......7.....51.....29..,26,solve_one,first,true,classify_up_to_two,Unsolvable,Unsolvable,0,0,0,0,0,0,0,69458
20260421T172600Z,data/none_hard.txt,none,hard,73,...8....9.....1..47..5..1..6.5....4..493.5..7.3.4...6..937......7.....51.....29..,26,full_solve_stats,enumerate_all,true,full_solve_stats,Unsolvable,Unsolvable,0,268,7708,20685,24569,10541,23,81989
20260421T172600Z,data/none_hard.txt,none,hard,74,.4..5.6....97184.......4...936....1..........2.8...94....3....2..7..95..16.2.....,25,classify_up_to_two,classify,true,classify_up_to_two,Unsolvable,Unsolvable,0,0,0,0,0,0,0,164894
20260421T172600Z,data/none_hard.txt,none,hard,74,.4..5.6....97184.......4...936....1..........2.8...94....3....2..7..95..16.2.....,25,solve_one,first,true,classify_up_to_two,Unsolvable,Unsolvable,0,0,0,0,0,0,0,155335
20260421T172600Z,data/none_hard.txt,none,hard,74,.4..5.6....97184.......4...936....1..........2.8...94....3....2..7..95..16.2.....,25,full_solve_stats,enumerate_all,true,full_solve_stats,Unsolvable,Unsolvable,0,319,9364,35005,57689,29400,56,167508
20260421T172600Z,data/none_hard.txt,none,hard,75,.8..9.5...7.....62.64..81.............5...7.173..52......93...62485...9......4...,26,classify_up_to_two,classify,true,classify_up_to_two,Unsolvable,Unsolvable,0,0,0,0,0,0,0,63769
20260421T172600Z,data/none_hard.txt,none,hard,75,.8..9.5...7.....62.64..81.............5...7.173..52......93...62485...9......4...,26,solve_one,first,true,classify_up_to_two,Unsolvable,Unsolvable,0,0,0,0,0,0,0,50405
20260421T172600Z,data/none_hard.txt,none,hard,75,.8..9.5...7.....62.64..81.............5...7.173..52......93...62485...9......4...,26,full_solve_stats,enumerate_all,true,full_solve_stats,Unsolvable,Unsolvable,0,254,13381,17155,11437,6167,25,71464
20260421T172600Z,data/none_hard.txt,none,hard,76,.93...........16..1....58....9.....7.64....2..75..3......418.7...7.2...9....9.1.8,25,classify_up_to_two,classify,true,classify_up_to_two,Unsolvable,Unsolvable,0,0,0,0,0,0,0,63013
20260421T172600Z,data/none_hard.txt,none,hard,76,.93...........16..1....58....9.....7.64....2..75..3......418.7...7.2...9....9.1.8,25,solve_one,first,true,classify_up_to_two,Unsolvable,Unsolvable,0,0,0,0,0,0,0,46588
20260421T172600Z,data/none_hard.txt,none,hard,76,.93...........16..1....58....9.....7.64....2..75..3......418.7...7.2...9....9.1.8,25,full_solve_stats,enumerate_all,true,full_solve_stats,Unsolvable,Unsolvable,0,176,5657,16200,13374,5888,19,54161
20260421T172600Z,data/none_hard.txt,none,hard,77,..71....51...45....4.8.....3...6..1.....2...861......7........2.....347.794.58...,25,classify_up_to_two,classify,true,classify_up_to_two,Unsolvable,Unsolvable,0,0,0,0,0,0,0,119547
20260421T172600Z,data/none_hard.txt,none,hard,77,..71....51...45....4.8.....3...6..1.....2...861......7........2.....347.794.58...,25,solve_one,first,true,classify_up_to_two,Unsolvable,Unsolvable,0,0,0,0,0,0,0,102564
20260421T172600Z,data/none_hard.txt,none,hard,77,..71....51...45....4.8.....3...6..1.....2...861......7........2.....347.794.58...,25,full_solve_stats,enumerate_all,true,full_solve_stats,Unsolvable,Unsolvable,0,252,8582,18906,50816,20804,19,123608
20260421T172600Z,data/none_hard.txt,none,hard,78,.4.......2..5.......7.3..56....98..41.....72.7...2...14.8..6....259..4..9.....1..,25,classify_up_to_two,classify,true,classify_up_to_two,Unsolvable,Unsolvable,0,0,0,0,0,0,0,67028
20260421T172600Z,data/none_hard.txt,none,hard,78,.4.......2..5.......7.3..56....98..41.....72.7...2...14.8..6....259..4..9.....1..,25,solve_one,first,true,classify_up_to_two,Unsolvable,Unsolvable,0,0,0,0,0,0,0,58052
20260421T172600Z,data/none_hard.txt,none,hard,78,.4.......2..5.......7.3..56....98..41.....72.7...2...14.8..6....259..4..9.....1..,25,full_solve_stats,enumerate_all,true,full_solve_stats,Unsolvable,Unsolvable,0,218,10097,18662,12253,6170,19,65061
20260421T172600Z,data/none_hard.txt,none,hard,79,79....8...8....95..2..8...65..3..2...37..5......14....16......9...5...3....47...2,25,classify_up_to_two,classify,true,classify_up_to_two,Unsolvable,Unsolvable,0,0,0,0,0,0,0,49377
20260421T172600Z,data/none_hard.txt,none,hard,79,79....8...8....95..2..8...65..3..2...37..5......14....16......9...5...3....47...2,25,solve_one,first,true,classify_up_to_two,Unsolvable,Unsolvable,0,0,0,0,0,0,0,38987
20260421T172600Z,data/none_hard.txt,none,hard,79,79....8...8....95..2..8...65..3..2...37..5......14....16......9...5...3....47...2,25,full_solve_stats,enumerate_all,true,full_solve_stats,Unsolvable,Unsolvable,0,276,17197,19153,2002,3873,54,44990
20260421T172600Z,data/none_hard.txt,none,hard,80,....2.4.56.9.....87..84..1...1..3..6..32..75.5..6........97.........6.2.8...5....,25,classify_up_to_two,classify,true,classify_up_to_two,Unsolvable,Unsolvable,0,0,0,0,0,0,0,54868
20260421T172600Z,data/none_hard.txt,none,hard,80,....2.4.56.9.....87..84..1...1..3..6..32..75.5..6........97.........6.2.8...5....,25,solve_one,first,true,classify_up_to_two,Unsolvable,Unsolvable,0,0,0,0,0,0,0,35829
20260421T172600Z,data/none_hard.txt,none,hard,80,....2.4.56.9.....87..84..1...1..3..6..32..75.5..6........97.........6.2.8...5....,25,full_solve_stats,enumerate_all,true,full_solve_stats,Unsolvable,Unsolvable,0,385,14007,17408,557,1534,36,35403
20260421T172600Z,data/none_hard.txt,none,hard,81,3....75....2.8.....5.96............18..3..74..9...185.4.875.2...3...96.5.6.......,27,classify_up_to_two,classify,true,classify_up_to_two,Unsolvable,Unsolvable,0,0,0,0,0,0,0,139183
20260421T172600Z,data/none_hard.txt,none,hard,81,3....75....2.8.....5.96............18..3..74..9...185.4.875.2...3...96.5.6.......,27,solve_one,first,true,classify_up_to_two,Unsolvable,Unsolvable,0,0,0,0,0,0,0,118933
20260421T172600Z,data/none_hard.txt,none,hard,81,3....75....2.8.....5.96............18..3..74..9...185.4.875.2...3...96.5.6.......,27,full_solve_stats,enumerate_all,true,full_solve_stats,Unsolvable,Unsolvable,0,280,4980,35969,49915,25748,20,135546
20260421T172600Z,data/none_hard.txt,none,hard,82,.1...6.....6187.5.3........6...9...5583.6..9...9.38.7.........725.....4.7.....1.8,27,classify_up_to_two,classify,true,classify_up_to_two,Unsolvable,Unsolvable,0,0,0,0,0,0,0,79554
20260421T172600Z,data/none_hard.txt,none,hard,82,.1...6.....6187.5.3........6...9...5583.6..9...9.38.7.........725.....4.7.....1.8,27,solve_one,first,true,classify_up_to_two,Unsolvable,Unsolvable,0,0,0,0,0,0,0,65556
20260421T172600Z,data/none_hard.txt,none,hard,82,.1...6.....6187.5.3........6...9...5583.6..9...9.38.7.........725.....4.7.....1.8,27,full_solve_stats,enumerate_all,true,full_solve_stats,Unsolvable,Unsolvable,0,209,7659,17129,30958,9178,20,88454
20260421T172600Z,data/none_hard.txt,none,hard,83,.3..8........3.2.64...59...8..4...9....7.......2..5..7..1..6.49.47.....1.....36..,24,classify_up_to_two,classify,true,classify_up_to_two,Unsolvable,Unsolvable,0,0,0,0,0,0,0,44175
20260421T172600Z,data/none_hard.txt,none,hard,83,.3..8........3.2.64...59...8..4...9....7.......2..5..7..1..6.49.47.....1.....36..,24,solve_one,first,true,classify_up_to_two,Unsolvable,Unsolvable,0,0,0,0,0,0,0,30843
20260421T172600Z,data/none_hard.txt,none,hard,83,.3..8........3.2.64...59...8..4...9....7.......2..5..7..1..6.49.47.....1.....36..,24,full_solve_stats,enumerate_all,true,full_solve_stats,Unsolvable,Unsolvable,0,244,12554,17124,1171,2598,38,35665
20260421T172600Z,data/none_hard.txt,none,hard,84,3.2......7.5.9...6..8..6.12....5.3.9.......8....7.31..83.5..2....76.....5.......7,25,classify_up_to_two,classify,true,classify_up_to_two,Unsolvable,Unsolvable,0,0,0,0,0,0,0,122517
20260421T172600Z,data/none_hard.txt,none,hard,84,3.2......7.5.9...6..8..6.12....5.3.9.......8....7.31..83.5..2....76.....5.......7,25,solve_one,first,true,classify_up_to_two,Unsolvable,Unsolvable,0,0,0,0,0,0,0,109616
20260421T172600Z,data/none_hard.txt,none,hard,84,3.2......7.5.9...6..8..6.12....5.3.9.......8....7.31..83.5..2....76.....5.......7,25,full_solve_stats,enumerate_all,true,full_solve_stats,Unsolvable,Unsolvable,0,412,21044,22653,40671,24834,28,141904
20260421T172600Z,data/none_hard.txt,none,hard,85,.....1.3....4....7.79...6.....6.8....2.94....4......1.......1....8..725.2.6.3..79,24,classify_up_to_two,classify,true,classify_up_to_two,Unsolvable,Unsolvable,0,0,0,0,0,0,0,189668
20260421T172600Z,data/none_hard.txt,none,hard,85,.....1.3....4....7.79...6.....6.8....2.94....4......1.......1....8..725.2.6.3..79,24,solve_one,first,true,classify_up_to_two,Unsolvable,Unsolvable,0,0,0,0,0,0,0,175081
20260421T172600Z,data/none_hard.txt,none,hard,85,.....1.3....4....7.79...6.....6.8....2.94....4......1.......1....8..725.2.6.3..79,24,full_solve_stats,enumerate_all,true,full_solve_stats,Unsolvable,Unsolvable,0,397,15687,22541,85596,42101,27,210791
20260421T172600Z,data/none_hard.txt,none,hard,86,8...3.4.1.752......1...9..........47.....3.6978....52.5...........5...32.36.4..5.,26,classify_up_to_two,classify,true,classify_up_to_two,Unsolvable,Unsolvable,0,0,0,0,0,0,0,146585
20260421T172600Z,data/none_hard.txt,none,hard,86,8...3.4.1.752......1...9..........47.....3.6978....52.5...........5...32.36.4..5.,26,solve_one,first,true,classify_up_to_two,Unsolvable,Unsolvable,0,0,0,0,0,0,0,142576
20260421T172600Z,data/none_hard.txt,none,hard,86,8...3.4.1.752......1...9..........47.....3.6978....52.5...........5...32.36.4..5.,26,full_solve_stats,enumerate_all,true,full_solve_stats,Unsolvable,Unsolvable,0,386,22039,21827,55487,29356,29,160721
20260421T172600Z,data/none_hard.txt,none,hard,87,..5.....8.1.639.....2.1.......7...46.39....7.....2.3.....8...514.3.7......6......,23,classify_up_to_two,classify,true,classify_up_to_two,Unsolvable,Unsolvable,0,0,0,0,0,0,0,97886
20260421T172600Z,data/none_hard.txt,none,hard,87,..5.....8.1.639.....2.1.......7...46.39....7.....2.3.....8...514.3.7......6......,23,solve_one,first,true,classify_up_to_two,Unsolvable,Unsolvable,0,0,0,0,0,0,0,89198
20260421T172600Z,data/none_hard.txt,none,hard,87,..5.....8.1.639.....2.1.......7...46.39....7.....2.3.....8...514.3.7......6......,23,full_solve_stats,enumerate_all,true,full_solve_stats,Unsolvable,Unsolvable,0,402,30223,20340,21728,12809,52,105493
20260421T172600Z,data/none_hard.txt,none,hard,88,.....92.58...32..15...87.9.6....3..89.......6....7..5...4........13....9.6..41..2,26,classify_up_to_two,classify,true,classify_up_to_two,Unsolvable,Unsolvable,0,0,0,0,0,0,0,253959
20260421T172600Z,data/none_hard.txt,none,hard,88,.....92.58...32..15...87.9.6....3..89.......6....7..5...4........13....9.6..41..2,26,solve_one,first,true,classify_up_to_two,Unsolvable,Unsolvable,0,0,0,0,0,0,0,240121
20260421T172600Z,data/none_hard.txt,none,hard,88,.....92.58...32..15...87.9.6....3..89.......6....7..5...4........13....9.6..41..2,26,full_solve_stats,enumerate_all,true,full_solve_stats,Unsolvable,Unsolvable,0,389,23960,165675,131802,36508,29,403292
20260421T172600Z,data/none_hard.txt,none,hard,89,8.674...5..3.......12....47...5.....5.9.6.........1.2....1...5...78....945...93..,25,classify_up_to_two,classify,true,classify_up_to_two,Unsolvable,Unsolvable,0,0,0,0,0,0,0,174870
20260421T172600Z,data/none_hard.txt,none,hard,89,8.674...5..3.......12....47...5.....5.9.6.........1.2....1...5...78....945...93..,25,solve_one,first,true,classify_up_to_two,Unsolvable,Unsolvable,0,0,0,0,0,0,0,113439
20260421T172600Z,data/none_hard.txt,none,hard,89,8.674...5..3.......12....47...5.....5.9.6.........1.2....1...5...78....945...93..,25,full_solve_stats,enumerate_all,true,full_solve_stats,Unsolvable,Unsolvable,0,314,10595,20041,46071,11914,24,117738
20260421T172600Z,data/none_hard.txt,none,hard,90,...92...4...5..92.....6..3.8..4....66......72.5.....8..86..9...51.3.4.....91....7,26,classify_up_to_two,classify,true,classify_up_to_two,Unsolvable,Unsolvable,0,0,0,0,0,0,0,53455
20260421T172600Z,data/none_hard.txt,none,hard,90,...92...4...5..92.....6..3.8..4....66......72.5.....8..86..9...51.3.4.....91....7,26,solve_one,first,true,classify_up_to_two,Unsolvable,Unsolvable,0,0,0,0,0,0,0,39033
20260421T172600Z,data/none_hard.txt,none,hard,90,...92...4...5..92.....6..3.8..4....66......72.5.....8..86..9...51.3.4.....91....7,26,full_solve_stats,enumerate_all,true,full_solve_stats,Unsolvable,Unsolvable,0,314,17988,18403,1066,2541,41,42313
20260421T172600Z,data/none_hard.txt,none,hard,91,....839.........5.9.65..2.3..9.6.8.4.1..7...6.2.9........8.7.....4.....95......6.,24,classify_up_to_two,classify,true,classify_up_to_two,Unsolvable,Unsolvable,0,0,0,0,0,0,0,80251
20260421T172600Z,data/none_hard.txt,none,hard,91,....839.........5.9.65..2.3..9.6.8.4.1..7...6.2.9........8.7.....4.....95......6.,24,solve_one,first,true,classify_up_to_two,Unsolvable,Unsolvable,0,0,0,0,0,0,0,73663
20260421T172600Z,data/none_hard.txt,none,hard,91,....839.........5.9.65..2.3..9.6.8.4.1..7...6.2.9........8.7.....4.....95......6.,24,full_solve_stats,enumerate_all,true,full_solve_stats,Unsolvable,Unsolvable,0,380,47204,17153,1080,2292,27,69886
20260421T172600Z,data/none_hard.txt,none,hard,92,........8..1.4.7...58.71...93.26......7..5.86.......9....958.7......3....96.....3,25,classify_up_to_two,classify,true,classify_up_to_two,Unsolvable,Unsolvable,0,0,0,0,0,0,0,91464
20260421T172600Z,data/none_hard.txt,none,hard,92,........8..1.4.7...58.71...93.26......7..5.86.......9....958.7......3....96.....3,25,solve_one,first,true,classify_up_to_two,Unsolvable,Unsolvable,0,0,0,0,0,0,0,77919
20260421T172600Z,data/none_hard.txt,none,hard,92,........8..1.4.7...58.71...93.26......7..5.86.......9....958.7......3....96.....3,25,full_solve_stats,enumerate_all,true,full_solve_stats,Unsolvable,Unsolvable,0,446,35991,19123,11592,6121,30,93992
20260421T172600Z,data/none_hard.txt,none,hard,93,.......651.....7....7.5.9...8.2.1379.....912...........23......6..7...92....9653.,26,classify_up_to_two,classify,true,classify_up_to_two,Unsolvable,Unsolvable,0,0,0,0,0,0,0,97746
20260421T172600Z,data/none_hard.txt,none,hard,93,.......651.....7....7.5.9...8.2.1379.....912...........23......6..7...92....9653.,26,solve_one,first,true,classify_up_to_two,Unsolvable,Unsolvable,0,0,0,0,0,0,0,88987
20260421T172600Z,data/none_hard.txt,none,hard,93,.......651.....7....7.5.9...8.2.1379.....912...........23......6..7...92....9653.,26,full_solve_stats,enumerate_all,true,full_solve_stats,Unsolvable,Unsolvable,0,415,31181,20830,20348,9964,30,97905
20260421T172600Z,data/none_hard.txt,none,hard,94,....5..4...3.4.2.....6..5..2.5.....64...7.3.97.9..1.2.6.......89.21...5......9...,25,classify_up_to_two,classify,true,classify_up_to_two,Unsolvable,Unsolvable,0,0,0,0,0,0,0,112840
20260421T172600Z,data/none_hard.txt,none,hard,94,....5..4...3.4.2.....6..5..2.5.....64...7.3.97.9..1.2.6.......89.21...5......9...,25,solve_one,first,true,classify_up_to_two,Unsolvable,Unsolvable,0,0,0,0,0,0,0,104229
20260421T172600Z,data/none_hard.txt,none,hard,94,....5..4...3.4.2.....6..5..2.5.....64...7.3.97.9..1.2.6.......89.21...5......9...,25,full_solve_stats,enumerate_all,true,full_solve_stats,Unsolvable,Unsolvable,0,388,34226,19049,38400,15451,19,123406
20260421T172600Z,data/none_hard.txt,none,hard,95,2.....69......9....3...57..4.8.5......73.61..39.4.85.6....4...18.6..........72...,26,classify_up_to_two,classify,true,classify_up_to_two,Unsolvable,Unsolvable,0,0,0,0,0,0,0,65088
20260421T172600Z,data/none_hard.txt,none,hard,95,2.....69......9....3...57..4.8.5......73.61..39.4.85.6....4...18.6..........72...,26,solve_one,first,true,classify_up_to_two,Unsolvable,Unsolvable,0,0,0,0,0,0,0,50061
20260421T172600Z,data/none_hard.txt,none,hard,95,2.....69......9....3...57..4.8.5......73.61..39.4.85.6....4...18.6..........72...,26,full_solve_stats,enumerate_all,true,full_solve_stats,Unsolvable,Unsolvable,0,183,8949,16862,8740,4957,19,51109
20260421T172600Z,data/none_hard.txt,none,hard,96,.19....3......7....68.9.....762....39..3...2.....1679...3.4.9...2.....1.6.7....85,27,classify_up_to_two,classify,true,classify_up_to_two,Unsolvable,Unsolvable,0,0,0,0,0,0,0,46678
20260421T172600Z,data/none_hard.txt,none,hard,96,.19....3......7....68.9.....762....39..3...2.....1679...3.4.9...2.....1.6.7....85,27,solve_one,first,true,classify_up_to_two,Unsolvable,Unsolvable,0,0,0,0,0,0,0,36899
20260421T172600Z,data/none_hard.txt,none,hard,96,.19....3......7....68.9.....762....39..3...2.....1679...3.4.9...2.....1.6.7....85,27,full_solve_stats,enumerate_all,true,full_solve_stats,Unsolvable,Unsolvable,0,262,13354,16442,725,1588,23,33966
20260421T172600Z,data/none_hard.txt,none,hard,97,...16.32..59.3..87.4..7....4......9.1....9.7.5.6...4......9..16......8...3.8...5.,26,classify_up_to_two,classify,true,classify_up_to_two,Unsolvable,Unsolvable,0,0,0,0,0,0,0,45737
20260421T172600Z,data/none_hard.txt,none,hard,97,...16.32..59.3..87.4..7....4......9.1....9.7.5.6...4......9..16......8...3.8...5.,26,solve_one,first,true,classify_up_to_two,Unsolvable,Unsolvable,0,0,0,0,0,0,0,34406
20260421T172600Z,data/none_hard.txt,none,hard,97,...16.32..59.3..87.4..7....4......9.1....9.7.5.6...4......9..16......8...3.8...5.,26,full_solve_stats,enumerate_all,true,full_solve_stats,Unsolvable,Unsolvable,0,282,7715,16965,4827,2696,19,40290
20260421T172600Z,data/none_hard.txt,none,hard,98,6....519.2..4...78..8.1.5...7.......5....26...1.5.3.2...1.682..4...........3.1...,26,classify_up_to_two,classify,true,classify_up_to_two,Unsolvable,Unsolvable,0,0,0,0,0,0,0,47950
20260421T172600Z,data/none_hard.txt,none,hard,98,6....519.2..4...78..8.1.5...7.......5....26...1.5.3.2...1.682..4...........3.1...,26,solve_one,first,true,classify_up_to_two,Unsolvable,Unsolvable,0,0,0,0,0,0,0,36820
20260421T172600Z,data/none_hard.txt,none,hard,98,6....519.2..4...78..8.1.5...7.......5....26...1.5.3.2...1.682..4...........3.1...,26,full_solve_stats,enumerate_all,true,full_solve_stats,Unsolvable,Unsolvable,0,298,16021,16688,607,1419,25,36338
20260421T172600Z,data/none_hard.txt,none,hard,99,...........6.3.1.8..8.54..761...3......47...97...8.3.63.1..7.9..5.......9..6.25..,27,classify_up_to_two,classify,true,classify_up_to_two,Unsolvable,Unsolvable,0,0,0,0,0,0,0,41765
20260421T172600Z,data/none_hard.txt,none,hard,99,...........6.3.1.8..8.54..761...3......47...97...8.3.63.1..7.9..5.......9..6.25..,27,solve_one,first,true,classify_up_to_two,Unsolvable,Unsolvable,0,0,0,0,0,0,0,31508
20260421T172600Z,data/none_hard.txt,none,hard,99,...........6.3.1.8..8.54..761...3......47...97...8.3.63.1..7.9..5.......9..6.25..,27,full_solve_stats,enumerate_all,true,full_solve_stats,Unsolvable,Unsolvable,0,268,10817,17355,1270,2216,24,33835
